time,kinetic_energy,potential_energy,total_energy
0.0000,0.000351,0.846666,0.847018
0.0200,0.003156,0.843861,0.847017
0.0400,0.008742,0.838274,0.847016
0.0500,0.012564,0.834451,0.847016
0.0700,0.022229,0.824786,0.847015
0.0900,0.034516,0.812497,0.847013
0.1000,0.041612,0.805400,0.847012
0.1200,0.057637,0.789373,0.847010
0.1400,0.075993,0.771015,0.847008
0.1500,0.085999,0.761007,0.847006
0.1700,0.107565,0.739439,0.847004
0.1900,0.131054,0.715947,0.847001
0.2000,0.143461,0.703538,0.846999
0.2200,0.169476,0.677520,0.846996
0.2400,0.196916,0.650076,0.846993
0.2500,0.211102,0.635888,0.846991
0.2700,0.240267,0.606720,0.846987
0.2900,0.270295,0.576689,0.846983
0.3000,0.285559,0.561423,0.846982
0.3200,0.316438,0.530540,0.846978
0.3400,0.347584,0.499390,0.846974
0.3500,0.363182,0.483790,0.846972
0.3700,0.394278,0.452691,0.846968
0.3900,0.425040,0.421925,0.846965
0.4000,0.440223,0.406740,0.846963
0.4200,0.470046,0.376913,0.846959
0.4400,0.498959,0.347996,0.846956
0.4500,0.513006,0.333948,0.846954
0.4700,0.540148,0.306803,0.846951
0.4900,0.565854,0.281094,0.846948
0.5000,0.578108,0.268839,0.846946
0.5200,0.601306,0.245638,0.846943
0.5400,0.622618,0.224323,0.846941
0.5500,0.632518,0.214422,0.846940
0.5700,0.650722,0.196216,0.846938
0.5900,0.666695,0.180241,0.846936
0.6000,0.673811,0.173124,0.846935
0.6200,0.686250,0.160684,0.846934
0.6400,0.696241,0.150692,0.846933
0.6500,0.700304,0.146629,0.846933
0.6700,0.706545,0.140387,0.846933
0.6900,0.710272,0.136661,0.846933
0.7100,0.711502,0.135431,0.846934
0.7200,0.711194,0.135740,0.846934
0.7400,0.708772,0.138164,0.846936
0.7600,0.704013,0.142925,0.846937
0.7700,0.700790,0.146148,0.846938
0.7900,0.692738,0.154202,0.846941
0.8100,0.682666,0.164277,0.846943
0.8200,0.676924,0.170021,0.846945
0.8400,0.664138,0.182810,0.846948
0.8600,0.649779,0.197173,0.846951
0.8700,0.642074,0.204880,0.846953
0.8900,0.625747,0.221210,0.846957
0.9100,0.608384,0.238577,0.846961
0.9200,0.599385,0.247578,0.846963
0.9400,0.580894,0.266073,0.846967
0.9600,0.561937,0.285033,0.846971
0.9700,0.552355,0.294618,0.846972
0.9900,0.533117,0.313859,0.846976
1.0100,0.513957,0.333023,0.846979
1.0200,0.504468,0.342513,0.846981
1.0400,0.485789,0.361195,0.846984
1.0600,0.467648,0.379339,0.846987
1.0700,0.458828,0.388160,0.846988
1.0900,0.441772,0.405218,0.846990
1.1100,0.425592,0.421400,0.846992
1.1200,0.417861,0.429131,0.846993
1.1400,0.403166,0.443828,0.846994
1.1500,0.396216,0.450778,0.846994
1.1700,0.383139,0.463855,0.846995
1.1900,0.371181,0.475814,0.846995
1.2000,0.365623,0.481371,0.846995
1.2200,0.355348,0.491647,0.846995
1.2400,0.346172,0.500823,0.846994
1.2500,0.341985,0.505008,0.846994
1.2700,0.334389,0.512604,0.846993
1.2900,0.327780,0.519212,0.846992
1.3000,0.324827,0.522165,0.846991
1.3200,0.319581,0.527410,0.846990
1.3400,0.315155,0.531834,0.846989
1.3500,0.313227,0.533762,0.846988
1.3700,0.309892,0.537096,0.846987
1.3900,0.307190,0.539796,0.846986
1.4000,0.306053,0.540933,0.846985
1.4200,0.304162,0.542822,0.846984
1.4400,0.302726,0.544257,0.846983
1.4500,0.302158,0.544824,0.846983
1.4700,0.301285,0.545697,0.846982
1.4900,0.300715,0.546266,0.846981
1.5000,0.300528,0.546452,0.846981
1.5200,0.300324,0.546657,0.846980
1.5400,0.300311,0.546668,0.846980
1.5500,0.300367,0.546613,0.846979
1.5700,0.300584,0.546395,0.846979
1.5900,0.300924,0.546055,0.846979
1.6000,0.301134,0.545845,0.846979
1.6200,0.301630,0.545349,0.846979
1.6400,0.302218,0.544761,0.846979
1.6500,0.302546,0.544433,0.846979
1.6700,0.303271,0.543708,0.846979
1.6900,0.304092,0.542887,0.846979
1.7000,0.304541,0.542438,0.846979
1.7200,0.305524,0.541455,0.846979
1.7400,0.306631,0.540348,0.846980
1.7500,0.307236,0.539744,0.846980
1.7700,0.308560,0.538420,0.846980
1.7900,0.310049,0.536931,0.846980
1.8000,0.310863,0.536118,0.846981
1.8200,0.312637,0.534344,0.846981
1.8400,0.314625,0.532356,0.846981
1.8500,0.315704,0.531277,0.846981
1.8700,0.318044,0.528938,0.846982
1.8900,0.320637,0.526344,0.846982
1.9000,0.322033,0.524949,0.846982
1.9200,0.325030,0.521952,0.846982
1.9400,0.328307,0.518675,0.846982
1.9500,0.330052,0.516930,0.846982
1.9700,0.333756,0.513226,0.846982
1.9900,0.337745,0.509236,0.846982
2.0000,0.339845,0.507136,0.846982
2.0200,0.344250,0.502731,0.846982
2.0400,0.348919,0.498062,0.846981
2.0500,0.351347,0.495634,0.846981
2.0700,0.356380,0.490601,0.846981
2.0900,0.361628,0.485352,0.846980
2.1000,0.364325,0.482655,0.846980
2.1200,0.369847,0.477133,0.846979
2.1400,0.375510,0.471469,0.846979
2.1500,0.378385,0.468594,0.846978
2.1700,0.384195,0.462782,0.846978
2.1900,0.390056,0.456921,0.846977
2.2000,0.392992,0.453984,0.846977
2.2200,0.398850,0.448126,0.846976
2.2400,0.404652,0.442323,0.846975
2.2600,0.410356,0.436618,0.846974
2.2700,0.413158,0.433816,0.846974
2.2900,0.418634,0.428340,0.846973
2.3100,0.423905,0.423067,0.846973
2.3200,0.426452,0.420520,0.846972
2.3400,0.431344,0.415628,0.846972
2.3600,0.435938,0.411033,0.846971
2.3700,0.438112,0.408858,0.846971
2.3900,0.442200,0.404770,0.846970
2.4100,0.445916,0.401054,0.846970
2.4200,0.447628,0.399341,0.846970
2.4400,0.450749,0.396221,0.846969
2.4600,0.453453,0.393516,0.846969
2.4700,0.454646,0.392323,0.846969
2.4900,0.456710,0.390259,0.846969
2.5100,0.458345,0.388625,0.846969
2.5200,0.459002,0.387967,0.846969
2.5400,0.460001,0.386968,0.846969
2.5600,0.460590,0.386380,0.846969
2.5700,0.460735,0.386235,0.846970
2.5900,0.460740,0.386230,0.846970
2.6100,0.460382,0.386588,0.846970
2.6200,0.460075,0.386895,0.846971
2.6400,0.459224,0.387747,0.846971
2.6600,0.458082,0.388889,0.846972
2.6700,0.457412,0.389559,0.846972
2.6900,0.455896,0.391076,0.846972
2.7100,0.454175,0.392798,0.846973
2.7200,0.453249,0.393724,0.846973
2.7400,0.451288,0.395686,0.846974
2.7600,0.449212,0.397762,0.846974
2.7700,0.448142,0.398832,0.846975
2.7900,0.445961,0.401014,0.846975
2.8100,0.443751,0.403224,0.846976
2.8200,0.442645,0.404330,0.846976
2.8400,0.440451,0.406525,0.846976
2.8600,0.438302,0.408675,0.846977
2.8700,0.437252,0.409725,0.846977
2.8900,0.435214,0.411763,0.846977
2.9100,0.433277,0.413700,0.846977
2.9200,0.432350,0.414627,0.846977
2.9400,0.430590,0.416387,0.846977
2.9600,0.428962,0.418015,0.846977
2.9700,0.428200,0.418777,0.846977
2.9900,0.426781,0.420196,0.846977
3.0100,0.425504,0.421473,0.846977
3.0200,0.424919,0.422059,0.846977
3.0400,0.423850,0.423127,0.846977
3.0600,0.422914,0.424064,0.846977
3.0700,0.422492,0.424485,0.846977
3.0900,0.421736,0.425241,0.846977
3.1100,0.421086,0.425891,0.846977
3.1200,0.420797,0.426180,0.846976
3.1400,0.420281,0.426695,0.846976
3.1600,0.419836,0.427140,0.846976
3.1700,0.419636,0.427340,0.846976
3.1900,0.419269,0.427706,0.846975
3.2100,0.418936,0.428039,0.846975
3.2200,0.418777,0.428198,0.846975
3.2400,0.418467,0.428507,0.846975
3.2600,0.418156,0.428819,0.846975
3.2700,0.417996,0.428978,0.846975
3.2900,0.417662,0.429313,0.846974
3.3100,0.417300,0.429674,0.846974
3.3200,0.417106,0.429868,0.846974
3.3400,0.416690,0.430284,0.846974
3.3600,0.416232,0.430742,0.846974
3.3700,0.415987,0.430987,0.846974
3.3900,0.415463,0.431511,0.846974
3.4100,0.414896,0.432078,0.846974
3.4200,0.414597,0.432377,0.846974
3.4400,0.413971,0.433003,0.846974
3.4600,0.413313,0.433662,0.846974
3.4700,0.412974,0.434001,0.846974
3.4900,0.412282,0.434693,0.846975
3.5100,0.411578,0.435397,0.846975
3.5200,0.411225,0.435750,0.846975
3.5400,0.410524,0.436451,0.846975
3.5600,0.409838,0.437137,0.846975
3.5700,0.409505,0.437470,0.846975
3.5900,0.408864,0.438111,0.846975
3.6100,0.408268,0.438708,0.846976
3.6200,0.407990,0.438986,0.846976
3.6400,0.407480,0.439496,0.846976
3.6600,0.407040,0.439936,0.846976
3.6700,0.406849,0.440127,0.846976
3.6900,0.406530,0.440447,0.846976
3.7100,0.406300,0.440677,0.846976
3.7200,0.406220,0.440756,0.846976
3.7400,0.406133,0.440843,0.846976
3.7600,0.406146,0.440831,0.846976
3.7700,0.406190,0.440787,0.846976
3.7900,0.406353,0.440623,0.846976
3.8100,0.406616,0.440360,0.846976
3.8200,0.406785,0.440191,0.846976
3.8400,0.407193,0.439783,0.846976
3.8600,0.407692,0.439284,0.846976
3.8700,0.407974,0.439002,0.846976
3.8900,0.408599,0.438377,0.846976
3.9100,0.409300,0.437675,0.846976
3.9200,0.409677,0.437299,0.846976
3.9400,0.410478,0.436497,0.846975
3.9600,0.411336,0.435639,0.846975
3.9700,0.411784,0.435191,0.846975
3.9900,0.412714,0.434262,0.846975
4.0100,0.413681,0.433294,0.846975
4.0200,0.414176,0.432799,0.846975
4.0400,0.415187,0.431788,0.846975
4.0600,0.416220,0.430755,0.846975
4.0700,0.416742,0.430233,0.846975
4.0900,0.417796,0.429178,0.846975
4.1100,0.418859,0.428115,0.846975
4.1200,0.419393,0.427581,0.846975
4.1400,0.420463,0.426512,0.846975
4.1600,0.421534,0.425441,0.846975
4.1700,0.422069,0.424906,0.846974
4.1900,0.423137,0.423838,0.846974
4.2100,0.424201,0.422774,0.846974
4.2200,0.424731,0.422244,0.846974
4.2400,0.425786,0.421188,0.846974
4.2600,0.426834,0.420140,0.846974
4.2700,0.427355,0.419619,0.846974
4.2900,0.428389,0.418585,0.846974
4.3100,0.429411,0.417564,0.846974
4.3200,0.429916,0.417058,0.846974
4.3400,0.430914,0.416060,0.846974
4.3600,0.431891,0.415083,0.846974
4.3700,0.432371,0.414604,0.846974
4.3900,0.433308,0.413666,0.846974
4.4100,0.434212,0.412762,0.846974
4.4200,0.434649,0.412325,0.846974
4.4400,0.435490,0.411484,0.846974
4.4600,0.436278,0.410695,0.846974
4.4700,0.436651,0.410323,0.846974
4.4900,0.437346,0.409627,0.846973
4.5100,0.437968,0.409005,0.846973
4.5200,0.438249,0.408725,0.846973
4.5400,0.438743,0.408230,0.846973
4.5600,0.439142,0.407831,0.846973
4.5700,0.439302,0.407671,0.846973
4.5900,0.439540,0.407433,0.846973
4.6100,0.439661,0.407311,0.846973
4.6200,0.439676,0.407296,0.846973
4.6400,0.439610,0.407362,0.846972
4.6600,0.439414,0.407559,0.846972
4.6700,0.439265,0.407707,0.846972
4.6900,0.438867,0.408106,0.846972
4.7100,0.438332,0.408640,0.846972
4.7200,0.438014,0.408958,0.846972
4.7400,0.437278,0.409694,0.846972
4.7600,0.436413,0.410559,0.846972
4.7700,0.435934,0.411038,0.846973
4.7900,0.434888,0.412085,0.846973
4.8100,0.433731,0.413241,0.846973
4.8200,0.433116,0.413857,0.846973
4.8400,0.431816,0.415157,0.846973
4.8600,0.430438,0.416535,0.846973
4.8700,0.429725,0.417249,0.846974
4.8900,0.428259,0.418715,0.846974
4.9100,0.426756,0.420219,0.846974
4.9200,0.425996,0.420979,0.846974
4.9400,0.424471,0.422504,0.846975
4.9600,0.422956,0.424019,0.846975
4.9700,0.422208,0.424767,0.846975
4.9900,0.420743,0.426233,0.846975
5.0100,0.419336,0.427640,0.846976
5.0200,0.418659,0.428316,0.846976
5.0400,0.417373,0.429604,0.846976
5.0600,0.416187,0.430789,0.846976
5.0700,0.415637,0.431339,0.846976
5.0900,0.414632,0.432345,0.846977
5.1100,0.413762,0.433215,0.846977
5.1200,0.413382,0.433595,0.846977
5.1400,0.412736,0.434241,0.846977
5.1600,0.412248,0.434729,0.846977
5.1700,0.412065,0.434913,0.846977
5.1900,0.411821,0.435156,0.846977
5.2100,0.411742,0.435235,0.846977
5.2200,0.411763,0.435214,0.846977
5.2400,0.411926,0.435051,0.846977
5.2600,0.412243,0.434734,0.846977
5.2700,0.412456,0.434520,0.846977
5.2900,0.412989,0.433988,0.846977
5.3100,0.413650,0.433326,0.846976
5.3200,0.414026,0.432951,0.846976
5.3400,0.414855,0.432121,0.846976
5.3600,0.415778,0.431198,0.846976
5.3700,0.416268,0.430707,0.846976
5.3900,0.417297,0.429678,0.846975
5.4100,0.418374,0.428601,0.846975
5.4200,0.418924,0.428051,0.846975
5.4400,0.420037,0.426937,0.846974
5.4600,0.421152,0.425823,0.846974
5.4700,0.421703,0.425271,0.846974
5.4900,0.422785,0.424188,0.846974
5.5100,0.423824,0.423149,0.846974
5.5200,0.424323,0.422651,0.846973
5.5400,0.425268,0.421705,0.846973
5.5600,0.426134,0.420839,0.846973
5.5700,0.426534,0.420439,0.846973
5.5900,0.427260,0.419713,0.846973
5.6100,0.427881,0.419091,0.846973
5.6200,0.428151,0.418822,0.846973
5.6400,0.428605,0.418368,0.846973
5.6600,0.428943,0.418030,0.846973
5.6700,0.429067,0.417905,0.846973
5.6900,0.429230,0.417743,0.846973
5.7100,0.429278,0.417695,0.846973
5.7200,0.429260,0.417713,0.846973
5.7400,0.429145,0.417828,0.846973
5.7600,0.428929,0.418044,0.846973
5.7700,0.428786,0.418187,0.846973
5.7900,0.428435,0.418539,0.846973
5.8100,0.428006,0.418968,0.846973
5.8200,0.427765,0.419208,0.846974
5.8400,0.427240,0.419734,0.846974
5.8600,0.426664,0.420309,0.846974
5.8700,0.426362,0.420612,0.846974
5.8900,0.425733,0.421241,0.846974
5.9100,0.425084,0.421891,0.846974
5.9200,0.424754,0.422220,0.846974
5.9400,0.424093,0.422881,0.846975
5.9600,0.423437,0.423538,0.846975
5.9700,0.423113,0.423862,0.846975
5.9900,0.422479,0.424496,0.846975
6.0100,0.421870,0.425105,0.846975
6.0200,0.421576,0.425399,0.846975
6.0400,0.421012,0.425963,0.846975
6.0600,0.420484,0.426491,0.846975
6.0700,0.420234,0.426741,0.846975
6.0900,0.419763,0.427213,0.846975
6.1100,0.419329,0.427646,0.846975
6.1200,0.419126,0.427849,0.846975
6.1400,0.418747,0.428228,0.846975
6.1600,0.418402,0.428573,0.846975
6.1700,0.418240,0.428735,0.846975
6.1900,0.417937,0.429038,0.846975
6.2100,0.417657,0.429318,0.846975
6.2200,0.417524,0.429451,0.846975
6.2400,0.417268,0.429707,0.846975
6.2600,0.417021,0.429953,0.846975
6.2700,0.416900,0.430074,0.846974
6.2900,0.416659,0.430316,0.846974
6.3100,0.416414,0.430560,0.846974
6.3200,0.416289,0.430685,0.846974
6.3400,0.416033,0.430942,0.846974
6.3600,0.415764,0.431211,0.846974
6.3700,0.415624,0.431351,0.846974
6.3900,0.415332,0.431642,0.846974
6.4100,0.415024,0.431951,0.846974
6.4200,0.414863,0.432111,0.846974
6.4400,0.414531,0.432444,0.846974
6.4600,0.414184,0.432790,0.846974
6.4700,0.414006,0.432968,0.846974
6.4900,0.413643,0.433331,0.846974
6.5100,0.413274,0.433700,0.846974
6.5200,0.413089,0.433885,0.846974
6.5400,0.412721,0.434254,0.846975
6.5600,0.412360,0.434614,0.846975
6.5700,0.412185,0.434790,0.846975
6.5900,0.411847,0.435128,0.846975
6.6100,0.411534,0.435441,0.846975
6.6200,0.411388,0.435587,0.846975
6.6400,0.411124,0.435851,0.846975
6.6600,0.410900,0.436075,0.846975
6.6700,0.410806,0.436169,0.846975
6.6900,0.410656,0.436319,0.846975
6.7100,0.410563,0.436413,0.846975
6.7200,0.410539,0.436437,0.846976
6.7400,0.410539,0.436436,0.846976
6.7600,0.410608,0.436368,0.846976
6.7700,0.410668,0.436307,0.846976
6.7900,0.410844,0.436132,0.846976
6.8100,0.411093,0.435882,0.846976
6.8200,0.411246,0.435729,0.846976
6.8400,0.411608,0.435368,0.846976
6.8600,0.412045,0.434931,0.846976
6.8700,0.412290,0.434685,0.846976
6.8900,0.412836,0.434140,0.846976
6.9100,0.413451,0.433525,0.846976
6.9200,0.413784,0.433192,0.846976
6.9400,0.414497,0.432478,0.846975
6.9600,0.415273,0.431703,0.846975
6.9700,0.415682,0.431293,0.846975
6.9900,0.416541,0.430434,0.846975
7.0100,0.417452,0.429524,0.846975
7.0200,0.417924,0.429051,0.846975
7.0400,0.418903,0.428073,0.846975
7.0600,0.419921,0.427054,0.846975
7.0700,0.420444,0.426531,0.846975
7.0900,0.421516,0.425459,0.846975
7.1100,0.422620,0.424355,0.846975
7.1200,0.423183,0.423792,0.846975
7.1400,0.424330,0.422645,0.846975
7.1600,0.425503,0.421472,0.846975
7.1700,0.426099,0.420876,0.846975
7.1900,0.427309,0.419666,0.846975
7.2100,0.428544,0.418431,0.846975
7.2200,0.429170,0.417805,0.846975
7.2400,0.430442,0.416533,0.846975
7.2600,0.431739,0.415236,0.846975
7.2700,0.432398,0.414577,0.846975
7.2900,0.433735,0.413240,0.846975
7.3100,0.435101,0.411874,0.846975
7.3200,0.435795,0.411180,0.846975
7.3400,0.437205,0.409770,0.846975
7.3600,0.438645,0.408330,0.846975
7.3700,0.439377,0.407598,0.846975
7.3900,0.440864,0.406111,0.846975
7.4100,0.442380,0.404595,0.846975
7.4200,0.443149,0.403826,0.846975
7.4400,0.444706,0.402268,0.846975
7.4600,0.446288,0.400687,0.846975
7.4700,0.447086,0.399889,0.846975
7.4900,0.448695,0.398280,0.846975
7.5100,0.450314,0.396661,0.846975
7.5200,0.451125,0.395849,0.846974
7.5400,0.452745,0.394229,0.846974
7.5600,0.454355,0.392619,0.846974
7.5700,0.455152,0.391822,0.846974
7.5900,0.456724,0.390250,0.846974
7.6100,0.458255,0.388718,0.846974
7.6200,0.459001,0.387972,0.846973
7.6400,0.460445,0.386528,0.846973
7.6600,0.461811,0.385162,0.846973
7.6700,0.462460,0.384513,0.846973
7.6900,0.463680,0.383293,0.846973
7.7100,0.464780,0.382192,0.846972
7.7200,0.465281,0.381691,0.846972
7.7400,0.466171,0.380801,0.846972
7.7600,0.466900,0.380072,0.846972
7.7700,0.467198,0.379773,0.846971
7.7900,0.467654,0.379317,0.846971
7.8100,0.467907,0.379064,0.846971
7.8200,0.467953,0.379018,0.846971
7.8400,0.467877,0.379094,0.846971
7.8600,0.467564,0.379407,0.846970
7.8700,0.467315,0.379655,0.846970
7.8900,0.466627,0.380343,0.846970
7.9100,0.465679,0.381292,0.846970
7.9200,0.465104,0.381866,0.846970
7.9400,0.463753,0.383217,0.846970
7.9600,0.462128,0.384842,0.846970
7.9700,0.461213,0.385757,0.846970
7.9900,0.459176,0.387794,0.846970
8.0100,0.456868,0.390102,0.846970
8.0200,0.455613,0.391357,0.846970
8.0400,0.452906,0.394065,0.846970
8.0600,0.449941,0.397029,0.846970
8.0700,0.448366,0.398605,0.846971
8.0900,0.445036,0.401935,0.846971
8.1100,0.441478,0.405493,0.846971
8.1200,0.439618,0.407353,0.846971
8.1400,0.435745,0.411226,0.846971
8.1600,0.431685,0.415287,0.846972
8.1700,0.429589,0.417382,0.846972
8.1900,0.425282,0.421691,0.846972
8.2100,0.420834,0.426138,0.846972
8.2200,0.418565,0.428408,0.846973
8.2400,0.413949,0.433024,0.846973
8.2600,0.409248,0.437726,0.846973
8.2700,0.406872,0.440101,0.846974
8.2900,0.402088,0.444886,0.846974
8.3100,0.397276,0.449698,0.846974
8.3200,0.394867,0.452107,0.846974
8.3400,0.390060,0.456915,0.846975
8.3600,0.385285,0.461691,0.846975
8.3700,0.382916,0.464059,0.846975
8.3900,0.378233,0.468743,0.846976
8.4100,0.373639,0.473337,0.846976
8.4200,0.371383,0.475594,0.846976
8.4400,0.366965,0.480011,0.846977
8.4600,0.362693,0.484284,0.846977
8.4700,0.360618,0.486359,0.846977
8.4900,0.356604,0.490374,0.846977
8.5100,0.352787,0.494191,0.846978
8.5200,0.350958,0.496020,0.846978
8.5400,0.347475,0.499503,0.846978
8.5600,0.344238,0.502740,0.846978
8.5700,0.342718,0.504260,0.846979
8.5900,0.339887,0.507092,0.846979
8.6100,0.337348,0.509631,0.846979
8.6200,0.336194,0.510785,0.846979
8.6400,0.334128,0.512852,0.846980
8.6600,0.332397,0.514583,0.846980
8.6700,0.331663,0.515317,0.846980
8.6900,0.330467,0.516513,0.846980
8.7100,0.329647,0.517334,0.846980
8.7200,0.329382,0.517598,0.846980
8.7400,0.329153,0.517827,0.846981
8.7600,0.329336,0.517645,0.846981
8.7700,0.329585,0.517396,0.846981
8.7900,0.330409,0.516573,0.846981
8.8100,0.331673,0.515308,0.846981
8.8200,0.332475,0.514507,0.846981
8.8400,0.334420,0.512561,0.846982
8.8600,0.336830,0.510152,0.846982
8.8700,0.338211,0.508771,0.846982
8.8900,0.341328,0.505654,0.846982
8.9100,0.344922,0.502059,0.846982
8.9200,0.346899,0.500083,0.846982
8.9400,0.351211,0.495771,0.846982
8.9600,0.355999,0.490983,0.846982
8.9700,0.358571,0.488411,0.846982
8.9900,0.364067,0.482915,0.846982
9.0100,0.370024,0.476957,0.846981
9.0200,0.373173,0.473809,0.846981
9.0400,0.379802,0.467179,0.846981
9.0600,0.386861,0.460120,0.846981
9.0700,0.390547,0.456434,0.846981
9.0900,0.398216,0.448764,0.846980
9.1100,0.406265,0.440715,0.846980
9.1200,0.410423,0.436556,0.846980
9.1400,0.418992,0.427987,0.846979
9.1600,0.427871,0.419108,0.846979
9.1700,0.432416,0.414562,0.846979
9.1900,0.441698,0.405280,0.846978
9.2100,0.451202,0.395776,0.846977
9.2200,0.456025,0.390952,0.846977
9.2400,0.465787,0.381189,0.846976
9.2600,0.475669,0.371307,0.846976
9.2700,0.480641,0.366335,0.846975
9.2900,0.490615,0.356359,0.846975
9.3100,0.500592,0.346382,0.846974
9.3200,0.505566,0.341407,0.846973
9.3400,0.515453,0.331520,0.846973
9.3600,0.525216,0.321756,0.846972
9.3700,0.530034,0.316937,0.846971
9.3900,0.539512,0.307458,0.846971
9.4100,0.548734,0.298236,0.846970
9.4200,0.553233,0.293737,0.846969
9.4400,0.561971,0.284997,0.846969
9.4600,0.570321,0.276647,0.846968
9.4700,0.574334,0.272633,0.846967
9.4900,0.582004,0.264963,0.846967
9.5100,0.589156,0.257810,0.846966
9.5200,0.592523,0.254443,0.846965
9.5400,0.598807,0.248158,0.846965
9.5600,0.604454,0.242510,0.846964
9.5700,0.607024,0.239940,0.846964
9.5900,0.611631,0.235332,0.846963
9.6100,0.615493,0.231470,0.846962
9.6200,0.617132,0.229830,0.846962
9.6400,0.619805,0.227157,0.846962
9.6600,0.621642,0.225319,0.846961
9.6700,0.622237,0.224724,0.846961
9.6900,0.622764,0.224196,0.846960
9.7100,0.622386,0.224574,0.846960
9.7200,0.621850,0.225110,0.846960
9.7400,0.620075,0.226885,0.846960
9.7600,0.617349,0.229611,0.846960
9.7700,0.615626,0.231334,0.846959
9.7900,0.611456,0.235503,0.846959
9.8100,0.606318,0.240641,0.846959
9.8200,0.603387,0.243572,0.846959
9.8400,0.596803,0.250156,0.846960
9.8600,0.589266,0.257694,0.846960
9.8700,0.585144,0.261816,0.846960
9.8900,0.576207,0.270753,0.846960
9.9100,0.566364,0.280596,0.846961
9.9200,0.561112,0.285849,0.846961
9.9400,0.549968,0.296993,0.846961
9.9600,0.538003,0.308959,0.846962
9.9700,0.531725,0.315237,0.846962
9.9900,0.518610,0.328353,0.846963
10.0100,0.504794,0.342170,0.846964
10.0200,0.497640,0.349324,0.846965
10.0400,0.482880,0.364085,0.846965
10.0600,0.467573,0.379393,0.846967
10.0700,0.459737,0.387230,0.846967
10.0900,0.443744,0.403224,0.846968
10.1100,0.427391,0.419578,0.846970
10.1200,0.419106,0.427865,0.846970
10.1400,0.402369,0.444602,0.846972
10.1600,0.385488,0.461485,0.846973
10.1700,0.377022,0.469952,0.846974
10.1900,0.360098,0.486878,0.846975
10.2100,0.343265,0.503712,0.846977
10.2200,0.334913,0.512064,0.846978
10.2400,0.318402,0.528577,0.846979
10.2600,0.302232,0.544748,0.846981
10.2700,0.294306,0.552675,0.846981
10.2900,0.278836,0.568147,0.846983
10.3100,0.263957,0.583027,0.846984
10.3200,0.256771,0.590214,0.846985
10.3400,0.242965,0.604021,0.846987
10.3600,0.229994,0.616994,0.846988
10.3700,0.223850,0.623139,0.846989
10.3900,0.212301,0.634689,0.846990
10.4100,0.201808,0.645183,0.846991
10.4200,0.196982,0.650010,0.846992
10.4400,0.188220,0.658773,0.846993
10.4600,0.180701,0.666293,0.846994
10.4700,0.177428,0.669567,0.846995
10.4900,0.171889,0.675106,0.846995
10.5100,0.167737,0.679259,0.846996
10.5200,0.166194,0.680803,0.846996
10.5400,0.164196,0.682801,0.846997
10.5600,0.163672,0.683325,0.846997
10.5700,0.163968,0.683029,0.846997
10.5900,0.165685,0.681312,0.846997
10.6100,0.168902,0.678095,0.846997
10.6200,0.171071,0.675926,0.846997
10.6400,0.176520,0.670476,0.846996
10.6600,0.183429,0.663567,0.846996
10.6700,0.187421,0.659575,0.846996
10.6900,0.196453,0.650542,0.846995
10.7100,0.206840,0.640154,0.846994
10.7200,0.212523,0.634470,0.846993
10.7400,0.224828,0.622164,0.846992
10.7600,0.238321,0.608670,0.846991
10.7700,0.245487,0.601503,0.846990
10.7900,0.260604,0.586385,0.846989
10.8100,0.276687,0.570300,0.846987
10.8200,0.285059,0.561927,0.846986
10.8400,0.302399,0.544586,0.846985
10.8600,0.320440,0.526543,0.846983
10.8700,0.329687,0.517295,0.846982
10.8900,0.348561,0.498419,0.846980
10.9100,0.367841,0.479137,0.846978
10.9200,0.377595,0.469382,0.846977
10.9400,0.397251,0.449724,0.846975
10.9600,0.417002,0.429972,0.846973
10.9700,0.426873,0.420099,0.846972
10.9900,0.446532,0.400438,0.846970
11.0100,0.465976,0.380993,0.846969
11.0200,0.475579,0.371388,0.846968
11.0400,0.494475,0.352491,0.846966
11.0600,0.512861,0.334104,0.846964
11.0700,0.521828,0.325136,0.846963
11.0900,0.539243,0.307718,0.846962
11.1100,0.555884,0.291076,0.846960
11.1200,0.563883,0.283076,0.846960
11.1400,0.579184,0.267775,0.846958
11.1600,0.593483,0.253474,0.846957
11.1700,0.600234,0.246723,0.846957
11.1900,0.612890,0.234066,0.846956
11.2100,0.624367,0.222588,0.846955
11.2200,0.629646,0.217309,0.846954
11.2400,0.639251,0.207703,0.846954
11.2600,0.647552,0.199401,0.846953
11.2700,0.651202,0.195751,0.846953
11.2900,0.657483,0.189470,0.846953
11.3100,0.662386,0.184566,0.846953
11.3200,0.664317,0.182636,0.846953
11.3400,0.667131,0.179822,0.846953
11.3600,0.668546,0.178406,0.846953
11.3700,0.668731,0.178222,0.846953
11.3900,0.668062,0.178891,0.846953
11.4100,0.666021,0.180932,0.846954
11.4200,0.664494,0.182460,0.846954
11.4400,0.660441,0.186513,0.846954
11.4600,0.655088,0.191867,0.846955
11.4700,0.651934,0.195021,0.846955
11.4900,0.644702,0.202254,0.846956
11.5100,0.636276,0.210681,0.846957
11.5200,0.631631,0.215326,0.846957
11.5400,0.621513,0.225445,0.846958
11.5600,0.610340,0.236619,0.846959
11.5700,0.604379,0.242581,0.846960
11.5900,0.591747,0.255214,0.846961
11.6100,0.578230,0.268732,0.846962
11.6200,0.571162,0.275800,0.846962
11.6400,0.556459,0.290505,0.846964
11.6600,0.541064,0.305901,0.846965
11.6700,0.533134,0.313832,0.846966
11.6900,0.516862,0.330105,0.846967
11.7100,0.500116,0.346853,0.846968
11.7200,0.491593,0.355376,0.846969
11.7400,0.474310,0.372661,0.846971
11.7600,0.456787,0.390185,0.846972
11.7700,0.447968,0.399005,0.846973
11.7900,0.430273,0.416701,0.846974
11.8100,0.412590,0.434386,0.846976
11.8200,0.403784,0.443192,0.846977
11.8400,0.386311,0.460667,0.846978
11.8600,0.369107,0.477873,0.846980
11.8700,0.360638,0.486342,0.846981
11.8900,0.344032,0.502950,0.846982
11.9100,0.327953,0.519031,0.846984
11.9200,0.320143,0.526842,0.846984
11.9400,0.305043,0.541943,0.846986
11.9600,0.290717,0.556270,0.846987
11.9700,0.283874,0.563114,0.846988
11.9900,0.270884,0.576106,0.846989
12.0100,0.258894,0.588097,0.846991
12.0200,0.253300,0.593692,0.846991
12.0400,0.242961,0.604032,0.846992
12.0600,0.233814,0.613180,0.846993
12.0700,0.229708,0.617286,0.846994
12.0900,0.222468,0.624527,0.846995
12.1100,0.216566,0.630429,0.846995
12.1200,0.214131,0.632864,0.846996
12.1400,0.210317,0.636679,0.846996
12.1600,0.207932,0.639064,0.846996
12.1700,0.207283,0.639714,0.846996
12.1900,0.207076,0.639920,0.846997
12.2100,0.208328,0.638669,0.846996
12.2200,0.209499,0.637498,0.846996
12.2400,0.212921,0.634075,0.846996
12.2600,0.217762,0.629233,0.846995
12.2700,0.220705,0.626290,0.846995
12.2900,0.227609,0.619385,0.846994
12.3100,0.235826,0.611167,0.846993
12.3200,0.240409,0.606584,0.846993
12.3400,0.250481,0.596511,0.846992
12.3600,0.261697,0.585293,0.846990
12.3700,0.267708,0.579281,0.846990
12.3900,0.280481,0.566507,0.846988
12.4100,0.294174,0.552812,0.846987
12.4200,0.301334,0.545652,0.846986
12.4400,0.316211,0.530772,0.846984
12.4600,0.331740,0.515242,0.846982
12.4700,0.339712,0.507269,0.846981
12.4900,0.355997,0.490982,0.846979
12.5100,0.372634,0.474343,0.846977
12.5200,0.381046,0.465931,0.846976
12.5400,0.397977,0.448997,0.846974
12.5600,0.414948,0.432024,0.846972
12.5700,0.423409,0.423562,0.846971
12.5900,0.440204,0.406766,0.846970
12.6100,0.456727,0.390241,0.846968
12.6200,0.464849,0.382118,0.846967
12.6400,0.480740,0.366225,0.846965
12.6600,0.496067,0.350896,0.846963
12.6700,0.503485,0.343478,0.846963
12.6900,0.517762,0.329199,0.846961
12.7100,0.531215,0.315744,0.846960
12.7200,0.537603,0.309356,0.846959
12.7400,0.549648,0.297310,0.846958
12.7600,0.560651,0.286306,0.846957
12.7700,0.565740,0.281217,0.846956
12.7900,0.575049,0.271906,0.846955
12.8100,0.583155,0.263799,0.846955
12.8200,0.586742,0.260213,0.846954
12.8400,0.592955,0.253999,0.846954
12.8600,0.597861,0.249092,0.846953
12.8700,0.599817,0.247137,0.846953
12.8900,0.602723,0.244231,0.846953
12.9100,0.604282,0.242671,0.846953
12.9200,0.604557,0.242396,0.846953
12.9400,0.604103,0.242850,0.846954
12.9600,0.602326,0.244628,0.846954
12.9700,0.600948,0.246006,0.846954
12.9900,0.597237,0.249718,0.846955
13.0100,0.592284,0.254672,0.846956
13.0200,0.589357,0.257599,0.846956
13.0400,0.582636,0.264322,0.846957
13.0600,0.574810,0.272148,0.846958
13.0700,0.570504,0.276455,0.846959
13.0900,0.561152,0.285808,0.846960
13.1100,0.550880,0.296082,0.846961
13.1200,0.545425,0.301537,0.846962
13.1400,0.533933,0.313031,0.846964
13.1600,0.521742,0.325223,0.846965
13.1700,0.515416,0.331550,0.846966
13.1900,0.502362,0.344606,0.846967
13.2100,0.488859,0.358110,0.846969
13.2200,0.481972,0.364998,0.846970
13.2400,0.467994,0.378977,0.846972
13.2600,0.453833,0.393140,0.846973
13.2700,0.446718,0.400256,0.846974
13.2900,0.432486,0.414490,0.846976
13.3100,0.418340,0.428637,0.846977
13.3200,0.411333,0.435645,0.846978
13.3400,0.397515,0.449464,0.846980
13.3600,0.384046,0.462936,0.846981
13.3700,0.377472,0.469510,0.846982
13.3900,0.364708,0.482275,0.846984
13.4100,0.352532,0.494453,0.846985
13.4200,0.346692,0.500294,0.846986
13.4400,0.335560,0.511427,0.846987
13.4600,0.325223,0.521765,0.846988
13.4700,0.320376,0.526612,0.846988
13.4900,0.311366,0.535623,0.846989
13.5100,0.303318,0.543672,0.846990
13.5200,0.299672,0.547319,0.846991
13.5400,0.293164,0.553827,0.846991
13.5600,0.287734,0.559257,0.846992
13.5700,0.285434,0.561558,0.846992
13.5900,0.281679,0.565314,0.846992
13.6100,0.279063,0.567929,0.846992
13.6200,0.278186,0.568807,0.846992
13.6400,0.277293,0.569699,0.846992
13.6600,0.277544,0.569448,0.846992
13.6700,0.278093,0.568898,0.846992
13.6900,0.280029,0.566963,0.846991
13.7100,0.283053,0.563938,0.846991
13.7200,0.284962,0.562028,0.846990
13.7400,0.289547,0.557442,0.846990
13.7600,0.295114,0.551875,0.846989
13.7700,0.298247,0.548742,0.846988
13.7900,0.305173,0.541814,0.846987
13.8100,0.312924,0.534062,0.846986
13.8200,0.317085,0.529900,0.846985
13.8400,0.325930,0.521054,0.846984
13.8600,0.335402,0.511581,0.846983
13.8700,0.340346,0.506636,0.846982
13.8900,0.350594,0.496386,0.846981
13.9100,0.361246,0.485734,0.846979
13.9200,0.366692,0.480286,0.846978
13.9400,0.377769,0.469208,0.846977
13.9600,0.389007,0.457968,0.846975
13.9700,0.394656,0.452318,0.846975
13.9900,0.405955,0.441019,0.846973
14.0100,0.417172,0.429800,0.846972
14.0200,0.422720,0.424251,0.846971
14.0400,0.433638,0.413332,0.846969
14.0600,0.444242,0.402726,0.846968
14.0700,0.449399,0.397568,0.846967
14.0900,0.459372,0.387595,0.846966
14.1100,0.468821,0.378144,0.846965
14.1200,0.473326,0.373638,0.846964
14.1400,0.481854,0.365110,0.846963
14.1600,0.489684,0.357279,0.846963
14.1700,0.493319,0.353643,0.846962
14.1900,0.499996,0.346965,0.846961
14.2100,0.505845,0.341116,0.846961
14.2200,0.508446,0.338515,0.846961
14.2400,0.512981,0.333979,0.846960
14.2600,0.516605,0.330355,0.846960
14.2700,0.518070,0.328890,0.846960
14.2900,0.520297,0.326662,0.846960
14.3100,0.521585,0.325375,0.846960
14.3200,0.521877,0.325083,0.846960
14.3400,0.521764,0.325196,0.846960
14.3600,0.520734,0.326226,0.846960
14.3700,0.519883,0.327077,0.846961
14.3900,0.517527,0.329434,0.846961
14.4100,0.514328,0.332634,0.846962
14.4200,0.512426,0.334536,0.846962
14.4400,0.508045,0.338918,0.846963
14.4600,0.502940,0.344024,0.846964
14.4700,0.500134,0.346830,0.846964
14.4900,0.494053,0.352912,0.846966
14.5100,0.487402,0.359564,0.846967
14.5200,0.483885,0.363083,0.846967
14.5400,0.476511,0.370457,0.846968
14.5600,0.468749,0.378221,0.846970
14.5700,0.464746,0.382224,0.846970
14.5900,0.456547,0.390424,0.846971
14.6100,0.448156,0.398816,0.846973
14.6200,0.443914,0.403059,0.846973
14.6400,0.435388,0.411587,0.846975
14.6600,0.426871,0.420105,0.846976
14.6700,0.422641,0.424335,0.846976
14.6900,0.414287,0.432690,0.846978
14.7100,0.406139,0.440840,0.846979
14.7200,0.402165,0.444815,0.846979
14.7400,0.394461,0.452520,0.846980
14.7600,0.387140,0.459842,0.846981
14.7700,0.383643,0.463339,0.846982
14.7900,0.377015,0.469968,0.846983
14.8100,0.370922,0.476062,0.846984
14.8200,0.368092,0.478892,0.846984
14.8400,0.362894,0.484091,0.846985
14.8600,0.358348,0.488637,0.846985
14.8700,0.356332,0.490654,0.846985
14.8900,0.352829,0.494156,0.846986
14.9100,0.350057,0.496929,0.846986
14.9200,0.348951,0.498036,0.846986
14.9400,0.347307,0.499680,0.846986
14.9600,0.346427,0.500559,0.846986
14.9700,0.346275,0.500711,0.846986
14.9900,0.346543,0.500443,0.846986
15.0100,0.347566,0.499420,0.846986
15.0200,0.348357,0.498629,0.846986
15.0400,0.350481,0.496504,0.846985
15.0600,0.353308,0.493676,0.846985
15.0700,0.354976,0.492009,0.846985
15.0900,0.358796,0.488188,0.846984
15.1100,0.363227,0.483756,0.846983
15.1200,0.365658,0.481325,0.846983
15.1400,0.370919,0.476063,0.846982
15.1600,0.376665,0.470316,0.846981
15.1700,0.379703,0.467278,0.846981
15.1900,0.386070,0.460910,0.846980
15.2100,0.392772,0.454207,0.846979
15.2200,0.396228,0.450750,0.846978
15.2400,0.403308,0.443669,0.846977
15.2600,0.410555,0.436421,0.846976
15.2700,0.414219,0.432756,0.846975
15.2900,0.421584,0.425390,0.846974
15.3100,0.428940,0.418033,0.846973
15.3200,0.432593,0.414379,0.846973
15.3400,0.439804,0.407167,0.846972
15.3600,0.446834,0.400137,0.846970
15.3700,0.450259,0.396711,0.846970
15.3900,0.456893,0.390076,0.846969
15.4100,0.463184,0.383784,0.846968
15.4200,0.466184,0.380784,0.846968
15.4400,0.471855,0.375112,0.846967
15.4600,0.477047,0.369919,0.846966
15.4700,0.479449,0.367517,0.846966
15.4900,0.483837,0.363128,0.846965
15.5100,0.487639,0.359325,0.846965
15.5200,0.489310,0.357654,0.846964
15.5400,0.492174,0.354790,0.846964
15.5600,0.494382,0.352582,0.846964
15.5700,0.495234,0.351730,0.846964
15.5900,0.496428,0.350536,0.846964
15.6100,0.496936,0.350028,0.846964
15.6200,0.496932,0.350031,0.846964
15.6400,0.496413,0.350551,0.846964
15.6600,0.495219,0.351745,0.846964
15.6700,0.494374,0.352590,0.846964
15.6900,0.492202,0.354763,0.846965
15.7100,0.489407,0.357558,0.846965
15.7200,0.487786,0.359179,0.846965
15.7400,0.484120,0.362846,0.846966
15.7600,0.479920,0.367046,0.846967
15.7700,0.477635,0.369333,0.846967
15.7900,0.472721,0.374247,0.846968
15.8100,0.467394,0.379575,0.846969
15.8200,0.464592,0.382377,0.846969
15.8400,0.458748,0.388222,0.846970
15.8600,0.452634,0.394337,0.846971
15.8700,0.449494,0.397478,0.846972
15.8900,0.443088,0.403885,0.846973
15.9100,0.436567,0.410407,0.846974
15.9200,0.433283,0.413691,0.846974
15.9400,0.426708,0.420267,0.846975
15.9600,0.420177,0.426799,0.846976
15.9700,0.416947,0.430029,0.846976
15.9900,0.410598,0.436380,0.846977
16.0100,0.404444,0.442534,0.846978
16.0200,0.401458,0.445520,0.846979
16.0400,0.395704,0.451275,0.846980
16.0600,0.390282,0.456698,0.846980
16.0700,0.387711,0.459270,0.846981
16.0900,0.382875,0.464107,0.846981
16.1100,0.378482,0.468500,0.846982
16.1200,0.376464,0.470518,0.846982
16.1400,0.372803,0.474179,0.846983
16.1600,0.369667,0.477316,0.846983
16.1700,0.368302,0.478681,0.846983
16.1900,0.365992,0.480991,0.846983
16.2100,0.364252,0.482732,0.846983
16.2200,0.363598,0.483386,0.846983
16.2400,0.362724,0.484259,0.846983
16.2600,0.362428,0.484555,0.846983
16.2700,0.362495,0.484488,0.846983
16.2900,0.363052,0.483931,0.846983
16.3100,0.364158,0.482825,0.846983
16.3200,0.364911,0.482072,0.846982
16.3400,0.366801,0.480181,0.846982
16.3600,0.369179,0.477803,0.846982
16.3700,0.370541,0.476440,0.846981
16.3900,0.373588,0.473392,0.846981
16.4100,0.377034,0.469946,0.846980
16.4200,0.378893,0.468087,0.846980
16.4400,0.382856,0.464123,0.846979
16.4600,0.387105,0.459873,0.846978
16.4700,0.389323,0.457655,0.846978
16.4900,0.393911,0.453066,0.846977
16.5100,0.398661,0.448315,0.846976
16.5200,0.401081,0.445895,0.846976
16.5400,0.405977,0.440998,0.846975
16.5600,0.410906,0.436068,0.846974
16.5700,0.413367,0.433607,0.846974
16.5900,0.418248,0.428725,0.846973
16.6100,0.423037,0.423935,0.846972
16.6200,0.425381,0.421591,0.846972
16.6400,0.429941,0.417030,0.846971
16.6600,0.434294,0.412677,0.846971
16.6700,0.436379,0.410591,0.846970
16.6900,0.440346,0.406624,0.846970
16.7100,0.444010,0.402960,0.846969
16.7200,0.445718,0.401251,0.846969
16.7400,0.448870,0.398098,0.846969
16.7600,0.451650,0.395319,0.846968
16.7700,0.452893,0.394076,0.846968
16.7900,0.455075,0.391893,0.846968
16.8100,0.456842,0.390126,0.846968
16.8200,0.457566,0.389402,0.846968
16.8400,0.458695,0.388273,0.846968
16.8600,0.459395,0.387573,0.846968
16.8700,0.459586,0.387382,0.846968
16.8900,0.459652,0.387316,0.846968
16.9100,0.459309,0.387660,0.846968
16.9200,0.458987,0.387981,0.846968
16.9400,0.458058,0.388911,0.846969
16.9600,0.456764,0.390205,0.846969
16.9700,0.455988,0.390981,0.846969
16.9900,0.454196,0.392774,0.846970
17.0100,0.452109,0.394861,0.846970
17.0200,0.450966,0.396004,0.846971
17.0400,0.448503,0.398468,0.846971
17.0600,0.445835,0.401137,0.846972
17.0700,0.444437,0.402535,0.846972
17.0900,0.441538,0.405435,0.846973
17.1100,0.438537,0.408437,0.846974
17.1200,0.437012,0.409962,0.846974
17.1400,0.433941,0.413034,0.846975
17.1600,0.430877,0.416098,0.846975
17.1700,0.429363,0.417613,0.846976
17.1900,0.426394,0.420582,0.846976
17.2100,0.423542,0.423435,0.846977
17.2200,0.422173,0.424804,0.846977
17.2400,0.419575,0.427403,0.846978
17.2600,0.417195,0.429783,0.846978
17.2700,0.416099,0.430880,0.846979
17.2900,0.414115,0.432864,0.846979
17.3100,0.412436,0.434543,0.846980
17.3200,0.411721,0.435259,0.846980
17.3400,0.410555,0.436425,0.846980
17.3600,0.409762,0.437219,0.846981
17.3700,0.409512,0.437469,0.846981
17.3900,0.409314,0.437667,0.846981
17.4100,0.409533,0.437448,0.846981
17.4200,0.409801,0.437180,0.846981
17.4400,0.410659,0.436322,0.846981
17.4600,0.411948,0.435033,0.846981
17.4700,0.412754,0.434228,0.846981
17.4900,0.414684,0.432297,0.846981
17.5100,0.417031,0.429950,0.846981
17.5200,0.418356,0.428624,0.846981
17.5400,0.421302,0.425678,0.846980
17.5600,0.424622,0.422358,0.846980
17.5700,0.426415,0.420565,0.846980
17.5900,0.430248,0.416731,0.846979
17.6100,0.434387,0.412592,0.846979
17.6200,0.436560,0.410419,0.846978
17.6400,0.441089,0.405889,0.846978
17.6600,0.445830,0.401147,0.846977
17.6700,0.448267,0.398710,0.846977
17.6900,0.453244,0.393732,0.846976
17.7100,0.458322,0.388653,0.846975
17.7200,0.460884,0.386091,0.846975
17.7400,0.466021,0.380953,0.846974
17.7600,0.471135,0.375838,0.846973
17.7700,0.473667,0.373306,0.846973
17.7900,0.478650,0.368322,0.846972
17.8100,0.483480,0.363491,0.846971
17.8200,0.485823,0.361148,0.846971
17.8400,0.490330,0.356640,0.846970
17.8600,0.494559,0.352410,0.846969
17.8700,0.496554,0.350415,0.846969
17.8900,0.500277,0.346692,0.846968
17.9100,0.503604,0.343363,0.846967
17.9200,0.505107,0.341860,0.846967
17.9400,0.507765,0.339201,0.846967
17.9600,0.509929,0.337037,0.846966
17.9700,0.510815,0.336150,0.846966
17.9900,0.512177,0.334789,0.846965
18.0100,0.512967,0.333998,0.846965
18.0200,0.513141,0.333824,0.846965
18.0400,0.513034,0.333931,0.846965
18.0600,0.512307,0.334658,0.846964
18.0700,0.511707,0.335257,0.846964
18.0900,0.510031,0.336933,0.846964
18.1100,0.507717,0.339247,0.846964
18.1200,0.506322,0.340643,0.846964
18.1400,0.503056,0.343909,0.846964
18.1600,0.499166,0.347798,0.846965
18.1700,0.496992,0.349973,0.846965
18.1900,0.492195,0.354770,0.846965
18.2100,0.486821,0.360145,0.846966
18.2200,0.483925,0.363041,0.846966
18.2400,0.477735,0.369231,0.846966
18.2600,0.471043,0.375924,0.846967
18.2700,0.467521,0.379447,0.846967
18.2900,0.460147,0.386820,0.846968
18.3100,0.452374,0.394595,0.846969
18.3200,0.448351,0.398618,0.846969
18.3400,0.440065,0.406905,0.846970
18.3600,0.431502,0.415469,0.846971
18.3700,0.427132,0.419839,0.846971
18.3900,0.418253,0.428719,0.846972
18.4100,0.409233,0.437740,0.846973
18.4200,0.404689,0.442285,0.846973
18.4400,0.395567,0.451407,0.846974
18.4600,0.386451,0.460524,0.846975
18.4700,0.381913,0.465062,0.846976
18.4900,0.372916,0.474061,0.846976
18.5100,0.364070,0.482907,0.846977
18.5200,0.359722,0.487255,0.846978
18.5400,0.351213,0.495766,0.846979
18.5600,0.342996,0.503983,0.846980
18.5700,0.339015,0.507965,0.846980
18.5900,0.331337,0.515643,0.846981
18.6100,0.324082,0.522899,0.846981
18.6200,0.320628,0.526354,0.846982
18.6400,0.314092,0.532890,0.846982
18.6600,0.308090,0.538893,0.846983
18.6700,0.305301,0.541682,0.846983
18.6900,0.300169,0.546815,0.846984
18.7100,0.295658,0.551326,0.846984
18.7200,0.293645,0.553339,0.846984
18.7400,0.290118,0.556866,0.846985
18.7600,0.287275,0.559710,0.846985
18.7700,0.286116,0.560869,0.846985
18.7900,0.284330,0.562655,0.846985
18.8100,0.283262,0.563724,0.846985
18.8200,0.282999,0.563986,0.846985
18.8400,0.283017,0.563968,0.846985
18.8600,0.283759,0.563226,0.846985
18.8700,0.284400,0.562585,0.846985
18.8900,0.286215,0.560770,0.846985
18.9100,0.288730,0.558255,0.846985
18.9200,0.290245,0.556740,0.846985
18.9400,0.293777,0.553207,0.846984
18.9600,0.297960,0.549024,0.846984
18.9700,0.300287,0.546696,0.846984
18.9900,0.305394,0.541589,0.846983
19.0100,0.311078,0.535904,0.846983
19.0200,0.314126,0.532856,0.846982
19.0400,0.320608,0.526374,0.846982
19.0600,0.327573,0.519408,0.846981
19.0700,0.331224,0.515756,0.846981
19.0900,0.338835,0.508145,0.846980
19.1100,0.346821,0.500158,0.846979
19.1200,0.350940,0.496039,0.846979
19.1400,0.359399,0.487579,0.846978
19.1500,0.363729,0.483249,0.846978
19.1700,0.372554,0.474423,0.846977
19.1900,0.381563,0.465413,0.846976
19.2000,0.386121,0.460855,0.846976
19.2200,0.395311,0.451664,0.846975
19.2400,0.404562,0.442412,0.846974
19.2500,0.409195,0.437779,0.846974
19.2700,0.418447,0.428526,0.846973
19.2900,0.427641,0.419331,0.846973
19.3000,0.432203,0.414770,0.846972
19.3200,0.441228,0.405744,0.846972
19.3400,0.450087,0.396884,0.846971
19.3500,0.454443,0.392528,0.846971
19.3700,0.462980,0.383990,0.846970
19.3900,0.471259,0.375711,0.846970
19.4000,0.475290,0.371679,0.846969
19.4200,0.483118,0.363851,0.846969
19.4400,0.490609,0.356359,0.846969
19.4500,0.494221,0.352748,0.846968
19.4700,0.501160,0.345808,0.846968
19.4900,0.507705,0.339263,0.846968
19.5000,0.510824,0.336144,0.846968
19.5200,0.516745,0.330222,0.846967
19.5400,0.522234,0.324733,0.846967
19.5500,0.524813,0.322154,0.846967
19.5700,0.529636,0.317331,0.846967
19.5900,0.534007,0.312960,0.846967
19.6000,0.536023,0.310945,0.846967
19.6200,0.539712,0.307255,0.846967
19.6400,0.542949,0.304018,0.846967
19.6500,0.544398,0.302569,0.846967
19.6700,0.546962,0.300006,0.846967
19.6900,0.549084,0.297884,0.846967
19.7000,0.549982,0.296986,0.846968
19.7200,0.551457,0.295511,0.846968
19.7400,0.552513,0.294455,0.846968
19.7500,0.552887,0.294081,0.846968
19.7700,0.553334,0.293635,0.846968
19.7900,0.553388,0.293580,0.846968
19.8000,0.553272,0.293696,0.846968
19.8200,0.552761,0.294208,0.846969
19.8400,0.551886,0.295083,0.846969
19.8500,0.551316,0.295653,0.846969
19.8700,0.549916,0.297053,0.846969
19.8900,0.548179,0.298790,0.846969
19.9000,0.547187,0.299782,0.846969
19.9200,0.544960,0.302009,0.846969
19.9400,0.542417,0.304553,0.846969
19.9500,0.541028,0.305941,0.846969
19.9700,0.538022,0.308948,0.846969
19.9900,0.534712,0.312257,0.846970
20.0000,0.532945,0.314025,0.846970
20.0200,0.529188,0.317782,0.846970
20.0400,0.525135,0.321834,0.846970
20.0500,0.522999,0.323971,0.846970
20.0700,0.518506,0.328464,0.846970
20.0900,0.513720,0.333249,0.846970
20.1000,0.511218,0.335752,0.846970
20.1200,0.505993,0.340976,0.846970
20.1400,0.500477,0.346493,0.846970
20.1500,0.497609,0.349361,0.846970
20.1700,0.491655,0.355315,0.846970
20.1900,0.485411,0.361558,0.846970
20.2000,0.482181,0.364788,0.846970
20.2200,0.475507,0.371463,0.846970
20.2400,0.468551,0.378419,0.846970
20.2500,0.464969,0.382001,0.846970
20.2700,0.457601,0.389369,0.846970
20.2900,0.449969,0.397001,0.846970
20.3000,0.446057,0.400913,0.846970
20.3200,0.438049,0.408922,0.846971
20.3400,0.429806,0.417165,0.846971
20.3500,0.425603,0.421368,0.846971
20.3700,0.417041,0.429930,0.846971
20.3900,0.408292,0.438680,0.846972
20.4000,0.403854,0.443118,0.846972
20.4200,0.394867,0.452105,0.846972
20.4400,0.385755,0.461218,0.846973
20.4500,0.381161,0.465812,0.846973
20.4700,0.371919,0.475055,0.846974
20.4900,0.362631,0.484343,0.846974
20.5000,0.357982,0.488992,0.846975
20.5200,0.348697,0.498278,0.846975
20.5400,0.339463,0.507513,0.846976
20.5500,0.334878,0.512098,0.846976
20.5700,0.325802,0.521175,0.846977
20.5900,0.316887,0.530091,0.846978
20.6000,0.312505,0.534473,0.846978
20.6200,0.303922,0.543057,0.846979
20.6400,0.295621,0.551358,0.846980
20.6500,0.291593,0.555387,0.846980
20.6700,0.283812,0.563169,0.846981
20.6900,0.276441,0.570541,0.846982
20.7000,0.272925,0.574058,0.846982
20.7200,0.266265,0.580718,0.846983
20.7400,0.260142,0.586842,0.846984
20.7500,0.257298,0.589686,0.846984
20.7700,0.252075,0.594910,0.846985
20.7900,0.247512,0.599473,0.846986
20.8000,0.245492,0.601494,0.846986
20.8200,0.242003,0.604983,0.846987
20.8400,0.239283,0.607705,0.846987
20.8500,0.238223,0.608765,0.846988
20.8700,0.236727,0.610261,0.846988
20.8900,0.236088,0.610900,0.846989
20.9000,0.236100,0.610888,0.846989
20.9200,0.236802,0.610187,0.846989
20.9400,0.238424,0.608565,0.846989
20.9500,0.239586,0.607404,0.846989
20.9700,0.242619,0.604371,0.846990
20.9900,0.246603,0.600386,0.846990
21.0000,0.248953,0.598036,0.846990
21.0200,0.254368,0.592622,0.846989
21.0400,0.260727,0.586262,0.846989
21.0500,0.264258,0.582731,0.846989
21.0700,0.272008,0.574981,0.846989
21.0900,0.280657,0.566331,0.846988
21.1000,0.285310,0.561678,0.846988
21.1200,0.295250,0.551737,0.846987
21.1400,0.306002,0.540985,0.846987
21.1500,0.311668,0.535318,0.846986
21.1700,0.323548,0.523437,0.846985
21.1900,0.336112,0.510872,0.846984
21.2000,0.342631,0.504352,0.846984
21.2200,0.356103,0.490880,0.846983
21.2400,0.370093,0.476889,0.846982
21.2500,0.377258,0.469723,0.846981
21.2700,0.391881,0.455099,0.846980
21.2900,0.406823,0.440155,0.846978
21.3000,0.414387,0.432591,0.846978
21.3200,0.429643,0.417333,0.846976
21.3400,0.444993,0.401982,0.846975
21.3500,0.452674,0.394300,0.846974
21.3700,0.467985,0.378987,0.846972
21.3900,0.483147,0.363823,0.846971
21.4000,0.490642,0.356328,0.846970
21.4200,0.505393,0.341575,0.846968
21.4400,0.519745,0.327222,0.846967
21.4500,0.526740,0.320227,0.846966
21.4700,0.540305,0.306660,0.846965
21.4900,0.553224,0.293739,0.846963
21.5000,0.559411,0.287551,0.846962
21.5200,0.571183,0.275777,0.846961
21.5400,0.582079,0.264881,0.846960
21.5500,0.587171,0.259788,0.846959
21.5700,0.596593,0.250364,0.846958
21.5900,0.604938,0.242019,0.846957
21.6000,0.608684,0.238272,0.846956
21.6200,0.615284,0.231671,0.846955
21.6400,0.620647,0.226308,0.846954
21.6500,0.622849,0.224105,0.846954
21.6700,0.626266,0.220687,0.846954
21.6900,0.628342,0.218611,0.846953
21.7000,0.628868,0.218085,0.846953
21.7200,0.628885,0.218068,0.846953
21.7400,0.627516,0.219437,0.846953
21.7500,0.626312,0.220641,0.846953
21.7700,0.622870,0.224084,0.846953
21.7900,0.618065,0.228888,0.846954
21.8000,0.615161,0.231793,0.846954
21.8200,0.608372,0.238583,0.846955
21.8400,0.600312,0.246643,0.846956
21.8500,0.595823,0.251133,0.846956
21.8700,0.585967,0.260991,0.846957
21.8900,0.574997,0.271961,0.846959
21.9000,0.569120,0.277840,0.846959
21.9200,0.556632,0.290329,0.846961
21.9400,0.543245,0.303717,0.846962
21.9500,0.536245,0.310718,0.846963
21.9700,0.521694,0.325271,0.846965
21.9900,0.506501,0.340466,0.846967
22.0000,0.498698,0.348270,0.846968
22.0200,0.482750,0.364220,0.846970
22.0400,0.466444,0.380528,0.846972
22.0500,0.458193,0.388779,0.846973
22.0700,0.441571,0.405404,0.846974
22.0900,0.424886,0.422090,0.846976
22.1000,0.416557,0.430420,0.846977
22.1200,0.399998,0.446981,0.846979
22.1400,0.383666,0.463315,0.846981
22.1500,0.375620,0.471362,0.846982
22.1700,0.359835,0.487149,0.846983
22.1900,0.344544,0.502441,0.846985
22.2000,0.337115,0.509870,0.846986
22.2200,0.322749,0.524239,0.846987
22.2400,0.309109,0.537879,0.846989
22.2500,0.302588,0.544402,0.846989
22.2700,0.290187,0.556803,0.846990
22.2900,0.278701,0.568291,0.846991
22.3000,0.273319,0.573673,0.846992
22.3200,0.263313,0.583680,0.846992
22.3400,0.254353,0.592640,0.846993
22.3500,0.250278,0.596715,0.846993
22.3700,0.242958,0.604036,0.846994
22.3900,0.236761,0.610233,0.846994
22.4000,0.234089,0.612905,0.846994
22.4200,0.229604,0.617390,0.846994
22.4400,0.226263,0.620731,0.846994
22.4500,0.225020,0.621974,0.846994
22.4700,0.223381,0.623613,0.846994
22.4900,0.222852,0.624141,0.846993
22.5000,0.222996,0.623997,0.846993
22.5200,0.224081,0.622911,0.846992
22.5400,0.226195,0.620797,0.846992
22.5500,0.227624,0.619367,0.846991
22.5700,0.231196,0.615794,0.846990
22.5900,0.235675,0.611314,0.846989
22.6000,0.238236,0.608753,0.846989
22.6200,0.243963,0.603024,0.846988
22.6400,0.250443,0.596544,0.846987
22.6500,0.253943,0.593043,0.846986
22.6700,0.261421,0.585564,0.846985
22.6900,0.269475,0.577509,0.846984
22.7000,0.273696,0.573288,0.846983
22.7200,0.282475,0.564507,0.846982
22.7400,0.291644,0.555337,0.846981
22.7500,0.296352,0.550629,0.846981
22.7700,0.305965,0.541014,0.846979
22.7900,0.315782,0.531197,0.846978
22.8000,0.320744,0.526234,0.846978
22.8200,0.330732,0.516245,0.846977
22.8400,0.340748,0.506228,0.846976
22.8500,0.345745,0.501230,0.846975
22.8700,0.355681,0.491293,0.846974
22.8900,0.365489,0.481484,0.846973
22.9000,0.370327,0.476646,0.846973
22.9200,0.379838,0.467134,0.846972
22.9400,0.389091,0.457880,0.846971
22.9500,0.393606,0.453365,0.846971
22.9700,0.402390,0.444580,0.846971
22.9900,0.410816,0.436154,0.846970
23.0000,0.414884,0.432086,0.846970
23.0200,0.422716,0.424253,0.846970
23.0400,0.430124,0.416846,0.846969
23.0500,0.433662,0.413307,0.846969
23.0700,0.440402,0.406567,0.846969
23.0900,0.446682,0.400287,0.846969
23.1000,0.449649,0.397320,0.846969
23.1200,0.455233,0.391736,0.846969
23.1400,0.460355,0.386614,0.846969
23.1500,0.462744,0.384225,0.846969
23.1700,0.467182,0.379787,0.846969
23.1900,0.471178,0.375792,0.846969
23.2000,0.473013,0.373956,0.846969
23.2200,0.476370,0.370600,0.846970
23.2400,0.479321,0.367649,0.846970
23.2500,0.480650,0.366320,0.846970
23.2700,0.483026,0.363944,0.846970
23.2900,0.485043,0.361928,0.846971
23.3000,0.485923,0.361048,0.846971
23.3200,0.487438,0.359533,0.846971
23.3400,0.488643,0.358328,0.846971
23.3500,0.489135,0.357837,0.846971
23.3700,0.489907,0.357064,0.846971
23.3900,0.490413,0.356559,0.846972
23.4000,0.490570,0.356401,0.846972
23.4200,0.490702,0.356270,0.846972
23.4400,0.490600,0.356372,0.846972
23.4500,0.490464,0.356508,0.846972
23.4700,0.490029,0.356943,0.846972
23.4900,0.489379,0.357592,0.846972
23.5000,0.488976,0.357996,0.846972
23.5200,0.488013,0.358958,0.846972
23.5400,0.486844,0.360127,0.846972
23.5500,0.486182,0.360790,0.846972
23.5700,0.484701,0.362270,0.846971
23.5900,0.483009,0.363962,0.846971
23.6000,0.482083,0.364888,0.846971
23.6200,0.480067,0.366904,0.846971
23.6400,0.477829,0.369142,0.846971
23.6500,0.476625,0.370346,0.846971
23.6700,0.474044,0.372926,0.846971
23.6900,0.471228,0.375742,0.846971
23.7000,0.469731,0.377239,0.846970
23.7200,0.466555,0.380416,0.846970
23.7400,0.463135,0.383836,0.846970
23.7500,0.461333,0.385637,0.846970
23.7700,0.457545,0.389425,0.846970
23.7900,0.453515,0.393455,0.846970
23.8000,0.451409,0.395561,0.846970
23.8200,0.447022,0.399948,0.846970
23.8400,0.442406,0.404565,0.846970
23.8500,0.440015,0.406955,0.846971
23.8700,0.435076,0.411895,0.846971
23.8900,0.429939,0.417032,0.846971
23.9000,0.427302,0.419669,0.846971
23.9200,0.421903,0.425068,0.846971
23.9400,0.416356,0.430616,0.846972
23.9500,0.413535,0.433437,0.846972
23.9700,0.407813,0.439160,0.846972
23.9900,0.402010,0.444963,0.846973
24.0000,0.399089,0.447885,0.846973
24.0200,0.393225,0.453749,0.846974
24.0400,0.387365,0.459610,0.846974
24.0500,0.384447,0.462528,0.846975
24.0700,0.378661,0.468314,0.846975
24.0900,0.372974,0.474002,0.846976
24.1000,0.370181,0.476796,0.846976
24.1200,0.364720,0.482257,0.846977
24.1400,0.359464,0.487513,0.846978
24.1500,0.356926,0.490052,0.846978
24.1700,0.352057,0.494922,0.846979
24.1900,0.347500,0.499479,0.846979
24.2000,0.345352,0.501628,0.846980
24.2200,0.341342,0.505638,0.846980
24.2400,0.337750,0.509231,0.846981
24.2500,0.336122,0.510859,0.846981
24.2700,0.333228,0.513754,0.846982
24.2900,0.330845,0.516137,0.846982
24.3000,0.329856,0.517127,0.846982
24.3200,0.328302,0.518681,0.846983
24.3400,0.327337,0.519646,0.846983
24.3500,0.327083,0.519900,0.846983
24.3700,0.327047,0.519936,0.846984
24.3900,0.327654,0.519330,0.846984
24.4000,0.328203,0.518781,0.846984
24.4200,0.329798,0.517187,0.846984
24.4400,0.332059,0.514925,0.846984
24.4500,0.333440,0.513544,0.846984
24.4700,0.336699,0.510285,0.846984
24.4900,0.340614,0.506370,0.846984
24.5000,0.342813,0.504171,0.846984
24.5200,0.347681,0.499303,0.846983
24.5400,0.353155,0.493828,0.846983
24.5500,0.356109,0.490873,0.846982
24.5700,0.362433,0.484549,0.846982
24.5900,0.369274,0.477707,0.846981
24.6000,0.372874,0.474107,0.846981
24.6200,0.380403,0.466577,0.846980
24.6400,0.388323,0.458656,0.846979
24.6500,0.392412,0.454567,0.846978
24.6700,0.400806,0.446172,0.846977
24.6900,0.409433,0.437543,0.846976
24.7000,0.413812,0.433164,0.846976
24.7200,0.422655,0.424319,0.846974
24.7400,0.431549,0.415424,0.846973
24.7500,0.435990,0.410982,0.846972
24.7700,0.444814,0.402157,0.846971
24.7900,0.453492,0.393478,0.846970
24.8000,0.457751,0.389218,0.846969
24.8200,0.466063,0.380906,0.846968
24.8400,0.474032,0.372935,0.846967
24.8500,0.477865,0.369101,0.846966
24.8700,0.485183,0.361783,0.846965
24.8900,0.491977,0.354987,0.846964
24.9000,0.495158,0.351806,0.846964
24.9200,0.501048,0.345915,0.846963
24.9400,0.506264,0.340698,0.846962
24.9500,0.508603,0.338359,0.846962
24.9700,0.512716,0.334245,0.846961
24.9900,0.516046,0.330915,0.846961
25.0000,0.517408,0.329553,0.846961
25.0200,0.519509,0.327451,0.846960
25.0400,0.520770,0.326190,0.846960
25.0500,0.521083,0.325877,0.846960
25.0700,0.521073,0.325887,0.846960
25.0900,0.520224,0.326737,0.846961
25.1000,0.519489,0.327472,0.846961
25.1200,0.517413,0.329548,0.846961
25.1400,0.514555,0.332407,0.846962
25.1500,0.512845,0.334118,0.846962
25.1700,0.508888,0.338075,0.846963
25.1900,0.504259,0.342705,0.846964
25.2000,0.501710,0.345255,0.846965
25.2200,0.496179,0.350787,0.846966
25.2400,0.490126,0.356841,0.846967
25.2500,0.486925,0.360042,0.846968
25.2700,0.480219,0.366750,0.846969
25.2900,0.473167,0.373803,0.846970
25.3000,0.469535,0.377436,0.846971
25.3200,0.462105,0.384867,0.846972
25.3400,0.454517,0.392456,0.846973
25.3500,0.450687,0.396287,0.846974
25.3700,0.443000,0.403975,0.846975
25.3900,0.435337,0.411639,0.846976
25.4000,0.431536,0.415440,0.846977
25.4200,0.424036,0.422942,0.846978
25.4400,0.416723,0.430256,0.846979
25.4500,0.413155,0.433824,0.846979
25.4700,0.406230,0.440750,0.846980
25.4900,0.399630,0.447351,0.846981
25.5000,0.396465,0.450516,0.846981
25.5200,0.390434,0.456548,0.846982
25.5400,0.384830,0.462152,0.846982
25.5500,0.382199,0.464784,0.846982
25.5700,0.377295,0.469688,0.846983
25.5900,0.372889,0.474094,0.846983
25.6000,0.370879,0.476104,0.846983
25.6200,0.367255,0.479728,0.846983
25.6400,0.364169,0.482815,0.846984
25.6500,0.362830,0.484153,0.846984
25.6700,0.360564,0.486420,0.846984
25.6900,0.358848,0.488136,0.846984
25.7000,0.358196,0.488788,0.846984
25.7200,0.357301,0.489682,0.846983
25.7400,0.356946,0.490037,0.846983
25.7500,0.356969,0.490014,0.846983
25.7700,0.357407,0.489576,0.846983
25.7900,0.358357,0.488626,0.846983
25.8000,0.359020,0.487963,0.846983
25.8200,0.360709,0.486273,0.846982
25.8400,0.362870,0.484112,0.846982
25.8500,0.364120,0.482862,0.846982
25.8700,0.366947,0.480034,0.846981
25.8900,0.370191,0.476790,0.846981
25.9000,0.371961,0.475020,0.846981
25.9200,0.375783,0.471197,0.846980
25.9400,0.379957,0.467023,0.846980
25.9500,0.382167,0.464813,0.846980
25.9700,0.386815,0.460164,0.846979
25.9900,0.391741,0.455238,0.846979
26.0000,0.394299,0.452680,0.846978
26.0200,0.399581,0.447397,0.846978
26.0400,0.405058,0.441920,0.846977
26.0500,0.407858,0.439119,0.846977
26.0700,0.413560,0.433416,0.846977
26.0900,0.419365,0.427611,0.846976
26.1000,0.422294,0.424681,0.846976
26.1200,0.428181,0.418794,0.846975
26.1400,0.434071,0.412903,0.846974
26.1500,0.437005,0.409969,0.846974
26.1700,0.442824,0.404150,0.846973
26.1900,0.448541,0.398431,0.846973
26.2000,0.451349,0.395623,0.846972
26.2200,0.456836,0.390136,0.846972
26.2400,0.462114,0.384857,0.846971
26.2500,0.464662,0.382309,0.846970
26.2700,0.469548,0.377422,0.846970
26.2900,0.474119,0.372850,0.846969
26.3000,0.476275,0.370694,0.846969
26.3200,0.480299,0.366669,0.846968
26.3400,0.483910,0.363058,0.846968
26.3500,0.485548,0.361419,0.846967
26.3700,0.488470,0.358497,0.846967
26.3900,0.490891,0.356075,0.846966
26.4000,0.491904,0.355062,0.846966
26.4200,0.493517,0.353448,0.846966
26.4400,0.494561,0.352404,0.846965
26.4500,0.494862,0.352103,0.846965
26.4700,0.495012,0.351953,0.846965
26.4900,0.494548,0.352416,0.846965
26.5000,0.494082,0.352882,0.846964
26.5200,0.492680,0.354284,0.846964
26.5400,0.490650,0.356315,0.846964
26.5500,0.489400,0.357565,0.846964
26.5700,0.486435,0.360530,0.846965
26.5900,0.482861,0.364104,0.846965
26.6000,0.480851,0.366114,0.846965
26.6200,0.476399,0.370566,0.846965
26.6400,0.471395,0.375571,0.846966
26.6500,0.468695,0.378271,0.846966
26.6700,0.462923,0.384043,0.846967
26.6900,0.456690,0.390277,0.846967
26.7000,0.453414,0.393553,0.846968
26.7200,0.446576,0.400392,0.846969
26.7400,0.439400,0.407569,0.846969
26.7500,0.435703,0.411267,0.846970
26.7700,0.428129,0.418842,0.846971
26.7900,0.420367,0.426605,0.846972
26.8000,0.416436,0.430536,0.846972
26.8200,0.408517,0.438457,0.846973
26.8400,0.400578,0.446397,0.846974
26.8500,0.396623,0.450352,0.846975
26.8700,0.388786,0.458190,0.846976
26.8900,0.381107,0.465871,0.846977
26.9000,0.377348,0.469630,0.846978
26.9200,0.370034,0.476945,0.846979
26.9400,0.363050,0.483930,0.846980
26.9500,0.359702,0.487278,0.846980
26.9700,0.353334,0.493647,0.846981
26.9900,0.347454,0.499528,0.846982
27.0000,0.344714,0.502268,0.846983
27.0200,0.339669,0.507314,0.846983
27.0400,0.335244,0.511740,0.846984
27.0500,0.333278,0.513706,0.846984
27.0700,0.329862,0.517122,0.846985
27.0900,0.327164,0.519821,0.846985
27.1000,0.326093,0.520892,0.846985
27.1200,0.324521,0.522465,0.846986
27.1400,0.323722,0.523264,0.846986
27.1500,0.323616,0.523370,0.846986
27.1700,0.323993,0.522993,0.846986
27.1900,0.325155,0.521831,0.846986
27.2000,0.326027,0.520959,0.846986
27.2200,0.328344,0.518641,0.846985
27.2400,0.331410,0.515575,0.846985
27.2500,0.333215,0.513770,0.846985
27.2700,0.337349,0.509635,0.846984
27.2900,0.342150,0.504833,0.846983
27.3000,0.344788,0.502195,0.846983
27.3200,0.350506,0.496476,0.846982
27.3400,0.356771,0.490210,0.846981
27.3500,0.360091,0.486890,0.846981
27.3700,0.367068,0.479912,0.846980
27.3900,0.374441,0.472538,0.846979
27.4000,0.378254,0.468724,0.846978
27.4200,0.386093,0.460884,0.846977
27.4400,0.394154,0.452822,0.846976
27.4500,0.398246,0.448730,0.846975
27.4700,0.406503,0.440471,0.846974
27.4900,0.414799,0.432174,0.846973
27.5000,0.418938,0.428034,0.846972
27.5200,0.427154,0.419818,0.846971
27.5400,0.435225,0.411745,0.846970
27.5500,0.439185,0.407785,0.846970
27.5700,0.446911,0.400058,0.846969
27.5900,0.454324,0.392644,0.846968
27.6000,0.457893,0.389074,0.846967
27.6200,0.464723,0.382243,0.846966
27.6400,0.471096,0.375870,0.846966
27.6500,0.474095,0.372870,0.846965
27.6700,0.479692,0.367273,0.846965
27.6900,0.484721,0.362243,0.846964
27.7000,0.487012,0.359952,0.846964
27.7200,0.491130,0.355833,0.846964
27.7400,0.494612,0.352352,0.846963
27.7500,0.496108,0.350855,0.846963
27.7700,0.498608,0.348355,0.846963
27.7900,0.500448,0.346515,0.846963
27.8000,0.501121,0.345842,0.846963
27.8200,0.501979,0.344984,0.846964
27.8400,0.502201,0.344763,0.846964
27.8500,0.502079,0.344885,0.846964
27.8700,0.501388,0.345577,0.846965
27.8900,0.500127,0.346839,0.846965
27.9000,0.499294,0.347671,0.846966
27.9200,0.497252,0.349714,0.846966
27.9400,0.494747,0.352221,0.846967
27.9500,0.493336,0.353632,0.846968
27.9700,0.490232,0.356737,0.846968
27.9900,0.486800,0.360169,0.846969
28.0000,0.484980,0.361990,0.846970
28.0200,0.481169,0.365802,0.846971
28.0400,0.477184,0.369788,0.846972
28.0500,0.475146,0.371826,0.846972
28.0700,0.471019,0.375954,0.846973
28.0900,0.466877,0.380097,0.846974
28.1000,0.464820,0.382155,0.846975
28.1200,0.460770,0.386205,0.846976
28.1400,0.456857,0.390120,0.846977
28.1500,0.454968,0.392009,0.846977
28.1700,0.451361,0.395617,0.846978
28.1900,0.448019,0.398959,0.846978
28.2000,0.446462,0.400517,0.846979
28.2200,0.443600,0.403379,0.846979
28.2400,0.441103,0.405877,0.846980
28.2500,0.440000,0.406980,0.846980
28.2700,0.438102,0.408878,0.846980
28.2900,0.436629,0.410352,0.846980
28.3000,0.436055,0.410925,0.846981
28.3200,0.435239,0.411742,0.846981
28.3400,0.434863,0.412118,0.846980
28.3500,0.434839,0.412142,0.846980
28.3700,0.435111,0.411869,0.846980
28.3900,0.435797,0.411183,0.846980
28.4000,0.436288,0.410692,0.846980
28.4200,0.437549,0.409430,0.846979
28.4400,0.439156,0.407822,0.846978
28.4500,0.440078,0.406900,0.846978
28.4700,0.442133,0.404844,0.846977
28.4900,0.444433,0.402544,0.846977
28.5000,0.445660,0.401317,0.846976
28.5200,0.448235,0.398740,0.846975
28.5400,0.450930,0.396045,0.846975
28.5500,0.452305,0.394670,0.846974
28.5700,0.455074,0.391899,0.846973
28.5900,0.457823,0.389149,0.846972
28.6000,0.459173,0.387799,0.846972
28.6200,0.461784,0.385187,0.846971
28.6400,0.464234,0.382737,0.846970
28.6500,0.465380,0.381590,0.846970
28.6700,0.467484,0.379485,0.846969
28.6900,0.469292,0.377676,0.846968
28.7000,0.470070,0.376898,0.846968
28.7200,0.471345,0.375622,0.846967
28.7400,0.472210,0.374757,0.846967
28.7500,0.472476,0.374490,0.846966
28.7700,0.472654,0.374311,0.846966
28.7900,0.472335,0.374631,0.846965
28.8000,0.471980,0.374985,0.846965
28.8200,0.470866,0.376099,0.846965
28.8400,0.469200,0.377765,0.846965
28.8500,0.468155,0.378809,0.846965
28.8700,0.465640,0.381325,0.846965
28.8900,0.462555,0.384410,0.846965
28.9000,0.460799,0.386166,0.846965
28.9200,0.456867,0.390098,0.846965
28.9400,0.452387,0.394578,0.846965
28.9500,0.449946,0.397019,0.846965
28.9700,0.444680,0.402286,0.846966
28.9900,0.438924,0.408043,0.846966
29.0000,0.435872,0.411095,0.846967
29.0200,0.429445,0.417523,0.846967
29.0400,0.422621,0.424347,0.846968
29.0500,0.419074,0.427894,0.846968
29.0700,0.411743,0.435227,0.846969
29.0900,0.404137,0.442833,0.846970
29.1000,0.400249,0.446722,0.846971
29.1200,0.392339,0.454633,0.846972
29.1400,0.384300,0.462673,0.846973
29.1500,0.380251,0.466722,0.846973
29.1700,0.372138,0.474836,0.846974
29.1900,0.364056,0.482919,0.846975
29.2000,0.360048,0.486928,0.846976
29.2200,0.352138,0.494839,0.846977
29.2400,0.344426,0.502552,0.846978
29.2500,0.340664,0.506314,0.846978
29.2700,0.333372,0.513607,0.846979
29.2900,0.326441,0.520539,0.846980
29.3000,0.323131,0.523850,0.846981
29.3200,0.316857,0.530124,0.846981
29.3400,0.311096,0.535886,0.846982
29.3500,0.308426,0.538557,0.846983
29.3700,0.303536,0.543447,0.846984
29.3900,0.299291,0.547693,0.846984
29.4000,0.297424,0.549560,0.846985
29.4200,0.294229,0.552756,0.846985
29.4400,0.291784,0.555202,0.846986
29.4500,0.290852,0.556134,0.846986
29.4700,0.289590,0.557396,0.846986
29.4900,0.289150,0.557837,0.846987
29.5000,0.289244,0.557743,0.846987
29.5200,0.290068,0.556918,0.846987
29.5400,0.291750,0.555237,0.846987
29.5500,0.292913,0.554074,0.846987
29.5700,0.295883,0.551104,0.846987
29.5900,0.299705,0.547281,0.846986
29.6000,0.301932,0.545054,0.846986
29.6200,0.307006,0.539980,0.846986
29.6400,0.312888,0.534097,0.846986
29.6500,0.316123,0.530862,0.846985
29.6700,0.323160,0.523825,0.846985
29.6900,0.330921,0.516063,0.846984
29.7000,0.335059,0.511924,0.846984
29.7200,0.343821,0.503161,0.846983
29.7400,0.353187,0.493795,0.846982
29.7500,0.358079,0.488903,0.846981
29.7700,0.368241,0.478739,0.846980
29.7900,0.378855,0.468124,0.846979
29.8000,0.384311,0.462668,0.846979
29.8200,0.395474,0.451504,0.846978
29.8400,0.406912,0.440065,0.846976
29.8500,0.412710,0.434265,0.846976
29.8700,0.424418,0.422557,0.846975
29.8900,0.436206,0.410767,0.846973
29.9000,0.442105,0.404868,0.846973
29.9200,0.453863,0.393108,0.846971
29.9400,0.465499,0.381471,0.846970
29.9500,0.471245,0.375724,0.846970
29.9700,0.482545,0.364423,0.846968
29.9900,0.493521,0.353446,0.846967
30.0000,0.498863,0.348103,0.846966
30.0200,0.509207,0.337758,0.846965
30.0400,0.519035,0.327929,0.846964
30.0500,0.523734,0.323230,0.846964
30.0700,0.532656,0.314306,0.846963
30.0900,0.540893,0.306069,0.846962
30.1000,0.544734,0.302227,0.846961
30.1200,0.551829,0.295132,0.846960
30.1400,0.558095,0.288865,0.846960
30.1500,0.560902,0.286057,0.846959
30.1700,0.565840,0.281119,0.846959
30.1900,0.569845,0.277113,0.846958
30.2000,0.571488,0.275471,0.846958
30.2200,0.574038,0.272920,0.846958
30.2400,0.575593,0.271365,0.846958
30.2500,0.575993,0.270965,0.846957
30.2700,0.576034,0.270923,0.846957
30.2900,0.575066,0.271892,0.846958
30.3000,0.574204,0.272754,0.846958
30.3200,0.571735,0.275223,0.846958
30.3400,0.568288,0.278670,0.846958
30.3500,0.566206,0.280752,0.846959
30.3700,0.561345,0.285614,0.846959
30.3900,0.555586,0.291374,0.846960
30.4000,0.552383,0.294577,0.846960
30.4200,0.545362,0.301599,0.846961
30.4400,0.537567,0.309395,0.846962
30.4500,0.533397,0.313565,0.846962
30.4700,0.524554,0.322410,0.846964
30.4900,0.515096,0.331868,0.846965
30.5000,0.510159,0.336806,0.846965
30.5200,0.499917,0.347050,0.846966
30.5400,0.489248,0.357720,0.846968
30.5500,0.483778,0.363190,0.846968
30.5700,0.472622,0.374348,0.846970
30.5900,0.461244,0.385727,0.846971
30.6000,0.455499,0.391472,0.846972
30.6200,0.443950,0.403023,0.846973
30.6400,0.432392,0.414582,0.846974
30.6500,0.426636,0.420339,0.846975
30.6700,0.415222,0.431755,0.846976
30.6900,0.404005,0.442973,0.846977
30.7000,0.398495,0.448483,0.846978
30.7200,0.387720,0.459259,0.846979
30.7400,0.377332,0.469648,0.846980
30.7500,0.372305,0.474676,0.846981
30.7700,0.362623,0.484358,0.846982
30.7900,0.353491,0.493492,0.846982
30.8000,0.349147,0.497835,0.846983
30.8200,0.340939,0.506045,0.846983
30.8400,0.333405,0.513579,0.846984
30.8500,0.329903,0.517081,0.846984
30.8700,0.323453,0.523532,0.846985
30.8900,0.317761,0.529224,0.846985
30.9000,0.315208,0.531777,0.846985
30.9200,0.310694,0.536291,0.846985
30.9400,0.306981,0.540004,0.846985
30.9500,0.305426,0.541559,0.846985
30.9700,0.302918,0.544067,0.846985
30.9900,0.301207,0.545778,0.846985
31.0000,0.300647,0.546338,0.846985
31.0200,0.300105,0.546880,0.846985
31.0400,0.300315,0.546669,0.846984
31.0500,0.300694,0.546290,0.846984
31.0700,0.301979,0.545004,0.846983
31.0900,0.303936,0.543047,0.846983
31.1000,0.305154,0.541828,0.846982
31.1200,0.308043,0.538939,0.846982
31.1400,0.311496,0.535485,0.846981
31.1500,0.313419,0.533562,0.846981
31.1700,0.317625,0.529355,0.846980
31.1900,0.322268,0.524711,0.846979
31.2000,0.324736,0.522242,0.846978
31.2200,0.329933,0.517045,0.846978
31.2400,0.335429,0.511548,0.846977
31.2500,0.338272,0.508704,0.846976
31.2700,0.344114,0.502862,0.846975
31.2900,0.350118,0.496857,0.846975
31.3000,0.353164,0.493810,0.846974
31.3200,0.359313,0.487660,0.846973
31.3400,0.365495,0.481478,0.846973
31.3500,0.368584,0.478389,0.846972
31.3700,0.374728,0.472244,0.846972
31.3900,0.380792,0.466179,0.846971
31.4000,0.383782,0.463189,0.846971
31.4200,0.389653,0.457317,0.846970
31.4400,0.395353,0.451617,0.846970
31.4500,0.398129,0.448841,0.846970
31.4700,0.403516,0.443453,0.846969
31.4900,0.408665,0.438304,0.846969
31.5000,0.411144,0.435825,0.846969
31.5200,0.415900,0.431068,0.846969
31.5400,0.420378,0.426591,0.846968
31.5500,0.422509,0.424460,0.846968
31.5700,0.426552,0.420416,0.846968
31.5900,0.430302,0.416666,0.846968
31.6000,0.432068,0.414901,0.846968
31.6200,0.435380,0.411588,0.846969
31.6400,0.438409,0.408560,0.846969
31.6500,0.439819,0.407150,0.846969
31.6700,0.442438,0.404531,0.846969
31.6900,0.444801,0.402168,0.846969
31.7000,0.445892,0.401078,0.846969
31.7200,0.447900,0.399069,0.846970
31.7400,0.449695,0.397275,0.846970
31.7500,0.450519,0.396451,0.846970
31.7700,0.452031,0.394939,0.846971
31.7900,0.453381,0.393590,0.846971
31.8000,0.454002,0.392969,0.846971
31.8200,0.455149,0.391823,0.846971
31.8400,0.456188,0.390784,0.846972
31.8500,0.456673,0.390299,0.846972
31.8700,0.457588,0.389384,0.846972
31.8900,0.458447,0.388526,0.846973
31.9000,0.458860,0.388113,0.846973
31.9200,0.459666,0.387307,0.846973
31.9400,0.460458,0.386516,0.846973
31.9500,0.460852,0.386121,0.846973
31.9700,0.461648,0.385326,0.846973
31.9900,0.462459,0.384515,0.846974
32.0000,0.462873,0.384101,0.846974
32.0200,0.463722,0.383252,0.846974
32.0400,0.464602,0.382372,0.846974
32.0500,0.465054,0.381920,0.846974
32.0700,0.465982,0.380992,0.846974
32.0900,0.466939,0.380035,0.846974
32.1000,0.467426,0.379547,0.846974
32.1200,0.468414,0.378559,0.846973
32.1400,0.469412,0.377561,0.846973
32.1500,0.469911,0.377063,0.846973
32.1700,0.470898,0.376075,0.846973
32.1900,0.471859,0.375114,0.846973
32.2000,0.472324,0.374649,0.846972
32.2200,0.473210,0.373762,0.846972
32.2400,0.474020,0.372952,0.846972
32.2500,0.474389,0.372582,0.846972
32.2700,0.475042,0.371929,0.846971
32.2900,0.475560,0.371411,0.846971
32.3000,0.475760,0.371210,0.846971
32.3200,0.476027,0.370943,0.846970
32.3400,0.476095,0.370875,0.846970
32.3500,0.476046,0.370923,0.846970
32.3700,0.475767,0.371202,0.846969
32.3900,0.475225,0.371744,0.846969
32.4000,0.474848,0.372121,0.846969
32.4200,0.473868,0.373100,0.846968
32.4400,0.472569,0.374399,0.846968
32.4500,0.471795,0.375173,0.846968
32.4700,0.469983,0.376984,0.846968
32.4900,0.467810,0.379157,0.846967
32.5000,0.466584,0.380383,0.846967
32.5200,0.463848,0.383120,0.846967
32.5400,0.460726,0.386241,0.846967
32.5500,0.459020,0.387948,0.846967
32.5700,0.455316,0.391651,0.846967
32.5900,0.451227,0.395740,0.846967
32.6000,0.449041,0.397926,0.846967
32.6200,0.444391,0.402577,0.846968
32.6400,0.439384,0.407584,0.846968
32.6500,0.436752,0.410216,0.846968
32.6700,0.431246,0.415722,0.846968
32.6900,0.425439,0.421530,0.846969
32.7000,0.422432,0.424537,0.846969
32.7200,0.416233,0.430737,0.846970
32.7400,0.409818,0.437153,0.846970
32.7500,0.406542,0.440429,0.846971
32.7700,0.399881,0.447091,0.846971
32.7900,0.393114,0.453858,0.846972
32.8000,0.389706,0.457266,0.846973
32.8200,0.382876,0.464097,0.846973
32.8400,0.376071,0.470904,0.846974
32.8500,0.372695,0.474280,0.846975
32.8700,0.366034,0.480942,0.846976
32.8900,0.359542,0.487434,0.846977
32.9000,0.356379,0.490598,0.846977
32.9200,0.350254,0.496724,0.846978
32.9400,0.344448,0.502531,0.846979
32.9500,0.341684,0.505296,0.846979
32.9700,0.336468,0.510513,0.846980
32.9900,0.331716,0.515265,0.846981
33.0000,0.329532,0.517450,0.846982
33.0200,0.325579,0.521403,0.846982
33.0400,0.322222,0.524761,0.846983
33.0500,0.320782,0.526202,0.846983
33.0700,0.318404,0.528580,0.846984
33.0900,0.316729,0.530256,0.846985
33.1000,0.316166,0.530819,0.846985
33.1200,0.315608,0.531377,0.846985
33.1400,0.315829,0.531156,0.846986
33.1500,0.316238,0.530748,0.846986
33.1700,0.317660,0.529326,0.846986
33.1900,0.319896,0.527090,0.846986
33.2000,0.321320,0.525665,0.846986
33.2200,0.324780,0.522206,0.846986
33.2400,0.329046,0.517939,0.846985
33.2500,0.331477,0.515508,0.846985
33.2700,0.336921,0.510064,0.846985
33.2900,0.343118,0.503866,0.846984
33.3000,0.346489,0.500495,0.846984
33.3200,0.353750,0.493233,0.846983
33.3400,0.361667,0.485316,0.846983
33.3500,0.365855,0.481127,0.846982
33.3700,0.374658,0.472324,0.846981
33.3900,0.383977,0.463003,0.846980
33.4000,0.388810,0.458170,0.846980
33.4200,0.398780,0.448199,0.846978
33.4400,0.409094,0.437884,0.846977
33.4500,0.414355,0.432621,0.846977
33.4700,0.425040,0.421936,0.846975
33.4900,0.435870,0.411105,0.846974
33.5000,0.441313,0.405661,0.846973
33.5200,0.452203,0.394769,0.846972
33.5400,0.463025,0.383946,0.846971
33.5500,0.468383,0.378587,0.846970
33.5700,0.478942,0.368027,0.846969
33.5900,0.489216,0.357751,0.846967
33.6000,0.494221,0.352746,0.846967
33.6200,0.503913,0.343053,0.846965
33.6400,0.513114,0.333850,0.846964
33.6500,0.517507,0.329457,0.846964
33.6700,0.525830,0.321133,0.846963
33.6900,0.533478,0.313484,0.846962
33.7000,0.537027,0.309934,0.846961
33.7200,0.543541,0.303419,0.846960
33.7400,0.549227,0.297733,0.846959
33.7500,0.551743,0.295216,0.846959
33.7700,0.556095,0.290863,0.846958
33.7900,0.559508,0.287450,0.846958
33.8000,0.560852,0.286105,0.846958
33.8200,0.562801,0.284157,0.846957
33.8400,0.563747,0.283210,0.846957
33.8500,0.563841,0.283117,0.846957
33.8700,0.563267,0.283690,0.846957
33.8900,0.561681,0.285276,0.846958
33.9000,0.560512,0.286446,0.846958
33.9200,0.557431,0.289527,0.846958
33.9400,0.553382,0.293577,0.846959
33.9500,0.551004,0.295955,0.846959
33.9700,0.545564,0.301395,0.846960
33.9900,0.539251,0.307709,0.846960
34.0000,0.535783,0.311178,0.846961
34.0200,0.528258,0.318704,0.846962
34.0400,0.520001,0.326962,0.846963
34.0500,0.515619,0.331344,0.846963
34.0700,0.506393,0.340571,0.846965
34.0900,0.496616,0.350350,0.846966
34.1000,0.491545,0.355421,0.846966
34.1200,0.481093,0.365875,0.846968
34.1400,0.470297,0.376672,0.846969
34.1500,0.464798,0.382172,0.846970
34.1700,0.453656,0.393316,0.846971
34.1900,0.442396,0.404577,0.846973
34.2000,0.436750,0.410223,0.846973
34.2200,0.425487,0.421487,0.846975
34.2400,0.414337,0.432639,0.846976
34.2500,0.408832,0.438145,0.846977
34.2700,0.398020,0.448959,0.846978
34.2900,0.387541,0.459439,0.846980
34.3000,0.382453,0.464527,0.846980
34.3200,0.372631,0.474351,0.846981
34.3400,0.363343,0.483640,0.846983
34.3500,0.358922,0.488061,0.846983
34.3700,0.350569,0.496415,0.846984
34.3900,0.342919,0.504066,0.846985
34.4000,0.339376,0.507609,0.846985
34.4200,0.332885,0.514101,0.846986
34.4400,0.327226,0.519761,0.846987
34.4500,0.324720,0.522267,0.846987
34.4700,0.320376,0.526611,0.846987
34.4900,0.316944,0.530044,0.846988
34.5000,0.315576,0.531412,0.846988
34.5200,0.313542,0.533446,0.846988
34.5400,0.312449,0.534539,0.846988
34.5500,0.312255,0.534733,0.846988
34.5700,0.312564,0.534423,0.846987
34.5900,0.313792,0.533195,0.846987
34.6000,0.314742,0.532244,0.846987
34.6200,0.317300,0.529686,0.846986
34.6400,0.320702,0.526284,0.846986
34.6500,0.322706,0.524279,0.846985
34.6700,0.327294,0.519691,0.846984
34.6900,0.332608,0.514376,0.846984
34.7000,0.335519,0.511464,0.846983
34.7200,0.341812,0.505170,0.846982
34.7400,0.348676,0.498305,0.846981
34.7500,0.352300,0.494681,0.846980
34.7700,0.359886,0.487093,0.846979
34.7900,0.367861,0.479117,0.846978
34.8000,0.371969,0.475009,0.846977
34.8200,0.380377,0.466599,0.846976
34.8400,0.388972,0.458003,0.846975
34.8500,0.393315,0.453659,0.846974
34.8700,0.402038,0.444935,0.846973
34.8900,0.410744,0.436227,0.846972
34.9000,0.415066,0.431905,0.846971
34.9200,0.423596,0.423374,0.846970
34.9400,0.431911,0.415057,0.846969
34.9500,0.435965,0.411003,0.846968
34.9700,0.443820,0.403147,0.846967
34.9900,0.451282,0.395684,0.846966
35.0000,0.454845,0.392120,0.846965
35.0200,0.461598,0.385367,0.846965
35.0400,0.467807,0.379157,0.846964
35.0500,0.470692,0.376272,0.846963
35.0700,0.475993,0.370969,0.846963
35.0900,0.480639,0.366324,0.846962
35.1000,0.482704,0.364258,0.846962
35.1200,0.486304,0.360657,0.846962
35.1400,0.489178,0.357783,0.846961
35.1500,0.490338,0.356624,0.846961
35.1700,0.492096,0.354865,0.846961
35.1900,0.493106,0.353856,0.846961
35.2000,0.493331,0.353631,0.846962
35.2200,0.493226,0.353735,0.846962
35.2400,0.492397,0.354565,0.846962
35.2500,0.491718,0.355245,0.846962
35.2700,0.489845,0.357117,0.846963
35.2900,0.487318,0.359646,0.846963
35.3000,0.485820,0.361144,0.846964
35.3200,0.482384,0.364580,0.846965
35.3400,0.478402,0.368563,0.846965
35.3500,0.476223,0.370743,0.846966
35.3700,0.471523,0.375444,0.846967
35.3900,0.466419,0.380549,0.846968
35.4000,0.463734,0.383234,0.846968
35.4200,0.458143,0.388826,0.846969
35.4400,0.452313,0.394658,0.846970
35.4500,0.449329,0.397642,0.846971
35.4700,0.443270,0.403702,0.846972
35.4900,0.437149,0.409825,0.846973
35.5000,0.434086,0.412887,0.846974
35.5200,0.428004,0.418971,0.846975
35.5400,0.422036,0.424940,0.846976
35.5500,0.419116,0.427861,0.846976
35.5700,0.413446,0.433531,0.846977
35.5900,0.408057,0.438922,0.846978
35.6000,0.405486,0.441493,0.846979
35.6200,0.400630,0.446350,0.846980
35.6400,0.396197,0.450783,0.846980
35.6500,0.394155,0.452826,0.846981
35.6700,0.390449,0.456532,0.846981
35.6900,0.387279,0.459703,0.846982
35.7000,0.385907,0.461076,0.846982
35.7200,0.383604,0.463378,0.846983
35.7400,0.381912,0.465071,0.846983
35.7500,0.381301,0.465682,0.846983
35.7700,0.380556,0.466427,0.846983
35.7900,0.380452,0.466531,0.846983
35.8000,0.380641,0.466342,0.846983
35.8200,0.381499,0.465484,0.846983
35.8400,0.382985,0.463998,0.846983
35.8500,0.383959,0.463023,0.846982
35.8700,0.386355,0.460627,0.846982
35.8900,0.389324,0.457657,0.846981
35.9000,0.391014,0.455967,0.846981
35.9200,0.394782,0.452199,0.846980
35.9400,0.399031,0.447949,0.846980
35.9500,0.401322,0.445657,0.846979
35.9700,0.406206,0.440772,0.846979
35.9900,0.411449,0.435529,0.846978
36.0000,0.414188,0.432789,0.846977
36.0200,0.419864,0.427112,0.846976
36.0400,0.425755,0.421220,0.846975
36.0500,0.428763,0.418212,0.846975
36.0700,0.434861,0.412112,0.846974
36.0900,0.441020,0.405952,0.846973
36.1000,0.444103,0.402869,0.846972
36.1200,0.450235,0.396736,0.846971
36.1400,0.456273,0.390697,0.846970
36.1500,0.459238,0.387732,0.846970
36.1700,0.465022,0.381947,0.846969
36.1900,0.470567,0.376402,0.846968
36.2000,0.473232,0.373736,0.846968
36.2200,0.478319,0.368648,0.846967
36.2400,0.483040,0.363927,0.846966
36.2500,0.485249,0.361717,0.846966
36.2700,0.489342,0.357623,0.846965
36.2900,0.492970,0.353995,0.846965
36.3000,0.494600,0.352365,0.846965
36.3200,0.497473,0.349491,0.846964
36.3400,0.499814,0.347150,0.846964
36.3500,0.500779,0.346185,0.846964
36.3700,0.502291,0.344673,0.846964
36.3900,0.503237,0.343727,0.846964
36.4000,0.503497,0.343467,0.846964
36.4200,0.503591,0.343373,0.846964
36.4400,0.503122,0.343842,0.846964
36.4500,0.502680,0.344285,0.846964
36.4700,0.501388,0.345576,0.846964
36.4900,0.499571,0.347394,0.846965
36.5000,0.498472,0.348493,0.846965
36.5200,0.495910,0.351055,0.846965
36.5400,0.492889,0.354077,0.846966
36.5500,0.491216,0.355750,0.846966
36.5700,0.487569,0.359398,0.846967
36.5900,0.483553,0.363415,0.846968
36.6000,0.481419,0.365549,0.846968
36.6200,0.476928,0.370041,0.846969
36.6400,0.472176,0.374793,0.846969
36.6500,0.469717,0.377253,0.846970
36.6700,0.464660,0.382310,0.846970
36.6900,0.459461,0.387510,0.846971
36.7000,0.456823,0.390149,0.846972
36.7200,0.451499,0.395473,0.846972
36.7400,0.446151,0.400822,0.846973
36.7500,0.443483,0.403491,0.846973
36.7700,0.438185,0.408789,0.846974
36.7900,0.432976,0.413999,0.846975
36.8000,0.430418,0.416558,0.846975
36.8200,0.425418,0.421558,0.846976
36.8400,0.420605,0.426371,0.846976
36.8500,0.418280,0.428697,0.846977
36.8700,0.413810,0.433167,0.846977
36.8900,0.409604,0.437373,0.846977
36.9000,0.407608,0.439369,0.846978
36.9200,0.403844,0.443134,0.846978
36.9400,0.400397,0.446581,0.846978
36.9500,0.398797,0.448181,0.846978
36.9700,0.395849,0.451129,0.846978
36.9900,0.393244,0.453734,0.846978
37.0000,0.392071,0.454907,0.846978
37.0200,0.389982,0.456996,0.846978
37.0400,0.388232,0.458747,0.846978
37.0500,0.387481,0.459497,0.846978
37.0700,0.386221,0.460756,0.846978
37.0900,0.385271,0.461706,0.846978
37.1000,0.384907,0.462071,0.846977
37.1200,0.384385,0.462592,0.846977
37.1400,0.384120,0.462856,0.846977
37.1500,0.384077,0.462900,0.846976
37.1700,0.384149,0.462827,0.846976
37.1900,0.384410,0.462566,0.846975
37.2000,0.384601,0.462374,0.846975
37.2200,0.385087,0.461887,0.846975
37.2400,0.385684,0.461290,0.846974
37.2500,0.386014,0.460960,0.846974
37.2700,0.386716,0.460258,0.846973
37.2900,0.387448,0.459525,0.846973
37.3000,0.387817,0.459156,0.846973
37.3200,0.388539,0.458433,0.846972
37.3400,0.389219,0.457753,0.846972
37.3500,0.389534,0.457437,0.846972
37.3700,0.390102,0.456869,0.846971
37.3900,0.390568,0.456403,0.846971
37.4000,0.390757,0.456214,0.846971
37.4200,0.391035,0.455936,0.846971
37.4400,0.391171,0.455800,0.846971
37.4500,0.391182,0.455789,0.846971
37.4700,0.391086,0.455884,0.846970
37.4900,0.390831,0.456139,0.846970
37.5000,0.390643,0.456327,0.846970
37.5200,0.390150,0.456821,0.846971
37.5400,0.389504,0.457467,0.846971
37.5500,0.389127,0.457844,0.846971
37.5700,0.388272,0.458699,0.846971
37.5900,0.387297,0.459674,0.846971
37.6000,0.386770,0.460201,0.846972
37.6200,0.385651,0.461321,0.846972
37.6400,0.384463,0.462509,0.846972
37.6500,0.383852,0.463121,0.846973
37.6700,0.382611,0.464362,0.846973
37.6900,0.381371,0.465602,0.846973
37.7000,0.380761,0.466213,0.846974
37.7200,0.379578,0.467396,0.846974
37.7400,0.378474,0.468501,0.846975
37.7500,0.377961,0.469014,0.846975
37.7700,0.377034,0.469942,0.846975
37.7900,0.376264,0.470712,0.846976
37.8000,0.375948,0.471028,0.846976
37.8200,0.375471,0.471505,0.846977
37.8400,0.375226,0.471751,0.846977
37.8500,0.375199,0.471778,0.846977
37.8700,0.375350,0.471628,0.846978
37.8900,0.375793,0.471185,0.846978
37.9000,0.376131,0.470847,0.846978
37.9200,0.377050,0.469928,0.846978
37.9400,0.378304,0.468674,0.846978
37.9500,0.379061,0.467917,0.846978
37.9700,0.380839,0.466140,0.846979
37.9900,0.382973,0.464006,0.846979
38.0000,0.384174,0.462804,0.846979
38.0200,0.386843,0.460135,0.846978
38.0400,0.389864,0.457114,0.846978
38.0500,0.391504,0.455475,0.846978
38.0700,0.395033,0.451945,0.846978
38.0900,0.398884,0.448093,0.846978
38.1000,0.400925,0.446053,0.846978
38.1200,0.405221,0.441757,0.846977
38.1400,0.409783,0.437193,0.846977
38.1500,0.412156,0.434820,0.846976
38.1700,0.417065,0.429911,0.846976
38.1900,0.422166,0.424810,0.846975
38.2000,0.424776,0.422199,0.846975
38.2200,0.430096,0.416878,0.846974
38.2400,0.435514,0.411460,0.846974
38.2500,0.438247,0.408727,0.846974
38.2700,0.443735,0.403238,0.846973
38.2900,0.449217,0.397755,0.846972
38.3000,0.451942,0.395030,0.846972
38.3200,0.457332,0.389639,0.846971
38.3400,0.462606,0.384364,0.846970
38.3500,0.465185,0.381785,0.846970
38.3700,0.470202,0.376768,0.846969
38.3900,0.474992,0.371977,0.846969
38.4000,0.477289,0.369679,0.846968
38.4200,0.481661,0.365306,0.846968
38.4400,0.485705,0.361262,0.846967
38.4500,0.487591,0.359376,0.846967
38.4700,0.491072,0.355895,0.846966
38.4900,0.494133,0.352833,0.846966
38.5000,0.495497,0.351469,0.846966
38.5200,0.497873,0.349092,0.846965
38.5400,0.499759,0.347206,0.846965
38.5500,0.500511,0.346453,0.846965
38.5700,0.501622,0.345343,0.846964
38.5900,0.502194,0.344770,0.846964
38.6000,0.502274,0.344690,0.846964
38.6200,0.502018,0.344947,0.846964
38.6400,0.501201,0.345763,0.846964
38.6500,0.500583,0.346381,0.846964
38.6700,0.498927,0.348037,0.846964
38.6900,0.496719,0.350245,0.846964
38.7000,0.495411,0.351553,0.846964
38.7200,0.492397,0.354567,0.846965
38.7400,0.488868,0.358097,0.846965
38.7500,0.486918,0.360047,0.846965
38.7700,0.482660,0.364305,0.846966
38.7900,0.477953,0.369013,0.846966
38.8000,0.475442,0.371525,0.846967
38.8200,0.470124,0.376843,0.846967
38.8400,0.464448,0.382520,0.846968
38.8500,0.461489,0.385479,0.846968
38.8700,0.455355,0.391614,0.846969
38.8900,0.448974,0.397996,0.846970
38.9000,0.445706,0.401264,0.846970
38.9200,0.439045,0.407925,0.846971
38.9400,0.432263,0.414708,0.846972
38.9500,0.428843,0.418129,0.846972
38.9700,0.421976,0.424997,0.846973
38.9900,0.415119,0.431854,0.846974
39.0000,0.411711,0.435263,0.846974
39.0200,0.404968,0.442007,0.846975
39.0400,0.398366,0.448610,0.846976
39.0500,0.395133,0.451843,0.846976
39.0700,0.388834,0.458143,0.846977
39.0900,0.382797,0.464181,0.846977
39.1000,0.379890,0.467088,0.846978
39.1200,0.374326,0.472652,0.846978
39.1400,0.369128,0.477851,0.846979
39.1500,0.366677,0.480302,0.846979
39.1700,0.362092,0.484887,0.846980
39.1900,0.357954,0.489026,0.846980
39.2000,0.356060,0.490920,0.846980
39.2200,0.352638,0.494343,0.846980
39.2400,0.349715,0.497266,0.846981
39.2500,0.348446,0.498535,0.846981
39.2700,0.346297,0.500684,0.846981
39.2900,0.344672,0.502309,0.846981
39.3000,0.344056,0.502925,0.846981
39.3200,0.343217,0.503764,0.846981
39.3400,0.342895,0.504085,0.846981
39.3500,0.342925,0.504055,0.846980
39.3700,0.343358,0.503622,0.846980
39.3900,0.344272,0.502708,0.846980
39.4000,0.344903,0.502077,0.846980
39.4200,0.346498,0.500481,0.846979
39.4400,0.348514,0.498465,0.846979
39.4500,0.349670,0.497309,0.846978
39.4700,0.352259,0.494719,0.846978
39.4900,0.355186,0.491791,0.846977
39.5000,0.356766,0.490211,0.846977
39.5200,0.360133,0.486844,0.846976
39.5400,0.363742,0.483234,0.846976
39.5500,0.365625,0.481350,0.846975
39.5700,0.369522,0.477453,0.846975
39.5900,0.373558,0.473416,0.846974
39.6000,0.375615,0.471359,0.846974
39.6200,0.379780,0.467193,0.846973
39.6400,0.383980,0.462993,0.846973
39.6500,0.386080,0.460893,0.846972
39.6700,0.390255,0.456717,0.846972
39.6900,0.394365,0.452607,0.846971
39.7000,0.396384,0.450587,0.846971
39.7200,0.400329,0.446642,0.846970
39.7400,0.404122,0.442848,0.846970
39.7500,0.405952,0.441018,0.846970
39.7700,0.409461,0.437508,0.846969
39.7900,0.412749,0.434220,0.846969
39.8000,0.414303,0.432665,0.846969
39.8200,0.417219,0.429749,0.846968
39.8400,0.419865,0.427103,0.846968
39.8500,0.421083,0.425885,0.846968
39.8700,0.423302,0.423666,0.846968
39.8900,0.425227,0.421741,0.846968
39.9000,0.426079,0.420889,0.846968
39.9200,0.427560,0.419408,0.846968
39.9400,0.428748,0.418220,0.846968
39.9500,0.429235,0.417733,0.846968
39.9700,0.430000,0.416969,0.846969
39.9900,0.430498,0.416471,0.846969
40.0000,0.430652,0.416317,0.846969
40.0200,0.430781,0.416188,0.846969
40.0400,0.430692,0.416278,0.846970
40.0500,0.430572,0.416398,0.846970
40.0700,0.430201,0.416769,0.846970
40.0900,0.429676,0.417295,0.846971
40.1000,0.429366,0.417605,0.846971
40.1200,0.428669,0.418302,0.846971
40.1400,0.427898,0.419074,0.846972
40.1500,0.427495,0.419477,0.846972
40.1700,0.426677,0.420296,0.846973
40.1900,0.425869,0.421104,0.846973
40.2000,0.425480,0.421493,0.846974
40.2200,0.424754,0.422220,0.846974
40.2400,0.424124,0.422851,0.846975
40.2500,0.423854,0.423121,0.846975
40.2700,0.423427,0.423548,0.846975
40.2900,0.423173,0.423803,0.846976
40.3000,0.423119,0.423857,0.846976
40.3200,0.423173,0.423803,0.846976
40.3400,0.423462,0.423514,0.846977
40.3500,0.423701,0.423276,0.846977
40.3700,0.424377,0.422600,0.846977
40.3900,0.425329,0.421649,0.846977
40.4000,0.425911,0.421066,0.846977
40.4200,0.427292,0.419685,0.846977
40.4400,0.428965,0.418012,0.846977
40.4500,0.429910,0.417067,0.846977
40.4700,0.432015,0.414962,0.846977
40.4900,0.434398,0.412579,0.846977
40.5000,0.435690,0.411287,0.846977
40.5200,0.438464,0.408512,0.846976
40.5400,0.441475,0.405501,0.846976
40.5500,0.443061,0.403915,0.846976
40.5700,0.446378,0.400597,0.846975
40.5900,0.449863,0.397112,0.846975
40.6000,0.451657,0.395318,0.846974
40.6200,0.455326,0.391648,0.846974
40.6400,0.459069,0.387904,0.846973
40.6500,0.460955,0.386018,0.846973
40.6700,0.464729,0.382243,0.846972
40.6900,0.468467,0.378504,0.846971
40.7000,0.470308,0.376663,0.846971
40.7200,0.473903,0.373067,0.846970
40.7400,0.477342,0.369628,0.846970
40.7500,0.478987,0.367982,0.846969
40.7700,0.482101,0.364867,0.846968
40.7900,0.484937,0.362030,0.846968
40.8000,0.486237,0.360730,0.846967
40.8200,0.488571,0.358395,0.846967
40.8400,0.490516,0.356450,0.846966
40.8500,0.491329,0.355637,0.846966
40.8700,0.492614,0.354351,0.846965
40.8900,0.493413,0.353551,0.846965
40.9000,0.493621,0.353343,0.846964
40.9200,0.493636,0.353328,0.846964
40.9400,0.493095,0.353869,0.846964
40.9500,0.492610,0.354354,0.846964
40.9700,0.491202,0.355762,0.846963
40.9900,0.489200,0.357764,0.846963
41.0000,0.487974,0.358989,0.846963
41.0200,0.485074,0.361890,0.846963
41.0400,0.481577,0.365387,0.846964
41.0500,0.479608,0.367356,0.846964
41.0700,0.475236,0.371727,0.846964
41.0900,0.470305,0.376660,0.846964
41.1000,0.467636,0.379329,0.846965
41.1200,0.461911,0.385054,0.846965
41.1400,0.455699,0.391267,0.846966
41.1500,0.452421,0.394545,0.846966
41.1700,0.445551,0.401416,0.846967
41.1900,0.438299,0.408669,0.846968
41.2000,0.434546,0.412422,0.846968
41.2200,0.426819,0.420150,0.846969
41.2400,0.418846,0.428123,0.846970
41.2500,0.414787,0.432184,0.846970
41.2700,0.406559,0.440412,0.846971
41.2900,0.398243,0.448729,0.846972
41.3000,0.394072,0.452901,0.846973
41.3200,0.385748,0.461226,0.846974
41.3400,0.377504,0.469471,0.846975
41.3500,0.373434,0.473542,0.846976
41.3700,0.365440,0.481537,0.846977
41.3900,0.357699,0.489279,0.846978
41.4000,0.353944,0.493034,0.846978
41.4200,0.346709,0.500270,0.846979
41.4400,0.339893,0.507087,0.846980
41.4500,0.336661,0.510319,0.846981
41.4700,0.330589,0.516393,0.846982
41.4900,0.325085,0.521898,0.846982
41.5000,0.322563,0.524420,0.846983
41.5200,0.318009,0.528974,0.846984
41.5400,0.314149,0.532835,0.846984
41.5500,0.312491,0.534493,0.846984
41.5700,0.309746,0.537239,0.846985
41.5900,0.307785,0.539201,0.846985
41.6000,0.307107,0.539878,0.846986
41.6200,0.306372,0.540614,0.846986
41.6400,0.306476,0.540510,0.846986
41.6500,0.306846,0.540140,0.846986
41.6700,0.308227,0.538759,0.846986
41.6900,0.310460,0.536526,0.846986
41.7000,0.311894,0.535092,0.846986
41.7200,0.315392,0.531594,0.846986
41.7400,0.319712,0.527273,0.846985
41.7500,0.322174,0.524811,0.846985
41.7700,0.327683,0.519301,0.846984
41.7900,0.333944,0.513039,0.846984
41.8000,0.337345,0.509638,0.846983
41.8200,0.344660,0.502323,0.846983
41.8400,0.352617,0.494365,0.846982
41.8500,0.356821,0.490161,0.846981
41.8700,0.365642,0.481339,0.846981
41.8900,0.374964,0.472015,0.846979
41.9000,0.379793,0.467186,0.846979
41.9200,0.389744,0.457233,0.846978
41.9400,0.400029,0.446948,0.846977
41.9500,0.405273,0.441703,0.846976
41.9700,0.415919,0.431056,0.846975
41.9900,0.426711,0.420262,0.846974
42.0000,0.432138,0.414835,0.846973
42.0200,0.443004,0.403968,0.846972
42.0400,0.453821,0.393150,0.846971
42.0500,0.459186,0.387784,0.846970
42.0700,0.469781,0.377188,0.846969
42.0900,0.480132,0.366836,0.846968
42.1000,0.485191,0.361776,0.846967
42.1200,0.495032,0.351934,0.846966
42.1400,0.504443,0.342522,0.846965
42.1500,0.508965,0.338000,0.846964
42.1700,0.517599,0.329364,0.846963
42.1900,0.525635,0.321327,0.846962
42.2000,0.529410,0.317552,0.846962
42.2200,0.536437,0.310524,0.846961
42.2400,0.542724,0.304236,0.846960
42.2500,0.545576,0.301384,0.846960
42.2700,0.550667,0.296292,0.846959
42.2900,0.554912,0.292047,0.846959
42.3000,0.556706,0.290253,0.846959
42.3200,0.559622,0.287336,0.846958
42.3400,0.561623,0.285335,0.846958
42.3500,0.562275,0.284683,0.846958
42.3700,0.562877,0.284080,0.846958
42.3900,0.562540,0.284418,0.846958
42.4000,0.562020,0.284938,0.846958
42.4200,0.560281,0.286677,0.846958
42.4400,0.557623,0.289336,0.846959
42.4500,0.555956,0.291003,0.846959
42.4700,0.551961,0.294998,0.846959
42.4900,0.547113,0.299846,0.846960
42.5000,0.544382,0.302579,0.846960
42.5200,0.538328,0.308633,0.846961
42.5400,0.531530,0.315431,0.846962
42.5500,0.527869,0.319093,0.846962
42.5700,0.520057,0.326907,0.846963
42.5900,0.511645,0.335319,0.846964
42.6000,0.507235,0.339730,0.846965
42.6200,0.498052,0.348914,0.846966
42.6400,0.488444,0.358523,0.846967
42.6500,0.483505,0.363463,0.846968
42.6700,0.473405,0.373564,0.846969
42.6900,0.463076,0.383894,0.846970
42.7000,0.457852,0.389119,0.846971
42.7200,0.447333,0.399639,0.846972
42.7400,0.436792,0.410182,0.846974
42.7500,0.431538,0.415437,0.846974
42.7700,0.421114,0.425862,0.846976
42.7900,0.410869,0.436108,0.846977
42.8000,0.405838,0.441139,0.846977
42.8200,0.396006,0.450972,0.846979
42.8400,0.386542,0.460437,0.846980
42.8500,0.381970,0.465010,0.846980
42.8700,0.373185,0.473796,0.846981
42.8900,0.364930,0.482052,0.846982
42.9000,0.361020,0.485962,0.846982
42.9200,0.353666,0.493317,0.846983
42.9400,0.346972,0.500011,0.846984
42.9500,0.343886,0.503098,0.846984
42.9700,0.338257,0.508727,0.846985
42.9900,0.333377,0.513608,0.846985
43.0000,0.331226,0.515759,0.846985
43.0200,0.327511,0.519475,0.846985
43.0400,0.324589,0.522396,0.846985
43.0500,0.323427,0.523558,0.846985
43.0700,0.321703,0.525283,0.846985
43.0900,0.320770,0.526215,0.846985
43.1000,0.320597,0.526388,0.846985
43.1200,0.320827,0.526158,0.846985
43.1400,0.321805,0.525179,0.846984
43.1500,0.322566,0.524418,0.846984
43.1700,0.324610,0.522373,0.846983
43.1900,0.327321,0.519662,0.846983
43.2000,0.328913,0.518069,0.846982
43.2200,0.332543,0.514439,0.846982
43.2400,0.336726,0.510255,0.846981
43.2500,0.339009,0.507972,0.846980
43.2700,0.343923,0.503056,0.846980
43.2900,0.349257,0.497722,0.846979
43.3000,0.352062,0.494916,0.846978
43.3200,0.357914,0.489063,0.846977
43.3400,0.364038,0.482939,0.846976
43.3500,0.367182,0.479794,0.846976
43.3700,0.373600,0.473375,0.846975
43.3900,0.380140,0.466834,0.846974
43.4000,0.383438,0.463536,0.846974
43.4200,0.390052,0.456921,0.846973
43.4400,0.396646,0.450326,0.846972
43.4500,0.399918,0.447054,0.846971
43.4700,0.406381,0.440590,0.846971
43.4900,0.412696,0.434274,0.846970
43.5000,0.415784,0.431186,0.846970
43.5200,0.421793,0.425176,0.846969
43.5400,0.427547,0.419421,0.846969
43.5500,0.430318,0.416650,0.846968
43.5700,0.435626,0.411342,0.846968
43.5900,0.440599,0.406368,0.846967
43.6000,0.442953,0.404014,0.846967
43.6200,0.447381,0.399586,0.846967
43.6400,0.451424,0.395543,0.846967
43.6500,0.453297,0.393670,0.846967
43.6700,0.456739,0.390227,0.846967
43.6900,0.459774,0.387192,0.846967
43.7000,0.461138,0.385829,0.846967
43.7200,0.463560,0.383406,0.846967
43.7400,0.465580,0.381387,0.846967
43.7500,0.466442,0.380525,0.846967
43.7700,0.467876,0.379092,0.846967
43.7900,0.468936,0.378031,0.846967
43.8000,0.469332,0.377636,0.846968
43.8200,0.469866,0.377102,0.846968
43.8400,0.470075,0.376894,0.846968
43.8500,0.470064,0.376904,0.846968
43.8700,0.469831,0.377138,0.846969
43.8900,0.469334,0.377635,0.846969
43.9000,0.468995,0.377974,0.846969
43.9200,0.468155,0.378815,0.846970
43.9400,0.467121,0.379850,0.846970
43.9500,0.466540,0.380431,0.846971
43.9700,0.465268,0.381703,0.846971
43.9900,0.463872,0.383099,0.846971
44.0000,0.463137,0.383835,0.846972
44.0200,0.461606,0.385366,0.846972
44.0400,0.460018,0.386955,0.846972
44.0500,0.459209,0.387763,0.846972
44.0700,0.457579,0.389394,0.846973
44.0900,0.455947,0.391026,0.846973
44.1000,0.455136,0.391837,0.846973
44.1200,0.453538,0.393435,0.846973
44.1400,0.451983,0.394991,0.846974
44.1500,0.451225,0.395748,0.846974
44.1700,0.449758,0.397215,0.846974
44.1900,0.448364,0.398610,0.846974
44.2000,0.447696,0.399278,0.846974
44.2200,0.446423,0.400551,0.846974
44.2400,0.445235,0.401739,0.846974
44.2500,0.444674,0.402300,0.846974
44.2700,0.443618,0.403356,0.846974
44.2900,0.442647,0.404327,0.846974
44.3000,0.442193,0.404781,0.846974
44.3200,0.441342,0.405632,0.846974
44.3400,0.440564,0.406410,0.846973
44.3500,0.440199,0.406774,0.846973
44.3700,0.439513,0.407460,0.846973
44.3900,0.438877,0.408096,0.846973
44.4000,0.438574,0.408399,0.846973
44.4200,0.437990,0.408983,0.846973
44.4400,0.437427,0.409546,0.846973
44.4500,0.437149,0.409823,0.846972
44.4700,0.436593,0.410379,0.846972
44.4900,0.436026,0.410946,0.846972
44.5000,0.435734,0.411238,0.846972
44.5200,0.435128,0.411844,0.846972
44.5400,0.434482,0.412490,0.846972
44.5500,0.434140,0.412831,0.846971
44.5700,0.433414,0.413557,0.846971
44.5900,0.432623,0.414348,0.846971
44.6000,0.432201,0.414770,0.846971
44.6200,0.431301,0.415670,0.846971
44.6400,0.430320,0.416651,0.846971
44.6500,0.429798,0.417173,0.846971
44.6700,0.428692,0.418279,0.846971
44.6900,0.427500,0.419471,0.846971
44.7000,0.426872,0.420099,0.846971
44.7200,0.425555,0.421416,0.846971
44.7400,0.424159,0.422812,0.846971
44.7500,0.423433,0.423538,0.846971
44.7700,0.421931,0.425040,0.846971
44.7900,0.420369,0.426603,0.846972
44.8000,0.419568,0.427404,0.846972
44.8200,0.417935,0.429037,0.846972
44.8400,0.416271,0.430701,0.846972
44.8500,0.415432,0.431541,0.846972
44.8700,0.413748,0.433225,0.846972
44.8900,0.412070,0.434903,0.846973
44.9000,0.411239,0.435734,0.846973
44.9200,0.409603,0.437370,0.846973
44.9400,0.408018,0.438955,0.846973
44.9500,0.407250,0.439724,0.846974
44.9700,0.405774,0.441200,0.846974
44.9900,0.404395,0.442579,0.846974
45.0000,0.403747,0.443228,0.846974
45.0200,0.402545,0.444429,0.846975
45.0400,0.401485,0.445490,0.846975
45.0500,0.401012,0.445963,0.846975
45.0700,0.400193,0.446782,0.846975
45.0900,0.399553,0.447423,0.846975
45.1000,0.399304,0.447671,0.846975
45.1200,0.398957,0.448018,0.846976
45.1400,0.398819,0.448156,0.846976
45.1500,0.398831,0.448144,0.846976
45.1700,0.399022,0.447953,0.846976
45.1900,0.399440,0.447536,0.846976
45.2000,0.399734,0.447242,0.846976
45.2200,0.400496,0.446480,0.846976
45.2400,0.401486,0.445489,0.846976
45.2500,0.402067,0.444909,0.846976
45.2700,0.403394,0.443582,0.846976
45.2900,0.404937,0.442038,0.846976
45.3000,0.405787,0.441188,0.846975
45.3200,0.407635,0.439340,0.846975
45.3400,0.409671,0.437304,0.846975
45.3500,0.410755,0.436220,0.846975
45.3700,0.413041,0.433933,0.846975
45.3900,0.415472,0.431502,0.846974
45.4000,0.416735,0.430239,0.846974
45.4200,0.419342,0.427632,0.846974
45.4400,0.422037,0.424936,0.846973
45.4500,0.423410,0.423563,0.846973
45.4700,0.426190,0.420783,0.846973
45.4900,0.428994,0.417978,0.846972
45.5000,0.430396,0.416576,0.846972
45.5200,0.433184,0.413788,0.846972
45.5400,0.435925,0.411046,0.846971
45.5500,0.437269,0.409702,0.846971
45.5700,0.439887,0.407083,0.846970
45.5900,0.442388,0.404582,0.846970
45.6000,0.443586,0.403384,0.846970
45.6200,0.445858,0.401111,0.846969
45.6400,0.447946,0.399023,0.846969
45.6500,0.448912,0.398057,0.846969
45.6700,0.450674,0.396295,0.846968
45.6900,0.452189,0.394779,0.846968
45.7000,0.452848,0.394120,0.846968
45.7200,0.453954,0.393014,0.846968
45.7400,0.454763,0.392205,0.846967
45.7500,0.455050,0.391917,0.846967
45.7700,0.455383,0.391584,0.846967
45.7900,0.455381,0.391586,0.846967
45.8000,0.455251,0.391715,0.846967
45.8200,0.454729,0.392238,0.846967
45.8400,0.453849,0.393118,0.846967
45.8500,0.453274,0.393693,0.846967
45.8700,0.451853,0.395114,0.846967
45.8900,0.450070,0.396897,0.846967
45.9000,0.449044,0.397923,0.846967
45.9200,0.446725,0.400242,0.846967
45.9400,0.444057,0.402910,0.846967
45.9500,0.442595,0.404372,0.846967
45.9700,0.439425,0.407543,0.846967
45.9900,0.435937,0.411031,0.846968
46.0000,0.434080,0.412888,0.846968
46.0200,0.430151,0.416818,0.846968
46.0400,0.425955,0.421014,0.846969
46.0500,0.423765,0.423204,0.846969
46.0700,0.419217,0.427753,0.846969
46.0900,0.414471,0.432499,0.846970
46.1000,0.412033,0.434937,0.846970
46.1200,0.407051,0.439920,0.846971
46.1400,0.401955,0.445016,0.846971
46.1500,0.399377,0.447595,0.846972
46.1700,0.394184,0.452788,0.846972
46.1900,0.388979,0.457994,0.846973
46.2000,0.386384,0.460589,0.846973
46.2200,0.381240,0.465734,0.846974
46.2400,0.376193,0.470782,0.846975
46.2500,0.373720,0.473255,0.846975
46.2700,0.368906,0.478070,0.846976
46.2900,0.364305,0.482671,0.846977
46.3000,0.362100,0.484877,0.846977
46.3200,0.357908,0.489069,0.846978
46.3400,0.354047,0.492931,0.846978
46.3500,0.352254,0.494724,0.846979
46.3700,0.348973,0.498006,0.846979
46.3900,0.346132,0.500848,0.846980
46.4000,0.344889,0.502091,0.846980
46.4200,0.342783,0.504198,0.846981
46.4400,0.341212,0.505769,0.846981
46.4500,0.340638,0.506344,0.846982
46.4700,0.339930,0.507052,0.846982
46.4900,0.339831,0.507151,0.846982
46.5000,0.340017,0.506965,0.846982
46.5200,0.340871,0.506111,0.846983
46.5400,0.342380,0.504603,0.846983
46.5500,0.343382,0.503600,0.846983
46.5700,0.345887,0.501096,0.846983
46.5900,0.349056,0.497927,0.846983
46.6000,0.350889,0.496094,0.846983
46.6200,0.355043,0.491940,0.846982
46.6400,0.359835,0.487147,0.846982
46.6500,0.362464,0.484518,0.846982
46.6700,0.368172,0.478809,0.846981
46.6900,0.374452,0.472528,0.846981
46.7000,0.377796,0.469184,0.846980
46.7200,0.384864,0.462115,0.846980
46.7400,0.392402,0.454577,0.846979
46.7500,0.396331,0.450647,0.846978
46.7700,0.404475,0.442503,0.846978
46.7900,0.412951,0.434026,0.846977
46.8000,0.417294,0.429682,0.846976
46.8200,0.426148,0.420827,0.846975
46.8400,0.435169,0.411805,0.846974
46.8500,0.439720,0.407253,0.846973
46.8700,0.448856,0.398116,0.846972
46.8900,0.457975,0.388996,0.846971
46.9000,0.462505,0.384466,0.846970
46.9200,0.471454,0.375515,0.846969
46.9400,0.480194,0.366774,0.846968
46.9500,0.484461,0.362507,0.846967
46.9700,0.492741,0.354225,0.846966
46.9900,0.500620,0.346345,0.846965
47.0000,0.504386,0.342578,0.846964
47.0200,0.511528,0.335435,0.846963
47.0400,0.518091,0.328871,0.846962
47.0500,0.521136,0.325826,0.846962
47.0700,0.526712,0.320249,0.846961
47.0900,0.531556,0.315404,0.846960
47.1000,0.533687,0.313273,0.846960
47.1200,0.537338,0.309621,0.846959
47.1400,0.540137,0.306821,0.846958
47.1500,0.541206,0.305752,0.846958
47.1700,0.542663,0.304294,0.846958
47.1900,0.543192,0.303766,0.846957
47.2000,0.543101,0.303856,0.846957
47.2200,0.542205,0.304752,0.846957
47.2400,0.540349,0.306608,0.846957
47.2500,0.539062,0.307895,0.846957
47.2700,0.535774,0.311184,0.846958
47.2900,0.531546,0.315412,0.846958
47.3000,0.529086,0.317872,0.846958
47.3200,0.523493,0.323465,0.846959
47.3400,0.517032,0.329927,0.846959
47.3500,0.513488,0.333472,0.846960
47.3700,0.505804,0.341157,0.846961
47.3900,0.497370,0.349592,0.846961
47.4000,0.492889,0.354073,0.846962
47.4200,0.483443,0.363520,0.846963
47.4400,0.473408,0.373556,0.846964
47.4500,0.468193,0.378772,0.846965
47.4700,0.457415,0.389551,0.846966
47.4900,0.446245,0.400722,0.846968
47.5000,0.440540,0.406428,0.846968
47.5200,0.428943,0.418027,0.846970
47.5400,0.417175,0.429796,0.846971
47.5500,0.411256,0.435716,0.846972
47.5700,0.399407,0.447567,0.846973
47.5900,0.387622,0.459353,0.846975
47.6000,0.381783,0.465192,0.846976
47.6200,0.370273,0.476704,0.846977
47.6400,0.359065,0.487913,0.846979
47.6500,0.353604,0.493376,0.846979
47.6700,0.343021,0.503960,0.846981
47.6900,0.332966,0.514016,0.846982
47.7000,0.328163,0.518820,0.846983
47.7200,0.319057,0.527927,0.846984
47.7400,0.310681,0.536303,0.846985
47.7500,0.306790,0.540195,0.846985
47.7700,0.299643,0.547343,0.846986
47.7900,0.293394,0.553593,0.846987
47.8000,0.290623,0.556364,0.846988
47.8200,0.285822,0.561167,0.846988
47.8400,0.282041,0.564948,0.846989
47.8500,0.280544,0.566445,0.846989
47.8700,0.278356,0.568633,0.846989
47.8900,0.277259,0.569731,0.846990
47.9000,0.277123,0.569866,0.846990
47.9200,0.277682,0.569308,0.846990
47.9400,0.279344,0.567645,0.846989
47.9500,0.280586,0.566403,0.846989
47.9700,0.283880,0.563109,0.846989
47.9900,0.288231,0.558757,0.846988
48.0000,0.290793,0.556195,0.846988
48.0200,0.296663,0.550324,0.846987
48.0400,0.303489,0.543497,0.846986
48.0500,0.307243,0.539743,0.846986
48.0700,0.315393,0.531592,0.846985
48.0900,0.324344,0.522639,0.846984
48.1000,0.329097,0.517886,0.846983
48.1200,0.339107,0.507875,0.846982
48.1400,0.349719,0.497261,0.846980
48.1500,0.355224,0.491756,0.846980
48.1700,0.366571,0.480407,0.846978
48.1900,0.378291,0.468686,0.846977
48.2000,0.384259,0.462716,0.846976
48.2200,0.396351,0.450623,0.846974
48.2400,0.408565,0.438408,0.846973
48.2500,0.414686,0.432286,0.846972
48.2700,0.426890,0.420080,0.846970
48.2900,0.438961,0.408008,0.846969
48.3000,0.444915,0.402053,0.846968
48.3200,0.456597,0.390369,0.846967
48.3400,0.467900,0.379065,0.846965
48.3500,0.473380,0.373584,0.846964
48.3700,0.483940,0.363023,0.846963
48.3900,0.493898,0.353064,0.846962
48.4000,0.498626,0.348336,0.846961
48.4200,0.507531,0.339429,0.846960
48.4400,0.515648,0.331312,0.846959
48.4500,0.519390,0.327569,0.846959
48.4700,0.526207,0.320751,0.846958
48.4900,0.532095,0.314862,0.846957
48.5000,0.534677,0.312280,0.846957
48.5200,0.539095,0.307862,0.846957
48.5400,0.542497,0.304459,0.846956
48.5500,0.543811,0.303145,0.846956
48.5700,0.545658,0.301298,0.846956
48.5900,0.546462,0.300494,0.846956
48.6000,0.546474,0.300482,0.846956
48.6200,0.545728,0.301229,0.846957
48.6400,0.543970,0.302987,0.846957
48.6500,0.542721,0.304237,0.846957
48.6700,0.539505,0.307454,0.846958
48.6900,0.535367,0.311592,0.846959
48.7000,0.532968,0.313991,0.846959
48.7200,0.527545,0.319415,0.846960
48.7400,0.521341,0.325620,0.846961
48.7500,0.517968,0.328994,0.846962
48.7700,0.510722,0.336241,0.846963
48.7900,0.502878,0.344087,0.846964
48.8000,0.498757,0.348209,0.846965
48.8200,0.490169,0.356798,0.846967
48.8400,0.481194,0.365774,0.846968
48.8500,0.476590,0.370379,0.846969
48.8700,0.467205,0.379765,0.846970
48.8900,0.457662,0.389309,0.846972
48.9000,0.452861,0.394111,0.846972
48.9200,0.443256,0.403718,0.846974
48.9400,0.433725,0.413250,0.846975
48.9500,0.429015,0.417960,0.846976
48.9700,0.419763,0.427214,0.846977
48.9900,0.410804,0.436174,0.846978
49.0000,0.406461,0.440518,0.846979
49.0200,0.398094,0.448887,0.846980
49.0400,0.390215,0.456767,0.846981
49.0500,0.386480,0.460502,0.846982
49.0700,0.379458,0.467524,0.846983
49.0900,0.373083,0.473901,0.846984
49.1000,0.370153,0.476831,0.846984
49.1200,0.364838,0.482147,0.846984
49.1400,0.360280,0.486705,0.846985
49.1500,0.358294,0.488691,0.846985
49.1700,0.354926,0.492060,0.846985
49.1900,0.352373,0.494613,0.846986
49.2000,0.351405,0.495580,0.846986
49.2200,0.350089,0.496896,0.846985
49.2400,0.349593,0.497392,0.846985
49.2500,0.349648,0.497337,0.846985
49.2700,0.350353,0.496631,0.846985
49.2900,0.351828,0.495156,0.846984
49.3000,0.352843,0.494141,0.846984
49.3200,0.355405,0.491578,0.846983
49.3400,0.358636,0.488346,0.846982
49.3500,0.360487,0.486495,0.846982
49.3700,0.364623,0.482358,0.846981
49.3900,0.369286,0.477694,0.846980
49.4000,0.371794,0.475185,0.846979
49.4200,0.377123,0.469856,0.846978
49.4400,0.382804,0.464173,0.846977
49.4500,0.385754,0.461222,0.846976
49.4700,0.391824,0.455151,0.846975
49.4900,0.398054,0.448920,0.846974
49.5000,0.401205,0.445769,0.846973
49.5200,0.407526,0.439446,0.846972
49.5400,0.413809,0.433161,0.846971
49.5500,0.416912,0.430058,0.846970
49.5700,0.422992,0.423977,0.846969
49.5900,0.428842,0.418125,0.846968
49.6000,0.431659,0.415308,0.846967
49.6200,0.437034,0.409933,0.846966
49.6400,0.442009,0.404957,0.846965
49.6500,0.444328,0.402637,0.846965
49.6700,0.448594,0.398370,0.846964
49.6900,0.452324,0.394639,0.846964
49.7000,0.453974,0.392989,0.846963
49.7200,0.456819,0.390144,0.846963
49.7400,0.459031,0.387931,0.846962
49.7500,0.459892,0.387070,0.846962
49.7700,0.461111,0.385851,0.846962
49.7900,0.461650,0.385312,0.846962
49.8000,0.461662,0.385299,0.846962
49.8200,0.461175,0.385788,0.846962
49.8400,0.460010,0.386952,0.846962
49.8500,0.459178,0.387784,0.846962
49.8700,0.457031,0.389932,0.846963
49.8900,0.454260,0.392703,0.846963
49.9000,0.452653,0.394311,0.846964
49.9200,0.449017,0.397948,0.846965
49.9400,0.444860,0.402105,0.846965
49.9500,0.442602,0.404364,0.846966
49.9700,0.437764,0.409203,0.846967
49.9900,0.432546,0.414422,0.846968
50.0000,0.429815,0.417154,0.846968
50.0200,0.424152,0.422818,0.846969
50.0400,0.418282,0.428689,0.846971
50.0500,0.415293,0.431679,0.846971
50.0700,0.409253,0.437720,0.846972
50.0900,0.403197,0.443777,0.846974
50.1000,0.400188,0.446786,0.846974
50.1200,0.394256,0.452719,0.846976
50.1400,0.388506,0.458471,0.846977
50.1500,0.385723,0.461254,0.846977
50.1700,0.380390,0.466589,0.846978
50.1900,0.375427,0.471552,0.846980
50.2000,0.373108,0.473872,0.846980
50.2200,0.368835,0.478147,0.846981
50.2400,0.365102,0.481880,0.846982
50.2500,0.363457,0.483525,0.846982
50.2700,0.360645,0.486338,0.846983
50.2900,0.358511,0.488472,0.846984
50.3000,0.357713,0.489272,0.846984
50.3200,0.356675,0.490310,0.846985
50.3400,0.356410,0.490575,0.846985
50.3500,0.356575,0.490410,0.846985
50.3700,0.357513,0.489473,0.846985
50.3900,0.359268,0.487717,0.846985
50.4000,0.360454,0.486531,0.846985
50.4200,0.363440,0.483545,0.846985
50.4400,0.367235,0.479749,0.846985
50.4500,0.369431,0.477553,0.846985
50.4700,0.374403,0.472581,0.846984
50.4900,0.380122,0.466862,0.846984
50.5000,0.383249,0.463734,0.846983
50.5200,0.390010,0.456973,0.846982
50.5400,0.397402,0.449579,0.846982
50.5500,0.401317,0.445664,0.846981
50.5700,0.409544,0.437435,0.846980
50.5900,0.418243,0.428736,0.846979
50.6000,0.422745,0.424233,0.846978
50.6200,0.432008,0.414968,0.846977
50.6400,0.441546,0.405430,0.846975
50.6500,0.446390,0.400584,0.846975
50.6700,0.456176,0.390797,0.846973
50.6900,0.466015,0.380957,0.846972
50.7000,0.470925,0.376046,0.846971
50.7200,0.480669,0.366301,0.846970
50.7400,0.490232,0.356736,0.846968
50.7500,0.494917,0.352050,0.846967
50.7700,0.504036,0.342930,0.846966
50.7900,0.512745,0.334220,0.846965
50.8000,0.516918,0.330046,0.846964
50.8200,0.524848,0.322114,0.846963
50.8400,0.532157,0.314805,0.846962
50.8500,0.535553,0.311408,0.846961
50.8700,0.541785,0.305175,0.846960
50.8900,0.547213,0.299746,0.846959
50.9000,0.549606,0.297352,0.846958
50.9200,0.553716,0.293242,0.846958
50.9400,0.556883,0.290074,0.846957
50.9500,0.558099,0.288857,0.846957
50.9700,0.559777,0.287180,0.846956
50.9900,0.560424,0.286532,0.846956
51.0000,0.560354,0.286602,0.846956
51.0200,0.559422,0.287534,0.846956
51.0400,0.557429,0.289527,0.846956
51.0500,0.556036,0.290920,0.846956
51.0700,0.552463,0.294494,0.846956
51.0900,0.547858,0.299099,0.846957
51.1000,0.545177,0.301780,0.846957
51.1200,0.539079,0.307878,0.846958
51.1400,0.532037,0.314921,0.846958
51.1500,0.528178,0.318781,0.846959
51.1700,0.519816,0.327144,0.846960
51.1900,0.510650,0.336311,0.846961
51.2000,0.505787,0.341174,0.846961
51.2200,0.495549,0.351414,0.846963
51.2400,0.484693,0.362271,0.846964
51.2500,0.479060,0.367905,0.846965
51.2700,0.467440,0.379527,0.846966
51.2900,0.455424,0.391544,0.846968
51.3100,0.443109,0.403860,0.846969
51.3200,0.436870,0.410100,0.846970
51.3400,0.424291,0.422680,0.846972
51.3600,0.411665,0.435309,0.846973
51.3700,0.405365,0.441609,0.846974
51.3900,0.392856,0.454119,0.846976
51.4100,0.380554,0.466423,0.846977
51.4200,0.374511,0.472467,0.846978
51.4400,0.362705,0.484275,0.846979
51.4600,0.351350,0.495631,0.846981
51.4700,0.345871,0.501111,0.846981
51.4900,0.335365,0.511618,0.846983
51.5100,0.325534,0.521450,0.846984
51.5200,0.320896,0.526089,0.846985
51.5400,0.312225,0.534761,0.846986
51.5600,0.304416,0.542571,0.846987
51.5700,0.300856,0.546132,0.846987
51.5900,0.294458,0.552530,0.846988
51.6100,0.289068,0.557921,0.846989
51.6200,0.286764,0.560225,0.846989
51.6400,0.282963,0.564026,0.846990
51.6600,0.280262,0.566728,0.846990
51.6700,0.279330,0.567660,0.846990
51.6900,0.278314,0.568676,0.846990
51.7100,0.278433,0.568557,0.846990
51.7200,0.278918,0.568072,0.846990
51.7400,0.280731,0.566258,0.846990
51.7600,0.283656,0.563333,0.846989
51.7700,0.285527,0.561462,0.846989
51.7900,0.290067,0.556922,0.846988
51.8100,0.295636,0.551352,0.846988
51.8200,0.298792,0.548195,0.846987
51.8400,0.305812,0.541174,0.846986
51.8600,0.313727,0.533259,0.846985
51.8700,0.317998,0.528987,0.846985
51.8900,0.327124,0.519860,0.846984
51.9100,0.336961,0.510022,0.846982
51.9200,0.342120,0.504862,0.846982
51.9400,0.352865,0.494115,0.846980
51.9600,0.364102,0.482877,0.846979
51.9700,0.369875,0.477103,0.846978
51.9900,0.381670,0.465306,0.846976
52.0100,0.393713,0.453262,0.846975
52.0200,0.399795,0.447179,0.846974
52.0400,0.412018,0.434954,0.846972
52.0600,0.424233,0.422738,0.846971
52.0700,0.430305,0.416665,0.846970
52.0900,0.442317,0.404651,0.846968
52.1100,0.454069,0.392898,0.846967
52.1200,0.459817,0.387149,0.846966
52.1400,0.470998,0.375967,0.846965
52.1600,0.481685,0.365278,0.846963
52.1700,0.486817,0.360146,0.846963
52.1900,0.496605,0.350357,0.846962
52.2100,0.505697,0.341264,0.846960
52.2200,0.509960,0.337000,0.846960
52.2400,0.517881,0.329078,0.846959
52.2600,0.524948,0.322010,0.846958
52.2700,0.528146,0.318812,0.846958
52.2900,0.533845,0.313113,0.846957
52.3100,0.538585,0.308372,0.846957
52.3200,0.540588,0.306369,0.846957
52.3400,0.543846,0.303111,0.846957
52.3600,0.546101,0.300856,0.846957
52.3700,0.546851,0.300105,0.846957
52.3900,0.547602,0.299355,0.846957
52.4100,0.547366,0.299592,0.846957
52.4200,0.546884,0.300074,0.846958
52.4400,0.545211,0.301747,0.846958
52.4600,0.542625,0.304333,0.846959
52.4700,0.541004,0.305955,0.846959
52.4900,0.537135,0.309825,0.846960
52.5100,0.532479,0.314482,0.846961
52.5200,0.529875,0.317086,0.846962
52.5400,0.524160,0.322803,0.846963
52.5600,0.517826,0.329138,0.846964
52.5700,0.514451,0.332513,0.846965
52.5900,0.507336,0.339630,0.846966
52.6100,0.499801,0.347166,0.846967
52.6200,0.495903,0.351065,0.846968
52.6400,0.487897,0.359072,0.846969
52.6600,0.479685,0.367285,0.846971
52.6700,0.475529,0.371442,0.846971
52.6900,0.467168,0.379804,0.846973
52.7100,0.458814,0.388160,0.846974
52.7200,0.454664,0.392310,0.846974
52.7400,0.446470,0.400505,0.846976
52.7600,0.438480,0.408497,0.846977
52.7700,0.434583,0.412394,0.846977
52.7900,0.427029,0.419950,0.846978
52.8100,0.419846,0.427133,0.846979
52.8200,0.416412,0.430568,0.846980
52.8400,0.409890,0.437090,0.846980
52.8600,0.403868,0.443112,0.846981
52.8700,0.401058,0.445923,0.846981
52.8900,0.395857,0.451125,0.846982
52.9100,0.391239,0.455743,0.846982
52.9200,0.389154,0.457828,0.846982
52.9400,0.385443,0.461539,0.846982
52.9600,0.382348,0.464634,0.846982
52.9700,0.381031,0.465951,0.846982
52.9900,0.378855,0.468127,0.846982
53.0100,0.377279,0.469703,0.846981
53.0200,0.376710,0.470272,0.846981
53.0400,0.375994,0.470987,0.846981
53.0600,0.375818,0.471162,0.846980
53.0700,0.375921,0.471059,0.846980
53.0900,0.376487,0.470492,0.846979
53.1100,0.377495,0.469484,0.846979
53.1200,0.378150,0.468828,0.846978
53.1400,0.379732,0.467245,0.846977
53.1600,0.381634,0.465342,0.846976
53.1700,0.382688,0.464288,0.846976
53.1900,0.384967,0.462008,0.846975
53.2100,0.387429,0.459546,0.846974
53.2200,0.388710,0.458264,0.846974
53.2400,0.391340,0.455633,0.846973
53.2600,0.394012,0.452960,0.846972
53.2700,0.395348,0.451624,0.846972
53.2900,0.397985,0.448985,0.846971
53.3100,0.400537,0.446433,0.846970
53.3200,0.401766,0.445203,0.846970
53.3400,0.404104,0.442865,0.846969
53.3600,0.406248,0.440721,0.846969
53.3700,0.407236,0.439733,0.846968
53.3900,0.409024,0.437944,0.846968
53.4100,0.410539,0.436429,0.846968
53.4200,0.411187,0.435780,0.846967
53.4400,0.412254,0.434713,0.846967
53.4600,0.413004,0.433963,0.846967
53.4700,0.413258,0.433709,0.846967
53.4900,0.413521,0.433446,0.846967
53.5100,0.413462,0.433505,0.846967
53.5200,0.413314,0.433654,0.846967
53.5400,0.412786,0.434181,0.846968
53.5600,0.411967,0.435001,0.846968
53.5700,0.411454,0.435515,0.846968
53.5900,0.410238,0.436731,0.846969
53.6100,0.408793,0.438176,0.846969
53.6200,0.407995,0.438974,0.846969
53.6400,0.406271,0.440699,0.846970
53.6600,0.404409,0.442562,0.846971
53.6700,0.403439,0.443532,0.846971
53.6900,0.401448,0.445524,0.846972
53.7100,0.399428,0.447545,0.846973
53.7200,0.398421,0.448552,0.846973
53.7400,0.396442,0.450531,0.846974
53.7600,0.394550,0.452424,0.846974
53.7700,0.393651,0.453324,0.846975
53.7900,0.391975,0.455001,0.846975
53.8100,0.390498,0.456478,0.846976
53.8200,0.389848,0.457128,0.846976
53.8400,0.388748,0.458229,0.846977
53.8600,0.387947,0.459030,0.846977
53.8700,0.387670,0.459308,0.846978
53.8900,0.387378,0.459600,0.846978
53.9100,0.387462,0.459517,0.846978
53.9200,0.387651,0.459328,0.846979
53.9400,0.388335,0.458644,0.846979
53.9600,0.389437,0.457542,0.846979
53.9700,0.390148,0.456831,0.846979
53.9900,0.391891,0.455088,0.846979
54.0100,0.394060,0.452919,0.846979
54.0200,0.395302,0.451677,0.846979
54.0400,0.398093,0.448886,0.846978
54.0600,0.401278,0.445700,0.846978
54.0700,0.403011,0.443967,0.846978
54.0900,0.406741,0.440236,0.846977
54.1100,0.410795,0.436182,0.846977
54.1200,0.412932,0.434045,0.846976
54.1400,0.417399,0.429577,0.846976
54.1600,0.422086,0.424889,0.846975
54.1700,0.424496,0.422479,0.846975
54.1900,0.429417,0.417556,0.846974
54.2100,0.434427,0.412545,0.846973
54.2200,0.436948,0.410025,0.846972
54.2400,0.441981,0.404990,0.846971
54.2600,0.446955,0.400016,0.846970
54.2700,0.449400,0.397570,0.846970
54.2900,0.454169,0.392800,0.846969
54.3100,0.458724,0.388244,0.846968
54.3200,0.460903,0.386065,0.846968
54.3400,0.465026,0.381941,0.846967
54.3600,0.468789,0.378177,0.846966
54.3700,0.470518,0.376447,0.846965
54.3900,0.473642,0.373323,0.846965
54.4100,0.476278,0.370686,0.846964
54.4200,0.477400,0.369563,0.846964
54.4400,0.479228,0.367735,0.846963
54.4600,0.480472,0.366491,0.846963
54.4700,0.480866,0.366097,0.846963
54.4900,0.481183,0.365779,0.846962
54.5100,0.480859,0.366103,0.846962
54.5200,0.480453,0.366509,0.846962
54.5400,0.479149,0.367813,0.846962
54.5600,0.477190,0.369772,0.846962
54.5700,0.475968,0.370995,0.846962
54.5900,0.473043,0.373920,0.846963
54.6100,0.469496,0.377467,0.846963
54.6200,0.467498,0.379466,0.846963
54.6400,0.463068,0.383896,0.846964
54.6600,0.458094,0.388871,0.846965
54.6700,0.455415,0.391550,0.846965
54.6900,0.449703,0.397263,0.846966
54.7100,0.443561,0.403405,0.846967
54.7200,0.440347,0.406621,0.846967
54.7400,0.433666,0.413302,0.846968
54.7600,0.426701,0.420268,0.846969
54.7700,0.423133,0.423837,0.846970
54.7900,0.415865,0.431106,0.846971
54.8100,0.408481,0.438491,0.846972
54.8200,0.404766,0.442206,0.846972
54.8400,0.397337,0.449636,0.846974
54.8600,0.389968,0.457007,0.846975
54.8700,0.386327,0.460649,0.846975
54.8900,0.379177,0.467799,0.846976
54.9100,0.372261,0.474716,0.846977
54.9200,0.368911,0.478067,0.846978
54.9400,0.362470,0.484509,0.846979
54.9600,0.356424,0.490555,0.846980
54.9700,0.353569,0.493411,0.846980
54.9900,0.348228,0.498753,0.846981
55.0100,0.343425,0.503557,0.846982
55.0200,0.341241,0.505741,0.846982
55.0400,0.337335,0.509647,0.846983
55.0600,0.334081,0.512902,0.846983
55.0700,0.332710,0.514273,0.846984
55.0900,0.330500,0.516484,0.846984
55.1100,0.329021,0.517964,0.846984
55.1200,0.328562,0.518422,0.846985
55.1400,0.328218,0.518767,0.846985
55.1600,0.328646,0.518339,0.846985
55.1700,0.329152,0.517833,0.846985
55.1900,0.330748,0.516237,0.846985
55.2100,0.333118,0.513867,0.846985
55.2200,0.334589,0.512395,0.846985
55.2400,0.338097,0.508887,0.846984
55.2600,0.342338,0.504646,0.846984
55.2700,0.344726,0.502258,0.846984
55.2900,0.350015,0.496968,0.846983
55.3100,0.355957,0.491025,0.846982
55.3200,0.359161,0.487821,0.846982
55.3400,0.366003,0.480979,0.846981
55.3600,0.373381,0.473599,0.846980
55.3700,0.377255,0.469725,0.846980
55.3900,0.385332,0.461647,0.846979
55.4100,0.393798,0.453180,0.846978
55.4200,0.398155,0.448822,0.846977
55.4400,0.407075,0.439901,0.846976
55.4600,0.416208,0.430767,0.846975
55.4700,0.420831,0.426143,0.846974
55.4900,0.430143,0.416830,0.846973
55.5100,0.439477,0.407495,0.846972
55.5200,0.444126,0.402845,0.846971
55.5400,0.453343,0.393627,0.846970
55.5600,0.462381,0.384587,0.846969
55.5700,0.466809,0.380159,0.846968
55.5900,0.475432,0.371535,0.846967
55.6100,0.483680,0.363286,0.846966
55.6200,0.487640,0.359326,0.846965
55.6400,0.495185,0.351779,0.846964
55.6600,0.502174,0.344789,0.846963
55.6700,0.505438,0.341525,0.846963
55.6900,0.511467,0.335495,0.846962
55.7100,0.516780,0.330181,0.846961
55.7200,0.519151,0.327809,0.846960
55.7400,0.523293,0.323667,0.846960
55.7600,0.526597,0.320363,0.846959
55.7700,0.527922,0.319037,0.846959
55.7900,0.529901,0.317058,0.846959
55.8100,0.530962,0.315997,0.846958
55.8200,0.531142,0.315816,0.846958
55.8400,0.530796,0.316162,0.846958
55.8600,0.529503,0.317455,0.846958
55.8700,0.528502,0.318456,0.846958
55.8900,0.525797,0.321161,0.846958
55.9100,0.522170,0.324789,0.846959
55.9200,0.520017,0.326942,0.846959
55.9400,0.515054,0.331905,0.846960
55.9600,0.509246,0.337714,0.846960
55.9700,0.506039,0.340922,0.846961
55.9900,0.499050,0.347911,0.846962
56.0100,0.491344,0.355618,0.846963
56.0200,0.487242,0.359722,0.846963
56.0400,0.478580,0.368384,0.846964
56.0600,0.469373,0.377593,0.846965
56.0700,0.464589,0.382378,0.846966
56.0900,0.454710,0.392258,0.846967
56.1100,0.444489,0.402480,0.846969
56.1200,0.439278,0.407691,0.846970
56.1400,0.428712,0.418259,0.846971
56.1600,0.418029,0.428943,0.846972
56.1700,0.412674,0.434299,0.846973
56.1900,0.401992,0.444982,0.846975
56.2100,0.391428,0.455548,0.846976
56.2200,0.386219,0.460758,0.846977
56.2400,0.376003,0.470975,0.846978
56.2600,0.366130,0.480849,0.846980
56.2700,0.361349,0.485631,0.846980
56.2900,0.352151,0.494830,0.846981
56.3100,0.343502,0.503481,0.846983
56.3200,0.339406,0.507577,0.846983
56.3400,0.331716,0.515268,0.846984
56.3600,0.324747,0.522238,0.846985
56.3700,0.321551,0.525435,0.846985
56.3900,0.315768,0.531218,0.846986
56.4100,0.310835,0.536151,0.846987
56.4200,0.308700,0.538287,0.846987
56.4400,0.305110,0.541877,0.846987
56.4600,0.302449,0.544539,0.846988
56.4700,0.301472,0.545515,0.846988
56.4900,0.300232,0.546755,0.846988
56.5100,0.299946,0.547042,0.846988
56.5200,0.300159,0.546828,0.846987
56.5400,0.301291,0.545696,0.846987
56.5600,0.303349,0.543638,0.846987
56.5700,0.304717,0.542270,0.846987
56.5900,0.308112,0.538874,0.846986
56.6100,0.312354,0.534631,0.846985
56.6200,0.314780,0.532205,0.846985
56.6400,0.320209,0.526775,0.846984
56.6600,0.326365,0.520618,0.846983
56.6700,0.329697,0.517286,0.846983
56.6900,0.336830,0.510151,0.846982
56.7100,0.344535,0.502446,0.846981
56.7200,0.348579,0.498401,0.846980
56.7400,0.357009,0.489970,0.846979
56.7600,0.365830,0.481148,0.846978
56.7700,0.370364,0.476613,0.846977
56.7900,0.379631,0.467344,0.846976
56.8100,0.389100,0.457875,0.846975
56.8200,0.393885,0.453089,0.846974
56.8400,0.403509,0.443464,0.846973
56.8600,0.413143,0.433829,0.846972
56.8700,0.417939,0.429032,0.846971
56.8900,0.427446,0.419524,0.846970
56.9100,0.436779,0.410190,0.846969
56.9200,0.441358,0.405610,0.846968
56.9400,0.450303,0.396664,0.846967
56.9600,0.458910,0.388057,0.846966
56.9700,0.463068,0.383898,0.846966
56.9900,0.471058,0.375907,0.846965
57.0100,0.478572,0.368392,0.846965
57.0200,0.482136,0.364828,0.846964
57.0400,0.488849,0.358115,0.846964
57.0600,0.494979,0.351984,0.846963
57.0700,0.497814,0.349149,0.846963
57.0900,0.503008,0.343954,0.846962
57.1100,0.507546,0.339416,0.846962
57.1200,0.509563,0.337399,0.846962
57.1400,0.513085,0.333877,0.846962
57.1600,0.515914,0.331048,0.846962
57.1700,0.517067,0.329894,0.846962
57.1900,0.518853,0.328109,0.846962
57.2100,0.519946,0.327016,0.846962
57.2200,0.520236,0.326726,0.846962
57.2400,0.520311,0.326652,0.846962
57.2600,0.519727,0.327236,0.846963
57.2700,0.519195,0.327768,0.846963
57.2900,0.517667,0.329296,0.846963
57.3100,0.515545,0.331419,0.846964
57.3200,0.514271,0.332693,0.846964
57.3400,0.511320,0.335644,0.846965
57.3600,0.507865,0.339101,0.846965
57.3700,0.505960,0.341006,0.846966
57.3900,0.501825,0.345141,0.846967
57.4100,0.497294,0.349673,0.846967
57.4200,0.494894,0.352073,0.846968
57.4400,0.489857,0.357111,0.846968
57.4600,0.484544,0.362425,0.846969
57.4700,0.481800,0.365169,0.846970
57.4900,0.476167,0.370803,0.846970
57.5100,0.470384,0.376587,0.846971
57.5200,0.467451,0.379520,0.846972
57.5400,0.461535,0.385437,0.846972
57.5600,0.455590,0.391383,0.846973
57.5700,0.452622,0.394351,0.846973
57.5900,0.446722,0.400252,0.846974
57.6100,0.440905,0.406069,0.846975
57.6200,0.438041,0.408934,0.846975
57.6400,0.432426,0.414549,0.846976
57.6600,0.426990,0.419986,0.846976
57.6700,0.424350,0.422626,0.846976
57.6900,0.419244,0.427732,0.846977
57.7100,0.414393,0.432584,0.846977
57.7200,0.412070,0.434907,0.846977
57.7400,0.407642,0.439335,0.846977
57.7600,0.403520,0.443457,0.846978
57.7700,0.401578,0.445399,0.846978
57.7900,0.397939,0.449039,0.846978
57.8100,0.394630,0.452347,0.846978
57.8200,0.393102,0.453876,0.846978
57.8400,0.390298,0.456680,0.846978
57.8600,0.387829,0.459149,0.846978
57.8700,0.386719,0.460259,0.846978
57.8900,0.384743,0.462235,0.846978
57.9100,0.383086,0.463892,0.846977
57.9200,0.382373,0.464604,0.846977
57.9400,0.381171,0.465806,0.846977
57.9600,0.380256,0.466721,0.846977
57.9700,0.379901,0.467075,0.846977
57.9900,0.379386,0.467590,0.846977
58.0100,0.379116,0.467860,0.846976
58.0200,0.379067,0.467909,0.846976
58.0400,0.379130,0.467846,0.846976
58.0600,0.379392,0.467584,0.846976
58.0700,0.379592,0.467383,0.846975
58.0900,0.380119,0.466856,0.846975
58.1100,0.380802,0.466173,0.846975
58.1200,0.381196,0.465779,0.846975
58.1400,0.382081,0.464893,0.846975
58.1600,0.383083,0.463891,0.846974
58.1700,0.383624,0.463350,0.846974
58.1900,0.384777,0.462197,0.846974
58.2100,0.386018,0.460956,0.846974
58.2200,0.386669,0.460305,0.846974
58.2400,0.388025,0.458948,0.846974
58.2600,0.389451,0.457522,0.846974
58.2700,0.390189,0.456785,0.846974
58.2900,0.391712,0.455262,0.846974
58.3100,0.393296,0.453677,0.846974
58.3200,0.394112,0.452862,0.846974
58.3400,0.395791,0.451183,0.846974
58.3600,0.397534,0.449440,0.846974
58.3700,0.398431,0.448543,0.846974
58.3900,0.400279,0.446695,0.846974
58.4100,0.402202,0.444772,0.846974
58.4200,0.403193,0.443781,0.846974
58.4400,0.405240,0.441734,0.846974
58.4600,0.407377,0.439597,0.846974
58.4700,0.408482,0.438493,0.846974
58.4900,0.410766,0.436208,0.846975
58.5100,0.413157,0.433818,0.846975
58.5200,0.414394,0.432581,0.846975
58.5400,0.416954,0.430021,0.846975
58.5600,0.419632,0.427343,0.846975
58.5700,0.421017,0.425958,0.846975
58.5900,0.423879,0.423096,0.846975
58.6100,0.426865,0.420110,0.846975
58.6200,0.428405,0.418570,0.846975
58.6400,0.431576,0.415398,0.846975
58.6600,0.434868,0.412106,0.846975
58.6700,0.436558,0.410417,0.846975
58.6900,0.440020,0.406954,0.846975
58.7100,0.443587,0.403388,0.846974
58.7200,0.445406,0.401568,0.846974
58.7400,0.449109,0.397866,0.846974
58.7600,0.452885,0.394088,0.846974
58.7700,0.454797,0.392177,0.846974
58.7900,0.458655,0.388318,0.846973
58.8100,0.462545,0.384429,0.846973
58.8200,0.464494,0.382478,0.846973
58.8400,0.468391,0.378582,0.846973
58.8600,0.472262,0.374710,0.846972
58.8700,0.474181,0.372791,0.846972
58.8900,0.477967,0.369005,0.846971
58.9100,0.481662,0.365309,0.846971
58.9200,0.483467,0.363504,0.846971
58.9400,0.486972,0.359999,0.846970
58.9600,0.490312,0.356658,0.846970
58.9700,0.491911,0.355058,0.846970
58.9900,0.494948,0.352021,0.846969
59.0100,0.497744,0.349225,0.846969
59.0200,0.499042,0.347926,0.846968
59.0400,0.501420,0.345548,0.846968
59.0600,0.503482,0.343485,0.846967
59.0700,0.504386,0.342581,0.846967
59.0900,0.505922,0.341045,0.846967
59.1100,0.507074,0.339893,0.846966
59.1200,0.507498,0.339468,0.846966
59.1400,0.508030,0.338936,0.846966
59.1600,0.508122,0.338844,0.846966
59.1700,0.507997,0.338968,0.846965
59.1900,0.507397,0.339568,0.846965
59.2100,0.506318,0.340647,0.846965
59.2200,0.505596,0.341369,0.846965
59.2400,0.503783,0.343182,0.846965
59.2600,0.501475,0.345490,0.846965
59.2700,0.500134,0.346831,0.846965
59.2900,0.497084,0.349881,0.846965
59.3100,0.493547,0.353418,0.846965
59.3200,0.491599,0.355367,0.846965
59.3400,0.487352,0.359613,0.846966
59.3600,0.482654,0.364312,0.846966
59.3700,0.480143,0.366824,0.846966
59.3900,0.474809,0.372157,0.846967
59.4100,0.469087,0.377880,0.846967
59.4200,0.466090,0.380877,0.846967
59.4400,0.459846,0.387122,0.846968
59.4600,0.453301,0.393667,0.846969
59.4700,0.449929,0.397040,0.846969
59.4900,0.443011,0.403959,0.846970
59.5100,0.435900,0.411070,0.846970
59.5200,0.432288,0.414683,0.846971
59.5400,0.424980,0.421992,0.846972
59.5600,0.417604,0.429369,0.846973
59.5700,0.413906,0.433067,0.846973
59.5900,0.406524,0.440450,0.846974
59.6100,0.399204,0.447770,0.846975
59.6200,0.395584,0.451391,0.846975
59.6400,0.388455,0.458521,0.846976
59.6600,0.381518,0.465459,0.846977
59.6700,0.378136,0.468841,0.846977
59.6900,0.371577,0.475401,0.846978
59.7100,0.365328,0.481651,0.846979
59.7200,0.362333,0.484646,0.846979
59.7400,0.356628,0.490351,0.846979
59.7600,0.351335,0.495645,0.846980
59.7700,0.348853,0.498128,0.846980
59.7900,0.344238,0.502743,0.846981
59.8100,0.340110,0.506871,0.846981
59.8200,0.338237,0.508744,0.846981
59.8400,0.334883,0.512099,0.846982
59.8600,0.332065,0.514917,0.846982
59.8700,0.330860,0.516121,0.846982
59.8900,0.328866,0.518116,0.846982
59.9100,0.327427,0.519555,0.846982
59.9200,0.326915,0.520067,0.846982
59.9400,0.326305,0.520677,0.846982
59.9600,0.326240,0.520742,0.846982
59.9700,0.326408,0.520574,0.846981
59.9900,0.327136,0.519845,0.846981
