time,block_x,block_y,position_x,position_y,velocity_x,velocity_y,acceleration_x,acceleration_y
0.0000,0,0,1.000000,1.000000,0.000000,0.000000,-0.000000,-0.000000
0.0000,0,1,1.000000,2.000000,0.000000,0.000000,-0.000000,-0.000000
0.0000,0,2,1.000000,3.000000,0.000000,0.000000,-0.000000,-0.000000
0.0000,0,3,1.000000,4.000000,0.000000,0.000000,-0.000000,-0.000000
0.0000,0,4,1.000000,5.000000,0.000000,0.000000,-0.000000,-0.000000
0.0000,0,5,1.000000,6.000000,0.000000,0.000000,-0.000000,-0.000000
0.0000,0,6,1.000000,7.000000,0.000000,0.000000,-0.000000,-0.000000
0.0000,0,7,1.000000,8.000000,0.000000,0.000000,-0.000000,-0.000000
0.0000,1,0,2.000000,1.000000,0.000000,0.000000,-0.000000,-0.000000
0.0000,1,1,2.000000,2.000000,0.000000,0.000000,-0.000000,-0.000000
0.0000,1,2,2.000000,3.000000,0.000000,0.000000,-0.000000,-0.000000
0.0000,1,3,2.000000,4.000000,0.000000,0.000000,-0.000000,-0.000000
0.0000,1,4,2.000000,5.000000,0.000000,0.000000,-0.000000,-0.000000
0.0000,1,5,2.000000,6.000000,0.000000,0.000000,-0.000000,-0.000000
0.0000,1,6,2.000000,7.000000,0.000000,0.000000,-0.000000,-0.000000
0.0000,1,7,2.000000,8.000000,0.000000,0.000000,-0.000000,-0.000000
0.0000,2,0,3.000000,1.000000,0.000000,0.000000,-0.000000,-0.000000
0.0000,2,1,3.000000,2.000000,0.000000,0.000000,-0.000000,-0.000000
0.0000,2,2,3.000000,3.000000,0.000000,0.000000,-0.000000,-0.000000
0.0000,2,3,3.000000,4.000000,0.000000,0.000000,-0.000000,-0.000000
0.0000,2,4,3.000000,5.000000,0.000000,0.000000,-0.000000,-0.000000
0.0000,2,5,3.000000,6.000000,0.000000,0.000000,-0.000000,-0.000000
0.0000,2,6,3.000000,7.000000,0.000000,0.000000,-0.000000,-0.000000
0.0000,2,7,3.000000,8.000000,0.000000,0.000000,-0.000000,-0.000000
0.0000,3,0,4.000000,1.000000,0.000000,0.000000,-0.000000,-0.000000
0.0000,3,1,4.000000,2.000000,0.000000,0.000000,-0.000000,-0.000000
0.0000,3,2,4.000000,3.000000,0.000000,0.000000,-0.000000,-0.000000
0.0000,3,3,4.000000,4.000000,0.000000,0.000000,-0.000000,-0.000000
0.0000,3,4,4.000010,5.000000,0.001000,0.000000,0.200000,-0.000000
0.0000,3,5,4.000000,6.000000,0.000000,0.000000,-0.000000,-0.000000
0.0000,3,6,4.000000,7.000000,0.000000,0.000000,-0.000000,-0.000000
0.0000,3,7,4.000000,8.000000,0.000000,0.000000,-0.000000,-0.000000
0.0000,4,0,5.000000,1.000000,0.000000,0.000000,-0.000000,-0.000000
0.0000,4,1,5.000000,2.000000,0.000000,0.000000,-0.000000,-0.000000
0.0000,4,2,5.000000,3.000000,0.000000,0.000000,-0.000000,-0.000000
0.0000,4,3,5.000000,4.000005,0.000000,0.000500,-0.000000,0.100000
0.0000,4,4,5.199980,5.099990,-0.002000,-0.001000,-0.400000,-0.200000
0.0000,4,5,5.000000,6.000005,0.000000,0.000500,-0.000000,0.100000
0.0000,4,6,5.000000,7.000000,0.000000,0.000000,-0.000000,-0.000000
0.0000,4,7,5.000000,8.000000,0.000000,0.000000,-0.000000,-0.000000
0.0000,5,0,6.000000,1.000000,0.000000,0.000000,-0.000000,-0.000000
0.0000,5,1,6.000000,2.000000,0.000000,0.000000,-0.000000,-0.000000
0.0000,5,2,6.000000,3.000000,0.000000,0.000000,-0.000000,-0.000000
0.0000,5,3,6.000000,4.000000,0.000000,0.000000,-0.000000,-0.000000
0.0000,5,4,6.000010,5.000000,0.001000,0.000000,0.200000,-0.000000
0.0000,5,5,6.000000,6.000000,0.000000,0.000000,-0.000000,-0.000000
0.0000,5,6,6.000000,7.000000,0.000000,0.000000,-0.000000,-0.000000
0.0000,5,7,6.000000,8.000000,0.000000,0.000000,-0.000000,-0.000000
0.0000,6,0,7.000000,1.000000,0.000000,0.000000,-0.000000,-0.000000
0.0000,6,1,7.000000,2.000000,0.000000,0.000000,-0.000000,-0.000000
0.0000,6,2,7.000000,3.000000,0.000000,0.000000,-0.000000,-0.000000
0.0000,6,3,7.000000,4.000000,0.000000,0.000000,-0.000000,-0.000000
0.0000,6,4,7.000000,5.000000,0.000000,0.000000,-0.000000,-0.000000
0.0000,6,5,7.000000,6.000000,0.000000,0.000000,-0.000000,-0.000000
0.0000,6,6,7.000000,7.000000,0.000000,0.000000,-0.000000,-0.000000
0.0000,6,7,7.000000,8.000000,0.000000,0.000000,-0.000000,-0.000000
0.0000,7,0,8.000000,1.000000,0.000000,0.000000,-0.000000,-0.000000
0.0000,7,1,8.000000,2.000000,0.000000,0.000000,-0.000000,-0.000000
0.0000,7,2,8.000000,3.000000,0.000000,0.000000,-0.000000,-0.000000
0.0000,7,3,8.000000,4.000000,0.000000,0.000000,-0.000000,-0.000000
0.0000,7,4,8.000000,5.000000,0.000000,0.000000,-0.000000,-0.000000
0.0000,7,5,8.000000,6.000000,0.000000,0.000000,-0.000000,-0.000000
0.0000,7,6,8.000000,7.000000,0.000000,0.000000,-0.000000,-0.000000
0.0000,7,7,8.000000,8.000000,0.000000,0.000000,-0.000000,-0.000000
0.0500,0,0,1.000000,1.000000,0.000000,0.000000,-0.000000,-0.000000
0.0500,0,1,1.000000,2.000000,0.000000,0.000000,-0.000000,-0.000000
0.0500,0,2,1.000000,3.000000,0.000000,0.000000,-0.000000,-0.000000
0.0500,0,3,1.000000,4.000000,0.000000,0.000000,-0.000000,-0.000000
0.0500,0,4,1.000000,5.000000,0.000000,0.000000,0.000000,-0.000000
0.0500,0,5,1.000000,6.000000,0.000000,0.000000,-0.000000,-0.000000
0.0500,0,6,1.000000,7.000000,0.000000,0.000000,-0.000000,-0.000000
0.0500,0,7,1.000000,8.000000,0.000000,0.000000,-0.000000,-0.000000
0.0500,1,0,2.000000,1.000000,0.000000,0.000000,-0.000000,-0.000000
0.0500,1,1,2.000000,2.000000,0.000000,0.000000,-0.000000,-0.000000
0.0500,1,2,2.000000,3.000000,0.000000,0.000000,-0.000000,-0.000000
0.0500,1,3,2.000000,4.000000,0.000000,0.000000,-0.000000,-0.000000
0.0500,1,4,2.000000,5.000000,0.000000,0.000000,0.000000,-0.000000
0.0500,1,5,2.000000,6.000000,0.000000,0.000000,-0.000000,-0.000000
0.0500,1,6,2.000000,7.000000,0.000000,0.000000,-0.000000,-0.000000
0.0500,1,7,2.000000,8.000000,0.000000,0.000000,-0.000000,-0.000000
0.0500,2,0,3.000000,1.000000,0.000000,0.000000,-0.000000,-0.000000
0.0500,2,1,3.000000,2.000000,0.000000,0.000000,-0.000000,-0.000000
0.0500,2,2,3.000000,3.000000,0.000000,0.000000,-0.000000,-0.000000
0.0500,2,3,3.000000,4.000000,0.000000,0.000000,-0.000000,-0.000000
0.0500,2,4,3.000000,5.000000,0.000004,0.000000,0.000228,-0.000000
0.0500,2,5,3.000000,6.000000,0.000000,0.000000,-0.000000,-0.000000
0.0500,2,6,3.000000,7.000000,0.000000,0.000000,-0.000000,-0.000000
0.0500,2,7,3.000000,8.000000,0.000000,0.000000,-0.000000,-0.000000
0.0500,3,0,4.000000,1.000000,0.000000,0.000000,-0.000000,-0.000000
0.0500,3,1,4.000000,2.000000,0.000000,0.000000,-0.000000,-0.000000
0.0500,3,2,4.000000,3.000000,0.000000,0.000000,-0.000000,-0.000000
0.0500,3,3,4.000000,4.000000,0.000000,0.000000,-0.000000,-0.000000
0.0500,3,4,4.000339,5.000000,0.009998,0.000000,0.157134,-0.000000
0.0500,3,5,4.000000,6.000000,0.000000,0.000000,-0.000000,-0.000000
0.0500,3,6,4.000000,7.000000,0.000000,0.000000,-0.000000,-0.000000
0.0500,3,7,4.000000,8.000000,0.000000,0.000000,-0.000000,-0.000000
0.0500,4,0,5.000000,1.000000,0.000000,0.000000,-0.000000,0.000000
0.0500,4,1,5.000000,2.000000,0.000000,0.000000,-0.000000,0.000000
0.0500,4,2,5.000000,3.000000,0.000000,0.000002,-0.000000,0.000114
0.0500,4,3,5.000000,4.000170,0.000000,0.004999,-0.000000,0.078567
0.0500,4,4,5.199322,5.099661,-0.020003,-0.010002,-0.314724,-0.157362
0.0500,4,5,5.000000,6.000170,0.000000,0.004999,-0.000000,0.078567
0.0500,4,6,5.000000,7.000000,0.000000,0.000002,-0.000000,0.000114
0.0500,4,7,5.000000,8.000000,0.000000,0.000000,-0.000000,0.000000
0.0500,5,0,6.000000,1.000000,0.000000,0.000000,-0.000000,-0.000000
0.0500,5,1,6.000000,2.000000,0.000000,0.000000,-0.000000,-0.000000
0.0500,5,2,6.000000,3.000000,0.000000,0.000000,-0.000000,-0.000000
0.0500,5,3,6.000000,4.000000,0.000000,0.000000,-0.000000,-0.000000
0.0500,5,4,6.000339,5.000000,0.009998,0.000000,0.157134,-0.000000
0.0500,5,5,6.000000,6.000000,0.000000,0.000000,-0.000000,-0.000000
0.0500,5,6,6.000000,7.000000,0.000000,0.000000,-0.000000,-0.000000
0.0500,5,7,6.000000,8.000000,0.000000,0.000000,-0.000000,-0.000000
0.0500,6,0,7.000000,1.000000,0.000000,0.000000,-0.000000,-0.000000
0.0500,6,1,7.000000,2.000000,0.000000,0.000000,-0.000000,-0.000000
0.0500,6,2,7.000000,3.000000,0.000000,0.000000,-0.000000,-0.000000
0.0500,6,3,7.000000,4.000000,0.000000,0.000000,-0.000000,-0.000000
0.0500,6,4,7.000000,5.000000,0.000004,0.000000,0.000228,-0.000000
0.0500,6,5,7.000000,6.000000,0.000000,0.000000,-0.000000,-0.000000
0.0500,6,6,7.000000,7.000000,0.000000,0.000000,-0.000000,-0.000000
0.0500,6,7,7.000000,8.000000,0.000000,0.000000,-0.000000,-0.000000
0.0500,7,0,8.000000,1.000000,0.000000,0.000000,-0.000000,-0.000000
0.0500,7,1,8.000000,2.000000,0.000000,0.000000,-0.000000,-0.000000
0.0500,7,2,8.000000,3.000000,0.000000,0.000000,-0.000000,-0.000000
0.0500,7,3,8.000000,4.000000,0.000000,0.000000,-0.000000,-0.000000
0.0500,7,4,8.000000,5.000000,0.000000,0.000000,0.000000,-0.000000
0.0500,7,5,8.000000,6.000000,0.000000,0.000000,-0.000000,-0.000000
0.0500,7,6,8.000000,7.000000,0.000000,0.000000,-0.000000,-0.000000
0.0500,7,7,8.000000,8.000000,0.000000,0.000000,-0.000000,-0.000000
0.1100,0,0,1.000000,1.000000,0.000000,0.000000,-0.000000,-0.000000
0.1100,0,1,1.000000,2.000000,0.000000,0.000000,-0.000000,-0.000000
0.1100,0,2,1.000000,3.000000,0.000000,0.000000,-0.000000,-0.000000
0.1100,0,3,1.000000,4.000000,0.000000,0.000000,-0.000000,-0.000000
0.1100,0,4,1.000000,5.000000,0.000000,0.000000,0.000000,-0.000000
0.1100,0,5,1.000000,6.000000,0.000000,0.000000,-0.000000,-0.000000
0.1100,0,6,1.000000,7.000000,0.000000,0.000000,-0.000000,-0.000000
0.1100,0,7,1.000000,8.000000,0.000000,0.000000,-0.000000,-0.000000
0.1100,1,0,2.000000,1.000000,0.000000,0.000000,-0.000000,-0.000000
0.1100,1,1,2.000000,2.000000,0.000000,0.000000,-0.000000,-0.000000
0.1100,1,2,2.000000,3.000000,0.000000,0.000000,-0.000000,-0.000000
0.1100,1,3,2.000000,4.000000,0.000000,0.000000,-0.000000,-0.000000
0.1100,1,4,2.000000,5.000000,0.000000,0.000000,0.000001,-0.000000
0.1100,1,5,2.000000,6.000000,0.000000,0.000000,-0.000000,-0.000000
0.1100,1,6,2.000000,7.000000,0.000000,0.000000,-0.000000,-0.000000
0.1100,1,7,2.000000,8.000000,0.000000,0.000000,-0.000000,-0.000000
0.1100,2,0,3.000000,1.000000,0.000000,0.000000,-0.000000,-0.000000
0.1100,2,1,3.000000,2.000000,0.000000,0.000000,-0.000000,-0.000000
0.1100,2,2,3.000000,3.000000,0.000000,0.000000,-0.000000,-0.000000
0.1100,2,3,3.000000,4.000000,0.000000,0.000000,-0.000000,-0.000000
0.1100,2,4,3.000001,5.000000,0.000037,0.000000,0.000909,-0.000000
0.1100,2,5,3.000000,6.000000,0.000000,0.000000,-0.000000,-0.000000
0.1100,2,6,3.000000,7.000000,0.000000,0.000000,-0.000000,-0.000000
0.1100,2,7,3.000000,8.000000,0.000000,0.000000,-0.000000,-0.000000
0.1100,3,0,4.000000,1.000000,0.000000,0.000000,-0.000000,-0.000000
0.1100,3,1,4.000000,2.000000,0.000000,0.000000,-0.000000,-0.000000
0.1100,3,2,4.000000,3.000000,0.000000,0.000000,-0.000000,-0.000000
0.1100,3,3,4.000000,4.000000,0.000000,0.000000,-0.000000,-0.000000
0.1100,3,4,4.001232,5.000000,0.017998,0.000000,0.111546,-0.000000
0.1100,3,5,4.000000,6.000000,0.000000,0.000000,-0.000000,-0.000000
0.1100,3,6,4.000000,7.000000,0.000000,0.000000,-0.000000,-0.000000
0.1100,3,7,4.000000,8.000000,0.000000,0.000000,-0.000000,-0.000000
0.1100,4,0,5.000000,1.000000,0.000000,0.000000,-0.000000,0.000000
0.1100,4,1,5.000000,2.000000,0.000000,0.000000,-0.000000,0.000000
0.1100,4,2,5.000000,3.000001,0.000000,0.000018,-0.000000,0.000455
0.1100,4,3,5.000000,4.000616,0.000000,0.008999,-0.000000,0.055773
0.1100,4,4,5.197533,5.098767,-0.036070,-0.018035,-0.224912,-0.112456
0.1100,4,5,5.000000,6.000616,0.000000,0.008999,-0.000000,0.055773
0.1100,4,6,5.000000,7.000001,0.000000,0.000018,-0.000000,0.000455
0.1100,4,7,5.000000,8.000000,0.000000,0.000000,-0.000000,0.000000
0.1100,5,0,6.000000,1.000000,0.000000,0.000000,-0.000000,-0.000000
0.1100,5,1,6.000000,2.000000,0.000000,0.000000,-0.000000,-0.000000
0.1100,5,2,6.000000,3.000000,0.000000,0.000000,-0.000000,-0.000000
0.1100,5,3,6.000000,4.000000,0.000000,0.000000,-0.000000,-0.000000
0.1100,5,4,6.001232,5.000000,0.017998,0.000000,0.111546,-0.000000
0.1100,5,5,6.000000,6.000000,0.000000,0.000000,-0.000000,-0.000000
0.1100,5,6,6.000000,7.000000,0.000000,0.000000,-0.000000,-0.000000
0.1100,5,7,6.000000,8.000000,0.000000,0.000000,-0.000000,-0.000000
0.1100,6,0,7.000000,1.000000,0.000000,0.000000,-0.000000,-0.000000
0.1100,6,1,7.000000,2.000000,0.000000,0.000000,-0.000000,-0.000000
0.1100,6,2,7.000000,3.000000,0.000000,0.000000,-0.000000,-0.000000
0.1100,6,3,7.000000,4.000000,0.000000,0.000000,-0.000000,-0.000000
0.1100,6,4,7.000001,5.000000,0.000037,0.000000,0.000909,-0.000000
0.1100,6,5,7.000000,6.000000,0.000000,0.000000,-0.000000,-0.000000
0.1100,6,6,7.000000,7.000000,0.000000,0.000000,-0.000000,-0.000000
0.1100,6,7,7.000000,8.000000,0.000000,0.000000,-0.000000,-0.000000
0.1100,7,0,8.000000,1.000000,0.000000,0.000000,-0.000000,-0.000000
0.1100,7,1,8.000000,2.000000,0.000000,0.000000,-0.000000,-0.000000
0.1100,7,2,8.000000,3.000000,0.000000,0.000000,-0.000000,-0.000000
0.1100,7,3,8.000000,4.000000,0.000000,0.000000,-0.000000,-0.000000
0.1100,7,4,8.000000,5.000000,0.000000,0.000000,0.000001,-0.000000
0.1100,7,5,8.000000,6.000000,0.000000,0.000000,-0.000000,-0.000000
0.1100,7,6,8.000000,7.000000,0.000000,0.000000,-0.000000,-0.000000
0.1100,7,7,8.000000,8.000000,0.000000,0.000000,-0.000000,-0.000000
0.1600,0,0,1.000000,1.000000,0.000000,0.000000,-0.000000,-0.000000
0.1600,0,1,1.000000,2.000000,0.000000,0.000000,-0.000000,-0.000000
0.1600,0,2,1.000000,3.000000,0.000000,0.000000,-0.000000,-0.000000
0.1600,0,3,1.000000,4.000000,0.000000,0.000000,-0.000000,-0.000000
0.1600,0,4,1.000000,5.000000,0.000000,0.000000,0.000000,-0.000000
0.1600,0,5,1.000000,6.000000,0.000000,0.000000,-0.000000,-0.000000
0.1600,0,6,1.000000,7.000000,0.000000,0.000000,-0.000000,-0.000000
0.1600,0,7,1.000000,8.000000,0.000000,0.000000,-0.000000,-0.000000
0.1600,1,0,2.000000,1.000000,0.000000,0.000000,-0.000000,-0.000000
0.1600,1,1,2.000000,2.000000,0.000000,0.000000,-0.000000,-0.000000
0.1600,1,2,2.000000,3.000000,0.000000,0.000000,-0.000000,-0.000000
0.1600,1,3,2.000000,4.000000,0.000000,0.000000,-0.000000,-0.000000
0.1600,1,4,2.000000,5.000000,0.000000,0.000000,0.000003,-0.000000
0.1600,1,5,2.000000,6.000000,0.000000,0.000000,-0.000000,-0.000000
0.1600,1,6,2.000000,7.000000,0.000000,0.000000,-0.000000,-0.000000
0.1600,1,7,2.000000,8.000000,0.000000,0.000000,-0.000000,-0.000000
0.1600,2,0,3.000000,1.000000,0.000000,0.000000,-0.000000,-0.000000
0.1600,2,1,3.000000,2.000000,0.000000,0.000000,-0.000000,-0.000000
0.1600,2,2,3.000000,3.000000,0.000000,0.000000,-0.000000,-0.000000
0.1600,2,3,3.000000,4.000000,0.000000,0.000000,-0.000000,-0.000000
0.1600,2,4,3.000005,5.000000,0.000100,0.000000,0.001625,-0.000000
0.1600,2,5,3.000000,6.000000,0.000000,0.000000,-0.000000,-0.000000
0.1600,2,6,3.000000,7.000000,0.000000,0.000000,-0.000000,-0.000000
0.1600,2,7,3.000000,8.000000,0.000000,0.000000,-0.000000,-0.000000
0.1600,3,0,4.000000,1.000000,0.000000,0.000000,-0.000000,-0.000000
0.1600,3,1,4.000000,2.000000,0.000000,0.000000,-0.000000,-0.000000
0.1600,3,2,4.000000,3.000000,0.000000,0.000000,-0.000000,-0.000000
0.1600,3,3,4.000000,4.000000,0.000000,0.000000,-0.000000,-0.000000
0.1600,3,4,4.002282,5.000000,0.022809,0.000000,0.081967,-0.000000
0.1600,3,5,4.000000,6.000000,0.000000,0.000000,-0.000000,-0.000000
0.1600,3,6,4.000000,7.000000,0.000000,0.000000,-0.000000,-0.000000
0.1600,3,7,4.000000,8.000000,0.000000,0.000000,-0.000000,-0.000000
0.1600,4,0,5.000000,1.000000,0.000000,0.000000,-0.000000,0.000000
0.1600,4,1,5.000000,2.000000,0.000000,0.000000,-0.000000,0.000002
0.1600,4,2,5.000000,3.000002,0.000000,0.000050,-0.000000,0.000813
0.1600,4,3,5.000000,4.001141,0.000000,0.011405,-0.000000,0.040983
0.1600,4,4,5.195426,5.097713,-0.045818,-0.022909,-0.167191,-0.083596
0.1600,4,5,5.000000,6.001141,0.000000,0.011405,-0.000000,0.040983
0.1600,4,6,5.000000,7.000002,0.000000,0.000050,-0.000000,0.000813
0.1600,4,7,5.000000,8.000000,0.000000,0.000000,-0.000000,0.000002
0.1600,5,0,6.000000,1.000000,0.000000,0.000000,-0.000000,-0.000000
0.1600,5,1,6.000000,2.000000,0.000000,0.000000,-0.000000,-0.000000
0.1600,5,2,6.000000,3.000000,0.000000,0.000000,-0.000000,-0.000000
0.1600,5,3,6.000000,4.000000,0.000000,0.000000,-0.000000,-0.000000
0.1600,5,4,6.002282,5.000000,0.022809,0.000000,0.081967,-0.000000
0.1600,5,5,6.000000,6.000000,0.000000,0.000000,-0.000000,-0.000000
0.1600,5,6,6.000000,7.000000,0.000000,0.000000,-0.000000,-0.000000
0.1600,5,7,6.000000,8.000000,0.000000,0.000000,-0.000000,-0.000000
0.1600,6,0,7.000000,1.000000,0.000000,0.000000,-0.000000,-0.000000
0.1600,6,1,7.000000,2.000000,0.000000,0.000000,-0.000000,-0.000000
0.1600,6,2,7.000000,3.000000,0.000000,0.000000,-0.000000,-0.000000
0.1600,6,3,7.000000,4.000000,0.000000,0.000000,-0.000000,-0.000000
0.1600,6,4,7.000005,5.000000,0.000100,0.000000,0.001625,-0.000000
0.1600,6,5,7.000000,6.000000,0.000000,0.000000,-0.000000,-0.000000
0.1600,6,6,7.000000,7.000000,0.000000,0.000000,-0.000000,-0.000000
0.1600,6,7,7.000000,8.000000,0.000000,0.000000,-0.000000,-0.000000
0.1600,7,0,8.000000,1.000000,0.000000,0.000000,-0.000000,-0.000000
0.1600,7,1,8.000000,2.000000,0.000000,0.000000,-0.000000,-0.000000
0.1600,7,2,8.000000,3.000000,0.000000,0.000000,-0.000000,-0.000000
0.1600,7,3,8.000000,4.000000,0.000000,0.000000,-0.000000,-0.000000
0.1600,7,4,8.000000,5.000000,0.000000,0.000000,0.000003,-0.000000
0.1600,7,5,8.000000,6.000000,0.000000,0.000000,-0.000000,-0.000000
0.1600,7,6,8.000000,7.000000,0.000000,0.000000,-0.000000,-0.000000
0.1600,7,7,8.000000,8.000000,0.000000,0.000000,-0.000000,-0.000000
0.2000,0,0,1.000000,1.000000,0.000000,0.000000,-0.000000,-0.000000
0.2000,0,1,1.000000,2.000000,0.000000,0.000000,-0.000000,-0.000000
0.2000,0,2,1.000000,3.000000,0.000000,0.000000,-0.000000,-0.000000
0.2000,0,3,1.000000,4.000000,0.000000,0.000000,-0.000000,-0.000000
0.2000,0,4,1.000000,5.000000,0.000000,0.000000,0.000000,-0.000000
0.2000,0,5,1.000000,6.000000,0.000000,0.000000,-0.000000,-0.000000
0.2000,0,6,1.000000,7.000000,0.000000,0.000000,-0.000000,-0.000000
0.2000,0,7,1.000000,8.000000,0.000000,0.000000,-0.000000,-0.000000
0.2000,1,0,2.000000,1.000000,0.000000,0.000000,-0.000000,-0.000000
0.2000,1,1,2.000000,2.000000,0.000000,0.000000,-0.000000,-0.000000
0.2000,1,2,2.000000,3.000000,0.000000,0.000000,-0.000000,-0.000000
0.2000,1,3,2.000000,4.000000,0.000000,0.000000,-0.000000,-0.000000
0.2000,1,4,2.000000,5.000000,0.000000,0.000000,0.000008,-0.000000
0.2000,1,5,2.000000,6.000000,0.000000,0.000000,-0.000000,-0.000000
0.2000,1,6,2.000000,7.000000,0.000000,0.000000,-0.000000,-0.000000
0.2000,1,7,2.000000,8.000000,0.000000,0.000000,-0.000000,-0.000000
0.2000,2,0,3.000000,1.000000,0.000000,0.000000,-0.000000,-0.000000
0.2000,2,1,3.000000,2.000000,0.000000,0.000000,-0.000000,-0.000000
0.2000,2,2,3.000000,3.000000,0.000000,0.000000,-0.000000,-0.000000
0.2000,2,3,3.000000,4.000000,0.000000,0.000000,-0.000000,-0.000000
0.2000,2,4,3.000011,5.000000,0.000177,0.000000,0.002218,-0.000000
0.2000,2,5,3.000000,6.000000,0.000000,0.000000,-0.000000,-0.000000
0.2000,2,6,3.000000,7.000000,0.000000,0.000000,-0.000000,-0.000000
0.2000,2,7,3.000000,8.000000,0.000000,0.000000,-0.000000,-0.000000
0.2000,3,0,4.000000,1.000000,0.000000,0.000000,-0.000000,-0.000000
0.2000,3,1,4.000000,2.000000,0.000000,0.000000,-0.000000,-0.000000
0.2000,3,2,4.000000,3.000000,0.000000,0.000000,-0.000000,-0.000000
0.2000,3,3,4.000000,4.000000,0.000000,0.000000,-0.000000,-0.000000
0.2000,3,4,4.003269,5.000000,0.025692,0.000000,0.062731,-0.000000
0.2000,3,5,4.000000,6.000000,0.000000,0.000000,-0.000000,-0.000000
0.2000,3,6,4.000000,7.000000,0.000000,0.000000,-0.000000,-0.000000
0.2000,3,7,4.000000,8.000000,0.000000,0.000000,-0.000000,-0.000000
0.2000,4,0,5.000000,1.000000,0.000000,0.000000,-0.000000,0.000000
0.2000,4,1,5.000000,2.000000,0.000000,0.000000,-0.000000,0.000004
0.2000,4,2,5.000000,3.000005,0.000000,0.000088,-0.000000,0.001109
0.2000,4,3,5.000000,4.001635,0.000000,0.012846,-0.000000,0.031365
0.2000,4,4,5.193440,5.096720,-0.051738,-0.025869,-0.129914,-0.064957
0.2000,4,5,5.000000,6.001635,0.000000,0.012846,-0.000000,0.031365
0.2000,4,6,5.000000,7.000005,0.000000,0.000088,-0.000000,0.001109
0.2000,4,7,5.000000,8.000000,0.000000,0.000000,-0.000000,0.000004
0.2000,5,0,6.000000,1.000000,0.000000,0.000000,-0.000000,-0.000000
0.2000,5,1,6.000000,2.000000,0.000000,0.000000,-0.000000,-0.000000
0.2000,5,2,6.000000,3.000000,0.000000,0.000000,-0.000000,-0.000000
0.2000,5,3,6.000000,4.000000,0.000000,0.000000,-0.000000,-0.000000
0.2000,5,4,6.003269,5.000000,0.025692,0.000000,0.062731,-0.000000
0.2000,5,5,6.000000,6.000000,0.000000,0.000000,-0.000000,-0.000000
0.2000,5,6,6.000000,7.000000,0.000000,0.000000,-0.000000,-0.000000
0.2000,5,7,6.000000,8.000000,0.000000,0.000000,-0.000000,-0.000000
0.2000,6,0,7.000000,1.000000,0.000000,0.000000,-0.000000,-0.000000
0.2000,6,1,7.000000,2.000000,0.000000,0.000000,-0.000000,-0.000000
0.2000,6,2,7.000000,3.000000,0.000000,0.000000,-0.000000,-0.000000
0.2000,6,3,7.000000,4.000000,0.000000,0.000000,-0.000000,-0.000000
0.2000,6,4,7.000011,5.000000,0.000177,0.000000,0.002218,-0.000000
0.2000,6,5,7.000000,6.000000,0.000000,0.000000,-0.000000,-0.000000
0.2000,6,6,7.000000,7.000000,0.000000,0.000000,-0.000000,-0.000000
0.2000,6,7,7.000000,8.000000,0.000000,0.000000,-0.000000,-0.000000
0.2000,7,0,8.000000,1.000000,0.000000,0.000000,-0.000000,-0.000000
0.2000,7,1,8.000000,2.000000,0.000000,0.000000,-0.000000,-0.000000
0.2000,7,2,8.000000,3.000000,0.000000,0.000000,-0.000000,-0.000000
0.2000,7,3,8.000000,4.000000,0.000000,0.000000,-0.000000,-0.000000
0.2000,7,4,8.000000,5.000000,0.000000,0.000000,0.000008,-0.000000
0.2000,7,5,8.000000,6.000000,0.000000,0.000000,-0.000000,-0.000000
0.2000,7,6,8.000000,7.000000,0.000000,0.000000,-0.000000,-0.000000
0.2000,7,7,8.000000,8.000000,0.000000,0.000000,-0.000000,-0.000000
0.2500,0,0,1.000000,1.000000,0.000000,0.000000,-0.000000,-0.000000
0.2500,0,1,1.000000,2.000000,0.000000,0.000000,-0.000000,-0.000000
0.2500,0,2,1.000000,3.000000,0.000000,0.000000,-0.000000,-0.000000
0.2500,0,3,1.000000,4.000000,0.000000,0.000000,-0.000000,-0.000000
0.2500,0,4,1.000000,5.000000,0.000000,0.000000,0.000000,-0.000000
0.2500,0,5,1.000000,6.000000,0.000000,0.000000,-0.000000,-0.000000
0.2500,0,6,1.000000,7.000000,0.000000,0.000000,-0.000000,-0.000000
0.2500,0,7,1.000000,8.000000,0.000000,0.000000,-0.000000,-0.000000
0.2500,1,0,2.000000,1.000000,0.000000,0.000000,-0.000000,-0.000000
0.2500,1,1,2.000000,2.000000,0.000000,0.000000,-0.000000,-0.000000
0.2500,1,2,2.000000,3.000000,0.000000,0.000000,-0.000000,-0.000000
0.2500,1,3,2.000000,4.000000,0.000000,0.000000,-0.000000,-0.000000
0.2500,1,4,2.000000,5.000000,0.000001,0.000000,0.000016,-0.000000
0.2500,1,5,2.000000,6.000000,0.000000,0.000000,-0.000000,-0.000000
0.2500,1,6,2.000000,7.000000,0.000000,0.000000,-0.000000,-0.000000
0.2500,1,7,2.000000,8.000000,0.000000,0.000000,-0.000000,-0.000000
0.2500,2,0,3.000000,1.000000,0.000000,0.000000,-0.000000,-0.000000
0.2500,2,1,3.000000,2.000000,0.000000,0.000000,-0.000000,-0.000000
0.2500,2,2,3.000000,3.000000,0.000000,0.000000,-0.000000,-0.000000
0.2500,2,3,3.000000,4.000000,0.000000,0.000000,-0.000000,-0.000000
0.2500,2,4,3.000023,5.000000,0.000306,0.000000,0.002928,-0.000000
0.2500,2,5,3.000000,6.000000,0.000000,0.000000,-0.000000,-0.000000
0.2500,2,6,3.000000,7.000000,0.000000,0.000000,-0.000000,-0.000000
0.2500,2,7,3.000000,8.000000,0.000000,0.000000,-0.000000,-0.000000
0.2500,3,0,4.000000,1.000000,0.000000,0.000000,-0.000000,-0.000000
0.2500,3,1,4.000000,2.000000,0.000000,0.000000,-0.000000,-0.000000
0.2500,3,2,4.000000,3.000000,0.000000,0.000000,-0.000000,-0.000000
0.2500,3,3,4.000000,4.000000,0.000000,0.000000,-0.000000,-0.000000
0.2500,3,4,4.004637,5.000000,0.028322,0.000000,0.043205,-0.000000
0.2500,3,5,4.000000,6.000000,0.000000,0.000000,-0.000000,-0.000000
0.2500,3,6,4.000000,7.000000,0.000000,0.000000,-0.000000,-0.000000
0.2500,3,7,4.000000,8.000000,0.000000,0.000000,-0.000000,-0.000000
0.2500,4,0,5.000000,1.000000,0.000000,0.000000,-0.000000,0.000000
0.2500,4,1,5.000000,2.000000,0.000000,0.000000,-0.000000,0.000008
0.2500,4,2,5.000000,3.000012,0.000000,0.000153,-0.000000,0.001464
0.2500,4,3,5.000000,4.002318,0.000000,0.014161,-0.000000,0.021602
0.2500,4,4,5.190680,5.095340,-0.057257,-0.028629,-0.092299,-0.046149
0.2500,4,5,5.000000,6.002318,0.000000,0.014161,-0.000000,0.021602
0.2500,4,6,5.000000,7.000012,0.000000,0.000153,-0.000000,0.001464
0.2500,4,7,5.000000,8.000000,0.000000,0.000000,-0.000000,0.000008
0.2500,5,0,6.000000,1.000000,0.000000,0.000000,-0.000000,-0.000000
0.2500,5,1,6.000000,2.000000,0.000000,0.000000,-0.000000,-0.000000
0.2500,5,2,6.000000,3.000000,0.000000,0.000000,-0.000000,-0.000000
0.2500,5,3,6.000000,4.000000,0.000000,0.000000,-0.000000,-0.000000
0.2500,5,4,6.004637,5.000000,0.028322,0.000000,0.043205,-0.000000
0.2500,5,5,6.000000,6.000000,0.000000,0.000000,-0.000000,-0.000000
0.2500,5,6,6.000000,7.000000,0.000000,0.000000,-0.000000,-0.000000
0.2500,5,7,6.000000,8.000000,0.000000,0.000000,-0.000000,-0.000000
0.2500,6,0,7.000000,1.000000,0.000000,0.000000,-0.000000,-0.000000
0.2500,6,1,7.000000,2.000000,0.000000,0.000000,-0.000000,-0.000000
0.2500,6,2,7.000000,3.000000,0.000000,0.000000,-0.000000,-0.000000
0.2500,6,3,7.000000,4.000000,0.000000,0.000000,-0.000000,-0.000000
0.2500,6,4,7.000023,5.000000,0.000306,0.000000,0.002928,-0.000000
0.2500,6,5,7.000000,6.000000,0.000000,0.000000,-0.000000,-0.000000
0.2500,6,6,7.000000,7.000000,0.000000,0.000000,-0.000000,-0.000000
0.2500,6,7,7.000000,8.000000,0.000000,0.000000,-0.000000,-0.000000
0.2500,7,0,8.000000,1.000000,0.000000,0.000000,-0.000000,-0.000000
0.2500,7,1,8.000000,2.000000,0.000000,0.000000,-0.000000,-0.000000
0.2500,7,2,8.000000,3.000000,0.000000,0.000000,-0.000000,-0.000000
0.2500,7,3,8.000000,4.000000,0.000000,0.000000,-0.000000,-0.000000
0.2500,7,4,8.000000,5.000000,0.000001,0.000000,0.000016,-0.000000
0.2500,7,5,8.000000,6.000000,0.000000,0.000000,-0.000000,-0.000000
0.2500,7,6,8.000000,7.000000,0.000000,0.000000,-0.000000,-0.000000
0.2500,7,7,8.000000,8.000000,0.000000,0.000000,-0.000000,-0.000000
0.3000,0,0,1.000000,1.000000,0.000000,0.000000,-0.000000,-0.000000
0.3000,0,1,1.000000,2.000000,0.000000,0.000000,-0.000000,-0.000000
0.3000,0,2,1.000000,3.000000,0.000000,0.000000,-0.000000,-0.000000
0.3000,0,3,1.000000,4.000000,0.000000,0.000000,-0.000000,-0.000000
0.3000,0,4,1.000000,5.000000,0.000000,0.000000,0.000000,-0.000000
0.3000,0,5,1.000000,6.000000,0.000000,0.000000,-0.000000,-0.000000
0.3000,0,6,1.000000,7.000000,0.000000,0.000000,-0.000000,-0.000000
0.3000,0,7,1.000000,8.000000,0.000000,0.000000,-0.000000,-0.000000
0.3000,1,0,2.000000,1.000000,0.000000,0.000000,-0.000000,-0.000000
0.3000,1,1,2.000000,2.000000,0.000000,0.000000,-0.000000,-0.000000
0.3000,1,2,2.000000,3.000000,0.000000,0.000000,-0.000000,-0.000000
0.3000,1,3,2.000000,4.000000,0.000000,0.000000,-0.000000,-0.000000
0.3000,1,4,2.000000,5.000000,0.000002,0.000000,0.000030,-0.000000
0.3000,1,5,2.000000,6.000000,0.000000,0.000000,-0.000000,-0.000000
0.3000,1,6,2.000000,7.000000,0.000000,0.000000,-0.000000,-0.000000
0.3000,1,7,2.000000,8.000000,0.000000,0.000000,-0.000000,-0.000000
0.3000,2,0,3.000000,1.000000,0.000000,0.000000,-0.000000,-0.000000
0.3000,2,1,3.000000,2.000000,0.000000,0.000000,-0.000000,-0.000000
0.3000,2,2,3.000000,3.000000,0.000000,0.000000,-0.000000,-0.000000
0.3000,2,3,3.000000,4.000000,0.000000,0.000000,-0.000000,-0.000000
0.3000,2,4,3.000043,5.000000,0.000468,0.000000,0.003565,-0.000000
0.3000,2,5,3.000000,6.000000,0.000000,0.000000,-0.000000,-0.000000
0.3000,2,6,3.000000,7.000000,0.000000,0.000000,-0.000000,-0.000000
0.3000,2,7,3.000000,8.000000,0.000000,0.000000,-0.000000,-0.000000
0.3000,3,0,4.000000,1.000000,0.000000,0.000000,-0.000000,-0.000000
0.3000,3,1,4.000000,2.000000,0.000000,0.000000,-0.000000,-0.000000
0.3000,3,2,4.000000,3.000000,0.000000,0.000000,-0.000000,-0.000000
0.3000,3,3,4.000000,4.000000,0.000000,0.000000,-0.000000,-0.000000
0.3000,3,4,4.006109,5.000000,0.030082,0.000000,0.027779,-0.000000
0.3000,3,5,4.000000,6.000000,0.000000,0.000000,-0.000000,-0.000000
0.3000,3,6,4.000000,7.000000,0.000000,0.000000,-0.000000,-0.000000
0.3000,3,7,4.000000,8.000000,0.000000,0.000000,-0.000000,-0.000000
0.3000,4,0,5.000000,1.000000,0.000000,0.000000,-0.000000,0.000000
0.3000,4,1,5.000000,2.000000,0.000000,0.000001,-0.000000,0.000015
0.3000,4,2,5.000000,3.000022,0.000000,0.000234,-0.000000,0.001782
0.3000,4,3,5.000000,4.003054,0.000000,0.015041,-0.000000,0.013890
0.3000,4,4,5.187696,5.093848,-0.061105,-0.030552,-0.062747,-0.031373
0.3000,4,5,5.000000,6.003054,0.000000,0.015041,-0.000000,0.013890
0.3000,4,6,5.000000,7.000022,0.000000,0.000234,-0.000000,0.001782
0.3000,4,7,5.000000,8.000000,0.000000,0.000001,-0.000000,0.000015
0.3000,5,0,6.000000,1.000000,0.000000,0.000000,-0.000000,-0.000000
0.3000,5,1,6.000000,2.000000,0.000000,0.000000,-0.000000,-0.000000
0.3000,5,2,6.000000,3.000000,0.000000,0.000000,-0.000000,-0.000000
0.3000,5,3,6.000000,4.000000,0.000000,0.000000,-0.000000,-0.000000
0.3000,5,4,6.006109,5.000000,0.030082,0.000000,0.027779,-0.000000
0.3000,5,5,6.000000,6.000000,0.000000,0.000000,-0.000000,-0.000000
0.3000,5,6,6.000000,7.000000,0.000000,0.000000,-0.000000,-0.000000
0.3000,5,7,6.000000,8.000000,0.000000,0.000000,-0.000000,-0.000000
0.3000,6,0,7.000000,1.000000,0.000000,0.000000,-0.000000,-0.000000
0.3000,6,1,7.000000,2.000000,0.000000,0.000000,-0.000000,-0.000000
0.3000,6,2,7.000000,3.000000,0.000000,0.000000,-0.000000,-0.000000
0.3000,6,3,7.000000,4.000000,0.000000,0.000000,-0.000000,-0.000000
0.3000,6,4,7.000043,5.000000,0.000468,0.000000,0.003565,-0.000000
0.3000,6,5,7.000000,6.000000,0.000000,0.000000,-0.000000,-0.000000
0.3000,6,6,7.000000,7.000000,0.000000,0.000000,-0.000000,-0.000000
0.3000,6,7,7.000000,8.000000,0.000000,0.000000,-0.000000,-0.000000
0.3000,7,0,8.000000,1.000000,0.000000,0.000000,-0.000000,-0.000000
0.3000,7,1,8.000000,2.000000,0.000000,0.000000,-0.000000,-0.000000
0.3000,7,2,8.000000,3.000000,0.000000,0.000000,-0.000000,-0.000000
0.3000,7,3,8.000000,4.000000,0.000000,0.000000,-0.000000,-0.000000
0.3000,7,4,8.000000,5.000000,0.000002,0.000000,0.000030,-0.000000
0.3000,7,5,8.000000,6.000000,0.000000,0.000000,-0.000000,-0.000000
0.3000,7,6,8.000000,7.000000,0.000000,0.000000,-0.000000,-0.000000
0.3000,7,7,8.000000,8.000000,0.000000,0.000000,-0.000000,-0.000000
0.3500,0,0,1.000000,1.000000,0.000000,0.000000,-0.000000,-0.000000
0.3500,0,1,1.000000,2.000000,0.000000,0.000000,-0.000000,-0.000000
0.3500,0,2,1.000000,3.000000,0.000000,0.000000,-0.000000,-0.000000
0.3500,0,3,1.000000,4.000000,0.000000,0.000000,-0.000000,-0.000000
0.3500,0,4,1.000000,5.000000,0.000000,0.000000,0.000000,-0.000000
0.3500,0,5,1.000000,6.000000,0.000000,0.000000,-0.000000,-0.000000
0.3500,0,6,1.000000,7.000000,0.000000,0.000000,-0.000000,-0.000000
0.3500,0,7,1.000000,8.000000,0.000000,0.000000,-0.000000,-0.000000
0.3500,1,0,2.000000,1.000000,0.000000,0.000000,-0.000000,-0.000000
0.3500,1,1,2.000000,2.000000,0.000000,0.000000,-0.000000,-0.000000
0.3500,1,2,2.000000,3.000000,0.000000,0.000000,-0.000000,-0.000000
0.3500,1,3,2.000000,4.000000,0.000000,0.000000,-0.000000,-0.000000
0.3500,1,4,2.000000,5.000000,0.000004,0.000000,0.000048,-0.000000
0.3500,1,5,2.000000,6.000000,0.000000,0.000000,-0.000000,-0.000000
0.3500,1,6,2.000000,7.000000,0.000000,0.000000,-0.000000,-0.000000
0.3500,1,7,2.000000,8.000000,0.000000,0.000000,-0.000000,-0.000000
0.3500,2,0,3.000000,1.000000,0.000000,0.000000,-0.000000,-0.000000
0.3500,2,1,3.000000,2.000000,0.000000,0.000000,-0.000000,-0.000000
0.3500,2,2,3.000000,3.000000,0.000000,0.000000,-0.000000,-0.000000
0.3500,2,3,3.000000,4.000000,0.000000,0.000000,-0.000000,-0.000000
0.3500,2,4,3.000072,5.000000,0.000660,0.000000,0.004105,-0.000000
0.3500,2,5,3.000000,6.000000,0.000000,0.000000,-0.000000,-0.000000
0.3500,2,6,3.000000,7.000000,0.000000,0.000000,-0.000000,-0.000000
0.3500,2,7,3.000000,8.000000,0.000000,0.000000,-0.000000,-0.000000
0.3500,3,0,4.000000,1.000000,0.000000,0.000000,-0.000000,-0.000000
0.3500,3,1,4.000000,2.000000,0.000000,0.000000,-0.000000,-0.000000
0.3500,3,2,4.000000,3.000000,0.000000,0.000000,-0.000000,-0.000000
0.3500,3,3,4.000000,4.000000,0.000000,0.000000,-0.000000,-0.000000
0.3500,3,4,4.007647,5.000000,0.031156,0.000000,0.015648,-0.000000
0.3500,3,5,4.000000,6.000000,0.000000,0.000000,-0.000000,-0.000000
0.3500,3,6,4.000000,7.000000,0.000000,0.000000,-0.000000,-0.000000
0.3500,3,7,4.000000,8.000000,0.000000,0.000000,-0.000000,-0.000000
0.3500,4,0,5.000000,1.000000,0.000000,0.000000,-0.000000,0.000000
0.3500,4,1,5.000000,2.000000,0.000000,0.000002,-0.000000,0.000024
0.3500,4,2,5.000000,3.000036,0.000000,0.000330,-0.000000,0.002053
0.3500,4,3,5.000000,4.003824,0.000000,0.015578,-0.000000,0.007824
0.3500,4,4,5.184560,5.092280,-0.063641,-0.031820,-0.039604,-0.019802
0.3500,4,5,5.000000,6.003824,0.000000,0.015578,-0.000000,0.007824
0.3500,4,6,5.000000,7.000036,0.000000,0.000330,-0.000000,0.002053
0.3500,4,7,5.000000,8.000000,0.000000,0.000002,-0.000000,0.000024
0.3500,5,0,6.000000,1.000000,0.000000,0.000000,-0.000000,-0.000000
0.3500,5,1,6.000000,2.000000,0.000000,0.000000,-0.000000,-0.000000
0.3500,5,2,6.000000,3.000000,0.000000,0.000000,-0.000000,-0.000000
0.3500,5,3,6.000000,4.000000,0.000000,0.000000,-0.000000,-0.000000
0.3500,5,4,6.007647,5.000000,0.031156,0.000000,0.015648,-0.000000
0.3500,5,5,6.000000,6.000000,0.000000,0.000000,-0.000000,-0.000000
0.3500,5,6,6.000000,7.000000,0.000000,0.000000,-0.000000,-0.000000
0.3500,5,7,6.000000,8.000000,0.000000,0.000000,-0.000000,-0.000000
0.3500,6,0,7.000000,1.000000,0.000000,0.000000,-0.000000,-0.000000
0.3500,6,1,7.000000,2.000000,0.000000,0.000000,-0.000000,-0.000000
0.3500,6,2,7.000000,3.000000,0.000000,0.000000,-0.000000,-0.000000
0.3500,6,3,7.000000,4.000000,0.000000,0.000000,-0.000000,-0.000000
0.3500,6,4,7.000072,5.000000,0.000660,0.000000,0.004105,-0.000000
0.3500,6,5,7.000000,6.000000,0.000000,0.000000,-0.000000,-0.000000
0.3500,6,6,7.000000,7.000000,0.000000,0.000000,-0.000000,-0.000000
0.3500,6,7,7.000000,8.000000,0.000000,0.000000,-0.000000,-0.000000
0.3500,7,0,8.000000,1.000000,0.000000,0.000000,-0.000000,-0.000000
0.3500,7,1,8.000000,2.000000,0.000000,0.000000,-0.000000,-0.000000
0.3500,7,2,8.000000,3.000000,0.000000,0.000000,-0.000000,-0.000000
0.3500,7,3,8.000000,4.000000,0.000000,0.000000,-0.000000,-0.000000
0.3500,7,4,8.000000,5.000000,0.000004,0.000000,0.000048,-0.000000
0.3500,7,5,8.000000,6.000000,0.000000,0.000000,-0.000000,-0.000000
0.3500,7,6,8.000000,7.000000,0.000000,0.000000,-0.000000,-0.000000
0.3500,7,7,8.000000,8.000000,0.000000,0.000000,-0.000000,-0.000000
0.4000,0,0,1.000000,1.000000,0.000000,0.000000,-0.000000,-0.000000
0.4000,0,1,1.000000,2.000000,0.000000,0.000000,-0.000000,-0.000000
0.4000,0,2,1.000000,3.000000,0.000000,0.000000,-0.000000,-0.000000
0.4000,0,3,1.000000,4.000000,0.000000,0.000000,-0.000000,-0.000000
0.4000,0,4,1.000000,5.000000,0.000000,0.000000,0.000000,-0.000000
0.4000,0,5,1.000000,6.000000,0.000000,0.000000,-0.000000,-0.000000
0.4000,0,6,1.000000,7.000000,0.000000,0.000000,-0.000000,-0.000000
0.4000,0,7,1.000000,8.000000,0.000000,0.000000,-0.000000,-0.000000
0.4000,1,0,2.000000,1.000000,0.000000,0.000000,-0.000000,-0.000000
0.4000,1,1,2.000000,2.000000,0.000000,0.000000,-0.000000,-0.000000
0.4000,1,2,2.000000,3.000000,0.000000,0.000000,-0.000000,-0.000000
0.4000,1,3,2.000000,4.000000,0.000000,0.000000,-0.000000,-0.000000
0.4000,1,4,2.000001,5.000000,0.000007,0.000000,0.000071,-0.000000
0.4000,1,5,2.000000,6.000000,0.000000,0.000000,-0.000000,-0.000000
0.4000,1,6,2.000000,7.000000,0.000000,0.000000,-0.000000,-0.000000
0.4000,1,7,2.000000,8.000000,0.000000,0.000000,-0.000000,-0.000000
0.4000,2,0,3.000000,1.000000,0.000000,0.000000,-0.000000,-0.000000
0.4000,2,1,3.000000,2.000000,0.000000,0.000000,-0.000000,-0.000000
0.4000,2,2,3.000000,3.000000,0.000000,0.000000,-0.000000,-0.000000
0.4000,2,3,3.000000,4.000000,0.000000,0.000000,-0.000000,-0.000000
0.4000,2,4,3.000112,5.000000,0.000877,0.000000,0.004541,-0.000000
0.4000,2,5,3.000000,6.000000,0.000000,0.000000,-0.000000,-0.000000
0.4000,2,6,3.000000,7.000000,0.000000,0.000000,-0.000000,-0.000000
0.4000,2,7,3.000000,8.000000,0.000000,0.000000,-0.000000,-0.000000
0.4000,3,0,4.000000,1.000000,0.000000,0.000000,-0.000000,-0.000000
0.4000,3,1,4.000000,2.000000,0.000000,0.000000,-0.000000,-0.000000
0.4000,3,2,4.000000,3.000000,0.000000,0.000000,-0.000000,-0.000000
0.4000,3,3,4.000000,4.000000,0.000000,0.000000,-0.000000,-0.000000
0.4000,3,4,4.009223,5.000000,0.031692,0.000000,0.006164,-0.000000
0.4000,3,5,4.000000,6.000000,0.000000,0.000000,-0.000000,-0.000000
0.4000,3,6,4.000000,7.000000,0.000000,0.000000,-0.000000,-0.000000
0.4000,3,7,4.000000,8.000000,0.000000,0.000000,-0.000000,-0.000000
0.4000,4,0,5.000000,1.000000,0.000000,0.000000,-0.000000,0.000000
0.4000,4,1,5.000000,2.000000,0.000000,0.000003,-0.000000,0.000035
0.4000,4,2,5.000000,3.000056,0.000000,0.000438,-0.000000,0.002270
0.4000,4,3,5.000000,4.004612,0.000000,0.015846,-0.000000,0.003082
0.4000,4,4,5.181329,5.090665,-0.065151,-0.032576,-0.021551,-0.010776
0.4000,4,5,5.000000,6.004612,0.000000,0.015846,-0.000000,0.003082
0.4000,4,6,5.000000,7.000056,0.000000,0.000438,-0.000000,0.002270
0.4000,4,7,5.000000,8.000000,0.000000,0.000003,-0.000000,0.000035
0.4000,5,0,6.000000,1.000000,0.000000,0.000000,-0.000000,-0.000000
0.4000,5,1,6.000000,2.000000,0.000000,0.000000,-0.000000,-0.000000
0.4000,5,2,6.000000,3.000000,0.000000,0.000000,-0.000000,-0.000000
0.4000,5,3,6.000000,4.000000,0.000000,0.000000,-0.000000,-0.000000
0.4000,5,4,6.009223,5.000000,0.031692,0.000000,0.006164,-0.000000
0.4000,5,5,6.000000,6.000000,0.000000,0.000000,-0.000000,-0.000000
0.4000,5,6,6.000000,7.000000,0.000000,0.000000,-0.000000,-0.000000
0.4000,5,7,6.000000,8.000000,0.000000,0.000000,-0.000000,-0.000000
0.4000,6,0,7.000000,1.000000,0.000000,0.000000,-0.000000,-0.000000
0.4000,6,1,7.000000,2.000000,0.000000,0.000000,-0.000000,-0.000000
0.4000,6,2,7.000000,3.000000,0.000000,0.000000,-0.000000,-0.000000
0.4000,6,3,7.000000,4.000000,0.000000,0.000000,-0.000000,-0.000000
0.4000,6,4,7.000112,5.000000,0.000877,0.000000,0.004541,-0.000000
0.4000,6,5,7.000000,6.000000,0.000000,0.000000,-0.000000,-0.000000
0.4000,6,6,7.000000,7.000000,0.000000,0.000000,-0.000000,-0.000000
0.4000,6,7,7.000000,8.000000,0.000000,0.000000,-0.000000,-0.000000
0.4000,7,0,8.000000,1.000000,0.000000,0.000000,-0.000000,-0.000000
0.4000,7,1,8.000000,2.000000,0.000000,0.000000,-0.000000,-0.000000
0.4000,7,2,8.000000,3.000000,0.000000,0.000000,-0.000000,-0.000000
0.4000,7,3,8.000000,4.000000,0.000000,0.000000,-0.000000,-0.000000
0.4000,7,4,8.000001,5.000000,0.000007,0.000000,0.000071,-0.000000
0.4000,7,5,8.000000,6.000000,0.000000,0.000000,-0.000000,-0.000000
0.4000,7,6,8.000000,7.000000,0.000000,0.000000,-0.000000,-0.000000
0.4000,7,7,8.000000,8.000000,0.000000,0.000000,-0.000000,-0.000000
0.4500,0,0,1.000000,1.000000,0.000000,0.000000,-0.000000,-0.000000
0.4500,0,1,1.000000,2.000000,0.000000,0.000000,-0.000000,-0.000000
0.4500,0,2,1.000000,3.000000,0.000000,0.000000,-0.000000,-0.000000
0.4500,0,3,1.000000,4.000000,0.000000,0.000000,-0.000000,-0.000000
0.4500,0,4,1.000000,5.000000,0.000000,0.000000,0.000001,-0.000000
0.4500,0,5,1.000000,6.000000,0.000000,0.000000,-0.000000,-0.000000
0.4500,0,6,1.000000,7.000000,0.000000,0.000000,-0.000000,-0.000000
0.4500,0,7,1.000000,8.000000,0.000000,0.000000,-0.000000,-0.000000
0.4500,1,0,2.000000,1.000000,0.000000,0.000000,-0.000000,-0.000000
0.4500,1,1,2.000000,2.000000,0.000000,0.000000,-0.000000,-0.000000
0.4500,1,2,2.000000,3.000000,0.000000,0.000000,-0.000000,-0.000000
0.4500,1,3,2.000000,4.000000,0.000000,0.000000,-0.000000,-0.000000
0.4500,1,4,2.000001,5.000000,0.000011,0.000000,0.000099,-0.000000
0.4500,1,5,2.000000,6.000000,0.000000,0.000000,-0.000000,-0.000000
0.4500,1,6,2.000000,7.000000,0.000000,0.000000,-0.000000,-0.000000
0.4500,1,7,2.000000,8.000000,0.000000,0.000000,-0.000000,-0.000000
0.4500,2,0,3.000000,1.000000,0.000000,0.000000,-0.000000,-0.000000
0.4500,2,1,3.000000,2.000000,0.000000,0.000000,-0.000000,-0.000000
0.4500,2,2,3.000000,3.000000,0.000000,0.000000,-0.000000,-0.000000
0.4500,2,3,3.000000,4.000000,0.000000,0.000000,-0.000000,-0.000000
0.4500,2,4,3.000163,5.000000,0.001113,0.000000,0.004871,-0.000000
0.4500,2,5,3.000000,6.000000,0.000000,0.000000,-0.000000,-0.000000
0.4500,2,6,3.000000,7.000000,0.000000,0.000000,-0.000000,-0.000000
0.4500,2,7,3.000000,8.000000,0.000000,0.000000,-0.000000,-0.000000
0.4500,3,0,4.000000,1.000000,0.000000,0.000000,-0.000000,-0.000000
0.4500,3,1,4.000000,2.000000,0.000000,0.000000,-0.000000,-0.000000
0.4500,3,2,4.000000,3.000000,0.000000,0.000000,-0.000000,-0.000000
0.4500,3,3,4.000000,4.000000,0.000000,0.000000,-0.000000,-0.000000
0.4500,3,4,4.010813,5.000000,0.031808,0.000000,-0.001200,-0.000000
0.4500,3,5,4.000000,6.000000,0.000000,0.000000,-0.000000,-0.000000
0.4500,3,6,4.000000,7.000000,0.000000,0.000000,-0.000000,-0.000000
0.4500,3,7,4.000000,8.000000,0.000000,0.000000,-0.000000,-0.000000
0.4500,4,0,5.000000,1.000000,0.000000,0.000000,-0.000000,0.000000
0.4500,4,1,5.000000,2.000001,0.000000,0.000006,-0.000000,0.000049
0.4500,4,2,5.000000,3.000081,0.000000,0.000556,-0.000000,0.002436
0.4500,4,3,5.000000,4.005406,0.000000,0.015904,-0.000000,-0.000600
0.4500,4,4,5.178047,5.089024,-0.065864,-0.032932,-0.007542,-0.003771
0.4500,4,5,5.000000,6.005406,0.000000,0.015904,-0.000000,-0.000600
0.4500,4,6,5.000000,7.000081,0.000000,0.000556,-0.000000,0.002436
0.4500,4,7,5.000000,8.000001,0.000000,0.000006,-0.000000,0.000049
0.4500,5,0,6.000000,1.000000,0.000000,0.000000,-0.000000,-0.000000
0.4500,5,1,6.000000,2.000000,0.000000,0.000000,-0.000000,-0.000000
0.4500,5,2,6.000000,3.000000,0.000000,0.000000,-0.000000,-0.000000
0.4500,5,3,6.000000,4.000000,0.000000,0.000000,-0.000000,-0.000000
0.4500,5,4,6.010813,5.000000,0.031808,0.000000,-0.001200,-0.000000
0.4500,5,5,6.000000,6.000000,0.000000,0.000000,-0.000000,-0.000000
0.4500,5,6,6.000000,7.000000,0.000000,0.000000,-0.000000,-0.000000
0.4500,5,7,6.000000,8.000000,0.000000,0.000000,-0.000000,-0.000000
0.4500,6,0,7.000000,1.000000,0.000000,0.000000,-0.000000,-0.000000
0.4500,6,1,7.000000,2.000000,0.000000,0.000000,-0.000000,-0.000000
0.4500,6,2,7.000000,3.000000,0.000000,0.000000,-0.000000,-0.000000
0.4500,6,3,7.000000,4.000000,0.000000,0.000000,-0.000000,-0.000000
0.4500,6,4,7.000163,5.000000,0.001113,0.000000,0.004871,-0.000000
0.4500,6,5,7.000000,6.000000,0.000000,0.000000,-0.000000,-0.000000
0.4500,6,6,7.000000,7.000000,0.000000,0.000000,-0.000000,-0.000000
0.4500,6,7,7.000000,8.000000,0.000000,0.000000,-0.000000,-0.000000
0.4500,7,0,8.000000,1.000000,0.000000,0.000000,-0.000000,-0.000000
0.4500,7,1,8.000000,2.000000,0.000000,0.000000,-0.000000,-0.000000
0.4500,7,2,8.000000,3.000000,0.000000,0.000000,-0.000000,-0.000000
0.4500,7,3,8.000000,4.000000,0.000000,0.000000,-0.000000,-0.000000
0.4500,7,4,8.000001,5.000000,0.000011,0.000000,0.000099,-0.000000
0.4500,7,5,8.000000,6.000000,0.000000,0.000000,-0.000000,-0.000000
0.4500,7,6,8.000000,7.000000,0.000000,0.000000,-0.000000,-0.000000
0.4500,7,7,8.000000,8.000000,0.000000,0.000000,-0.000000,-0.000000
0.5000,0,0,1.000000,1.000000,0.000000,0.000000,-0.000000,-0.000000
0.5000,0,1,1.000000,2.000000,0.000000,0.000000,-0.000000,-0.000000
0.5000,0,2,1.000000,3.000000,0.000000,0.000000,-0.000000,-0.000000
0.5000,0,3,1.000000,4.000000,0.000000,0.000000,-0.000000,-0.000000
0.5000,0,4,1.000000,5.000000,0.000000,0.000000,0.000001,-0.000000
0.5000,0,5,1.000000,6.000000,0.000000,0.000000,-0.000000,-0.000000
0.5000,0,6,1.000000,7.000000,0.000000,0.000000,-0.000000,-0.000000
0.5000,0,7,1.000000,8.000000,0.000000,0.000000,-0.000000,-0.000000
0.5000,1,0,2.000000,1.000000,0.000000,0.000000,-0.000000,-0.000000
0.5000,1,1,2.000000,2.000000,0.000000,0.000000,-0.000000,-0.000000
0.5000,1,2,2.000000,3.000000,0.000000,0.000000,-0.000000,-0.000000
0.5000,1,3,2.000000,4.000000,0.000000,0.000000,-0.000000,-0.000000
0.5000,1,4,2.000002,5.000000,0.000017,0.000000,0.000131,-0.000000
0.5000,1,5,2.000000,6.000000,0.000000,0.000000,-0.000000,-0.000000
0.5000,1,6,2.000000,7.000000,0.000000,0.000000,-0.000000,-0.000000
0.5000,1,7,2.000000,8.000000,0.000000,0.000000,-0.000000,-0.000000
0.5000,2,0,3.000000,1.000000,0.000000,0.000000,-0.000000,-0.000000
0.5000,2,1,3.000000,2.000000,0.000000,0.000000,-0.000000,-0.000000
0.5000,2,2,3.000000,3.000000,0.000000,0.000000,-0.000000,-0.000000
0.5000,2,3,3.000000,4.000000,0.000000,0.000000,-0.000000,-0.000000
0.5000,2,4,3.000226,5.000000,0.001362,0.000000,0.005102,-0.000000
0.5000,2,5,3.000000,6.000000,0.000000,0.000000,-0.000000,-0.000000
0.5000,2,6,3.000000,7.000000,0.000000,0.000000,-0.000000,-0.000000
0.5000,2,7,3.000000,8.000000,0.000000,0.000000,-0.000000,-0.000000
0.5000,3,0,4.000000,1.000000,0.000000,0.000000,-0.000000,-0.000000
0.5000,3,1,4.000000,2.000000,0.000000,0.000000,-0.000000,-0.000000
0.5000,3,2,4.000000,3.000000,0.000000,0.000000,-0.000000,-0.000000
0.5000,3,3,4.000000,4.000000,0.000000,0.000000,-0.000000,-0.000000
0.5000,3,4,4.012398,5.000000,0.031601,0.000000,-0.006864,-0.000000
0.5000,3,5,4.000000,6.000000,0.000000,0.000000,-0.000000,-0.000000
0.5000,3,6,4.000000,7.000000,0.000000,0.000000,-0.000000,-0.000000
0.5000,3,7,4.000000,8.000000,0.000000,0.000000,-0.000000,-0.000000
0.5000,4,0,5.000000,1.000000,0.000000,0.000000,-0.000000,0.000001
0.5000,4,1,5.000000,2.000001,0.000000,0.000008,-0.000000,0.000066
0.5000,4,2,5.000000,3.000113,0.000000,0.000681,-0.000000,0.002551
0.5000,4,3,5.000000,4.006199,0.000000,0.015800,-0.000000,-0.003432
0.5000,4,4,5.174749,5.087375,-0.065960,-0.032980,0.003261,0.001630
0.5000,4,5,5.000000,6.006199,0.000000,0.015800,-0.000000,-0.003432
0.5000,4,6,5.000000,7.000113,0.000000,0.000681,-0.000000,0.002551
0.5000,4,7,5.000000,8.000001,0.000000,0.000008,-0.000000,0.000066
0.5000,5,0,6.000000,1.000000,0.000000,0.000000,-0.000000,-0.000000
0.5000,5,1,6.000000,2.000000,0.000000,0.000000,-0.000000,-0.000000
0.5000,5,2,6.000000,3.000000,0.000000,0.000000,-0.000000,-0.000000
0.5000,5,3,6.000000,4.000000,0.000000,0.000000,-0.000000,-0.000000
0.5000,5,4,6.012398,5.000000,0.031601,0.000000,-0.006864,-0.000000
0.5000,5,5,6.000000,6.000000,0.000000,0.000000,-0.000000,-0.000000
0.5000,5,6,6.000000,7.000000,0.000000,0.000000,-0.000000,-0.000000
0.5000,5,7,6.000000,8.000000,0.000000,0.000000,-0.000000,-0.000000
0.5000,6,0,7.000000,1.000000,0.000000,0.000000,-0.000000,-0.000000
0.5000,6,1,7.000000,2.000000,0.000000,0.000000,-0.000000,-0.000000
0.5000,6,2,7.000000,3.000000,0.000000,0.000000,-0.000000,-0.000000
0.5000,6,3,7.000000,4.000000,0.000000,0.000000,-0.000000,-0.000000
0.5000,6,4,7.000226,5.000000,0.001362,0.000000,0.005102,-0.000000
0.5000,6,5,7.000000,6.000000,0.000000,0.000000,-0.000000,-0.000000
0.5000,6,6,7.000000,7.000000,0.000000,0.000000,-0.000000,-0.000000
0.5000,6,7,7.000000,8.000000,0.000000,0.000000,-0.000000,-0.000000
0.5000,7,0,8.000000,1.000000,0.000000,0.000000,-0.000000,-0.000000
0.5000,7,1,8.000000,2.000000,0.000000,0.000000,-0.000000,-0.000000
0.5000,7,2,8.000000,3.000000,0.000000,0.000000,-0.000000,-0.000000
0.5000,7,3,8.000000,4.000000,0.000000,0.000000,-0.000000,-0.000000
0.5000,7,4,8.000002,5.000000,0.000017,0.000000,0.000131,-0.000000
0.5000,7,5,8.000000,6.000000,0.000000,0.000000,-0.000000,-0.000000
0.5000,7,6,8.000000,7.000000,0.000000,0.000000,-0.000000,-0.000000
0.5000,7,7,8.000000,8.000000,0.000000,0.000000,-0.000000,-0.000000
0.5500,0,0,1.000000,1.000000,0.000000,0.000000,-0.000000,-0.000000
0.5500,0,1,1.000000,2.000000,0.000000,0.000000,-0.000000,-0.000000
0.5500,0,2,1.000000,3.000000,0.000000,0.000000,-0.000000,-0.000000
0.5500,0,3,1.000000,4.000000,0.000000,0.000000,-0.000000,-0.000000
0.5500,0,4,1.000000,5.000000,0.000000,0.000000,0.000002,-0.000000
0.5500,0,5,1.000000,6.000000,0.000000,0.000000,-0.000000,-0.000000
0.5500,0,6,1.000000,7.000000,0.000000,0.000000,-0.000000,-0.000000
0.5500,0,7,1.000000,8.000000,0.000000,0.000000,-0.000000,-0.000000
0.5500,1,0,2.000000,1.000000,0.000000,0.000000,-0.000000,-0.000000
0.5500,1,1,2.000000,2.000000,0.000000,0.000000,-0.000000,-0.000000
0.5500,1,2,2.000000,3.000000,0.000000,0.000000,-0.000000,-0.000000
0.5500,1,3,2.000000,4.000000,0.000000,0.000000,-0.000000,-0.000000
0.5500,1,4,2.000003,5.000000,0.000024,0.000000,0.000167,-0.000000
0.5500,1,5,2.000000,6.000000,0.000000,0.000000,-0.000000,-0.000000
0.5500,1,6,2.000000,7.000000,0.000000,0.000000,-0.000000,-0.000000
0.5500,1,7,2.000000,8.000000,0.000000,0.000000,-0.000000,-0.000000
0.5500,2,0,3.000000,1.000000,0.000000,0.000000,-0.000000,-0.000000
0.5500,2,1,3.000000,2.000000,0.000000,0.000000,-0.000000,-0.000000
0.5500,2,2,3.000000,3.000000,0.000000,0.000000,-0.000000,-0.000000
0.5500,2,3,3.000000,4.000000,0.000000,0.000000,-0.000000,-0.000000
0.5500,2,4,3.000302,5.000000,0.001621,0.000000,0.005241,-0.000000
0.5500,2,5,3.000000,6.000000,0.000000,0.000000,-0.000000,-0.000000
0.5500,2,6,3.000000,7.000000,0.000000,0.000000,-0.000000,-0.000000
0.5500,2,7,3.000000,8.000000,0.000000,0.000000,-0.000000,-0.000000
0.5500,3,0,4.000000,1.000000,0.000000,0.000000,-0.000000,-0.000000
0.5500,3,1,4.000000,2.000000,0.000000,0.000000,-0.000000,-0.000000
0.5500,3,2,4.000000,3.000000,0.000000,0.000000,-0.000000,-0.000000
0.5500,3,3,4.000000,4.000000,0.000000,0.000000,-0.000000,-0.000000
0.5500,3,4,4.013965,5.000000,0.031145,0.000000,-0.011169,-0.000000
0.5500,3,5,4.000000,6.000000,0.000000,0.000000,-0.000000,-0.000000
0.5500,3,6,4.000000,7.000000,0.000000,0.000000,-0.000000,-0.000000
0.5500,3,7,4.000000,8.000000,0.000000,0.000000,-0.000000,-0.000000
0.5500,4,0,5.000000,1.000000,0.000000,0.000000,-0.000000,0.000001
0.5500,4,1,5.000000,2.000001,0.000000,0.000012,-0.000000,0.000083
0.5500,4,2,5.000000,3.000151,0.000000,0.000811,-0.000000,0.002620
0.5500,4,3,5.000000,4.006983,0.000000,0.015572,-0.000000,-0.005585
0.5500,4,4,5.171461,5.085730,-0.065581,-0.032791,0.011520,0.005760
0.5500,4,5,5.000000,6.006983,0.000000,0.015572,-0.000000,-0.005585
0.5500,4,6,5.000000,7.000151,0.000000,0.000811,-0.000000,0.002620
0.5500,4,7,5.000000,8.000001,0.000000,0.000012,-0.000000,0.000083
0.5500,5,0,6.000000,1.000000,0.000000,0.000000,-0.000000,-0.000000
0.5500,5,1,6.000000,2.000000,0.000000,0.000000,-0.000000,-0.000000
0.5500,5,2,6.000000,3.000000,0.000000,0.000000,-0.000000,-0.000000
0.5500,5,3,6.000000,4.000000,0.000000,0.000000,-0.000000,-0.000000
0.5500,5,4,6.013965,5.000000,0.031145,0.000000,-0.011169,-0.000000
0.5500,5,5,6.000000,6.000000,0.000000,0.000000,-0.000000,-0.000000
0.5500,5,6,6.000000,7.000000,0.000000,0.000000,-0.000000,-0.000000
0.5500,5,7,6.000000,8.000000,0.000000,0.000000,-0.000000,-0.000000
0.5500,6,0,7.000000,1.000000,0.000000,0.000000,-0.000000,-0.000000
0.5500,6,1,7.000000,2.000000,0.000000,0.000000,-0.000000,-0.000000
0.5500,6,2,7.000000,3.000000,0.000000,0.000000,-0.000000,-0.000000
0.5500,6,3,7.000000,4.000000,0.000000,0.000000,-0.000000,-0.000000
0.5500,6,4,7.000302,5.000000,0.001621,0.000000,0.005241,-0.000000
0.5500,6,5,7.000000,6.000000,0.000000,0.000000,-0.000000,-0.000000
0.5500,6,6,7.000000,7.000000,0.000000,0.000000,-0.000000,-0.000000
0.5500,6,7,7.000000,8.000000,0.000000,0.000000,-0.000000,-0.000000
0.5500,7,0,8.000000,1.000000,0.000000,0.000000,-0.000000,-0.000000
0.5500,7,1,8.000000,2.000000,0.000000,0.000000,-0.000000,-0.000000
0.5500,7,2,8.000000,3.000000,0.000000,0.000000,-0.000000,-0.000000
0.5500,7,3,8.000000,4.000000,0.000000,0.000000,-0.000000,-0.000000
0.5500,7,4,8.000003,5.000000,0.000024,0.000000,0.000167,-0.000000
0.5500,7,5,8.000000,6.000000,0.000000,0.000000,-0.000000,-0.000000
0.5500,7,6,8.000000,7.000000,0.000000,0.000000,-0.000000,-0.000000
0.5500,7,7,8.000000,8.000000,0.000000,0.000000,-0.000000,-0.000000
0.6000,0,0,1.000000,1.000000,0.000000,0.000000,-0.000000,-0.000000
0.6000,0,1,1.000000,2.000000,0.000000,0.000000,-0.000000,-0.000000
0.6000,0,2,1.000000,3.000000,0.000000,0.000000,-0.000000,-0.000000
0.6000,0,3,1.000000,4.000000,0.000000,0.000000,-0.000000,-0.000000
0.6000,0,4,1.000000,5.000000,0.000000,0.000000,0.000003,-0.000000
0.6000,0,5,1.000000,6.000000,0.000000,0.000000,-0.000000,-0.000000
0.6000,0,6,1.000000,7.000000,0.000000,0.000000,-0.000000,-0.000000
0.6000,0,7,1.000000,8.000000,0.000000,0.000000,-0.000000,-0.000000
0.6000,1,0,2.000000,1.000000,0.000000,0.000000,-0.000000,-0.000000
0.6000,1,1,2.000000,2.000000,0.000000,0.000000,-0.000000,-0.000000
0.6000,1,2,2.000000,3.000000,0.000000,0.000000,-0.000000,-0.000000
0.6000,1,3,2.000000,4.000000,0.000000,0.000000,-0.000000,-0.000000
0.6000,1,4,2.000004,5.000000,0.000034,0.000000,0.000206,-0.000000
0.6000,1,5,2.000000,6.000000,0.000000,0.000000,-0.000000,-0.000000
0.6000,1,6,2.000000,7.000000,0.000000,0.000000,-0.000000,-0.000000
0.6000,1,7,2.000000,8.000000,0.000000,0.000000,-0.000000,-0.000000
0.6000,2,0,3.000000,1.000000,0.000000,0.000000,-0.000000,-0.000000
0.6000,2,1,3.000000,2.000000,0.000000,0.000000,-0.000000,-0.000000
0.6000,2,2,3.000000,3.000000,0.000000,0.000000,-0.000000,-0.000000
0.6000,2,3,3.000000,4.000000,0.000000,0.000000,-0.000000,-0.000000
0.6000,2,4,3.000391,5.000000,0.001885,0.000000,0.005299,-0.000000
0.6000,2,5,3.000000,6.000000,0.000000,0.000000,-0.000000,-0.000000
0.6000,2,6,3.000000,7.000000,0.000000,0.000000,-0.000000,-0.000000
0.6000,2,7,3.000000,8.000000,0.000000,0.000000,-0.000000,-0.000000
0.6000,3,0,4.000000,1.000000,0.000000,0.000000,-0.000000,-0.000000
0.6000,3,1,4.000000,2.000000,0.000000,0.000000,-0.000000,-0.000000
0.6000,3,2,4.000000,3.000000,0.000000,0.000000,-0.000000,-0.000000
0.6000,3,3,4.000000,4.000000,0.000000,0.000000,-0.000000,-0.000000
0.6000,3,4,4.015504,5.000000,0.030502,0.000000,-0.014390,-0.000000
0.6000,3,5,4.000000,6.000000,0.000000,0.000000,-0.000000,-0.000000
0.6000,3,6,4.000000,7.000000,0.000000,0.000000,-0.000000,-0.000000
0.6000,3,7,4.000000,8.000000,0.000000,0.000000,-0.000000,-0.000000
0.6000,4,0,5.000000,1.000000,0.000000,0.000000,-0.000000,0.000001
0.6000,4,1,5.000000,2.000002,0.000000,0.000017,-0.000000,0.000103
0.6000,4,2,5.000000,3.000195,0.000000,0.000943,-0.000000,0.002649
0.6000,4,3,5.000000,4.007752,0.000000,0.015251,-0.000000,-0.007195
0.6000,4,4,5.168203,5.084101,-0.064842,-0.032421,0.017766,0.008883
0.6000,4,5,5.000000,6.007752,0.000000,0.015251,-0.000000,-0.007195
0.6000,4,6,5.000000,7.000195,0.000000,0.000943,-0.000000,0.002649
0.6000,4,7,5.000000,8.000002,0.000000,0.000017,-0.000000,0.000103
0.6000,5,0,6.000000,1.000000,0.000000,0.000000,-0.000000,-0.000000
0.6000,5,1,6.000000,2.000000,0.000000,0.000000,-0.000000,-0.000000
0.6000,5,2,6.000000,3.000000,0.000000,0.000000,-0.000000,-0.000000
0.6000,5,3,6.000000,4.000000,0.000000,0.000000,-0.000000,-0.000000
0.6000,5,4,6.015504,5.000000,0.030502,0.000000,-0.014390,-0.000000
0.6000,5,5,6.000000,6.000000,0.000000,0.000000,-0.000000,-0.000000
0.6000,5,6,6.000000,7.000000,0.000000,0.000000,-0.000000,-0.000000
0.6000,5,7,6.000000,8.000000,0.000000,0.000000,-0.000000,-0.000000
0.6000,6,0,7.000000,1.000000,0.000000,0.000000,-0.000000,-0.000000
0.6000,6,1,7.000000,2.000000,0.000000,0.000000,-0.000000,-0.000000
0.6000,6,2,7.000000,3.000000,0.000000,0.000000,-0.000000,-0.000000
0.6000,6,3,7.000000,4.000000,0.000000,0.000000,-0.000000,-0.000000
0.6000,6,4,7.000391,5.000000,0.001885,0.000000,0.005299,-0.000000
0.6000,6,5,7.000000,6.000000,0.000000,0.000000,-0.000000,-0.000000
0.6000,6,6,7.000000,7.000000,0.000000,0.000000,-0.000000,-0.000000
0.6000,6,7,7.000000,8.000000,0.000000,0.000000,-0.000000,-0.000000
0.6000,7,0,8.000000,1.000000,0.000000,0.000000,-0.000000,-0.000000
0.6000,7,1,8.000000,2.000000,0.000000,0.000000,-0.000000,-0.000000
0.6000,7,2,8.000000,3.000000,0.000000,0.000000,-0.000000,-0.000000
0.6000,7,3,8.000000,4.000000,0.000000,0.000000,-0.000000,-0.000000
0.6000,7,4,8.000004,5.000000,0.000034,0.000000,0.000206,-0.000000
0.6000,7,5,8.000000,6.000000,0.000000,0.000000,-0.000000,-0.000000
0.6000,7,6,8.000000,7.000000,0.000000,0.000000,-0.000000,-0.000000
0.6000,7,7,8.000000,8.000000,0.000000,0.000000,-0.000000,-0.000000
0.6500,0,0,1.000000,1.000000,0.000000,0.000000,-0.000000,-0.000000
0.6500,0,1,1.000000,2.000000,0.000000,0.000000,-0.000000,-0.000000
0.6500,0,2,1.000000,3.000000,0.000000,0.000000,-0.000000,-0.000000
0.6500,0,3,1.000000,4.000000,0.000000,0.000000,-0.000000,-0.000000
0.6500,0,4,1.000000,5.000000,0.000000,0.000000,0.000004,-0.000000
0.6500,0,5,1.000000,6.000000,0.000000,0.000000,-0.000000,-0.000000
0.6500,0,6,1.000000,7.000000,0.000000,0.000000,-0.000000,-0.000000
0.6500,0,7,1.000000,8.000000,0.000000,0.000000,-0.000000,-0.000000
0.6500,1,0,2.000000,1.000000,0.000000,0.000000,-0.000000,-0.000000
0.6500,1,1,2.000000,2.000000,0.000000,0.000000,-0.000000,-0.000000
0.6500,1,2,2.000000,3.000000,0.000000,0.000000,-0.000000,-0.000000
0.6500,1,3,2.000000,4.000000,0.000000,0.000000,-0.000000,-0.000000
0.6500,1,4,2.000006,5.000000,0.000045,0.000000,0.000247,-0.000000
0.6500,1,5,2.000000,6.000000,0.000000,0.000000,-0.000000,-0.000000
0.6500,1,6,2.000000,7.000000,0.000000,0.000000,-0.000000,-0.000000
0.6500,1,7,2.000000,8.000000,0.000000,0.000000,-0.000000,-0.000000
0.6500,2,0,3.000000,1.000000,0.000000,0.000000,-0.000000,-0.000000
0.6500,2,1,3.000000,2.000000,0.000000,0.000000,-0.000000,-0.000000
0.6500,2,2,3.000000,3.000000,0.000000,0.000000,-0.000000,-0.000000
0.6500,2,3,3.000000,4.000000,0.000000,0.000000,-0.000000,-0.000000
0.6500,2,4,3.000493,5.000000,0.002150,0.000000,0.005287,-0.000000
0.6500,2,5,3.000000,6.000000,0.000000,0.000000,-0.000000,-0.000000
0.6500,2,6,3.000000,7.000000,0.000000,0.000000,-0.000000,-0.000000
0.6500,2,7,3.000000,8.000000,0.000000,0.000000,-0.000000,-0.000000
0.6500,3,0,4.000000,1.000000,0.000000,0.000000,-0.000000,-0.000000
0.6500,3,1,4.000000,2.000000,0.000000,0.000000,-0.000000,-0.000000
0.6500,3,2,4.000000,3.000000,0.000000,0.000000,-0.000000,-0.000000
0.6500,3,3,4.000000,4.000000,0.000000,0.000000,-0.000000,-0.000000
0.6500,3,4,4.017006,5.000000,0.029721,0.000000,-0.016748,-0.000000
0.6500,3,5,4.000000,6.000000,0.000000,0.000000,-0.000000,-0.000000
0.6500,3,6,4.000000,7.000000,0.000000,0.000000,-0.000000,-0.000000
0.6500,3,7,4.000000,8.000000,0.000000,0.000000,-0.000000,-0.000000
0.6500,4,0,5.000000,1.000000,0.000000,0.000000,-0.000000,0.000002
0.6500,4,1,5.000000,2.000003,0.000000,0.000022,-0.000000,0.000124
0.6500,4,2,5.000000,3.000246,0.000000,0.001075,-0.000000,0.002643
0.6500,4,3,5.000000,4.008503,0.000000,0.014860,-0.000000,-0.008374
0.6500,4,4,5.164990,5.082495,-0.063832,-0.031916,0.022420,0.011210
0.6500,4,5,5.000000,6.008503,0.000000,0.014860,-0.000000,-0.008374
0.6500,4,6,5.000000,7.000246,0.000000,0.001075,-0.000000,0.002643
0.6500,4,7,5.000000,8.000003,0.000000,0.000022,-0.000000,0.000124
0.6500,5,0,6.000000,1.000000,0.000000,0.000000,-0.000000,-0.000000
0.6500,5,1,6.000000,2.000000,0.000000,0.000000,-0.000000,-0.000000
0.6500,5,2,6.000000,3.000000,0.000000,0.000000,-0.000000,-0.000000
0.6500,5,3,6.000000,4.000000,0.000000,0.000000,-0.000000,-0.000000
0.6500,5,4,6.017006,5.000000,0.029721,0.000000,-0.016748,-0.000000
0.6500,5,5,6.000000,6.000000,0.000000,0.000000,-0.000000,-0.000000
0.6500,5,6,6.000000,7.000000,0.000000,0.000000,-0.000000,-0.000000
0.6500,5,7,6.000000,8.000000,0.000000,0.000000,-0.000000,-0.000000
0.6500,6,0,7.000000,1.000000,0.000000,0.000000,-0.000000,-0.000000
0.6500,6,1,7.000000,2.000000,0.000000,0.000000,-0.000000,-0.000000
0.6500,6,2,7.000000,3.000000,0.000000,0.000000,-0.000000,-0.000000
0.6500,6,3,7.000000,4.000000,0.000000,0.000000,-0.000000,-0.000000
0.6500,6,4,7.000493,5.000000,0.002150,0.000000,0.005287,-0.000000
0.6500,6,5,7.000000,6.000000,0.000000,0.000000,-0.000000,-0.000000
0.6500,6,6,7.000000,7.000000,0.000000,0.000000,-0.000000,-0.000000
0.6500,6,7,7.000000,8.000000,0.000000,0.000000,-0.000000,-0.000000
0.6500,7,0,8.000000,1.000000,0.000000,0.000000,-0.000000,-0.000000
0.6500,7,1,8.000000,2.000000,0.000000,0.000000,-0.000000,-0.000000
0.6500,7,2,8.000000,3.000000,0.000000,0.000000,-0.000000,-0.000000
0.6500,7,3,8.000000,4.000000,0.000000,0.000000,-0.000000,-0.000000
0.6500,7,4,8.000006,5.000000,0.000045,0.000000,0.000247,-0.000000
0.6500,7,5,8.000000,6.000000,0.000000,0.000000,-0.000000,-0.000000
0.6500,7,6,8.000000,7.000000,0.000000,0.000000,-0.000000,-0.000000
0.6500,7,7,8.000000,8.000000,0.000000,0.000000,-0.000000,-0.000000
0.7000,0,0,1.000000,1.000000,0.000000,0.000000,-0.000000,-0.000000
0.7000,0,1,1.000000,2.000000,0.000000,0.000000,-0.000000,-0.000000
0.7000,0,2,1.000000,3.000000,0.000000,0.000000,-0.000000,-0.000000
0.7000,0,3,1.000000,4.000000,0.000000,0.000000,-0.000000,-0.000000
0.7000,0,4,1.000000,5.000000,0.000001,0.000000,0.000005,-0.000000
0.7000,0,5,1.000000,6.000000,0.000000,0.000000,-0.000000,-0.000000
0.7000,0,6,1.000000,7.000000,0.000000,0.000000,-0.000000,-0.000000
0.7000,0,7,1.000000,8.000000,0.000000,0.000000,-0.000000,-0.000000
0.7000,1,0,2.000000,1.000000,0.000000,0.000000,-0.000000,-0.000000
0.7000,1,1,2.000000,2.000000,0.000000,0.000000,-0.000000,-0.000000
0.7000,1,2,2.000000,3.000000,0.000000,0.000000,-0.000000,-0.000000
0.7000,1,3,2.000000,4.000000,0.000000,0.000000,-0.000000,-0.000000
0.7000,1,4,2.000009,5.000000,0.000058,0.000000,0.000290,-0.000000
0.7000,1,5,2.000000,6.000000,0.000000,0.000000,-0.000000,-0.000000
0.7000,1,6,2.000000,7.000000,0.000000,0.000000,-0.000000,-0.000000
0.7000,1,7,2.000000,8.000000,0.000000,0.000000,-0.000000,-0.000000
0.7000,2,0,3.000000,1.000000,0.000000,0.000000,-0.000000,-0.000000
0.7000,2,1,3.000000,2.000000,0.000000,0.000000,-0.000000,-0.000000
0.7000,2,2,3.000000,3.000000,0.000000,0.000000,-0.000000,-0.000000
0.7000,2,3,3.000000,4.000000,0.000000,0.000000,-0.000000,-0.000000
0.7000,2,4,3.000608,5.000000,0.002413,0.000000,0.005215,-0.000000
0.7000,2,5,3.000000,6.000000,0.000000,0.000000,-0.000000,-0.000000
0.7000,2,6,3.000000,7.000000,0.000000,0.000000,-0.000000,-0.000000
0.7000,2,7,3.000000,8.000000,0.000000,0.000000,-0.000000,-0.000000
0.7000,3,0,4.000000,1.000000,0.000000,0.000000,-0.000000,-0.000000
0.7000,3,1,4.000000,2.000000,0.000000,0.000000,-0.000000,-0.000000
0.7000,3,2,4.000000,3.000000,0.000000,0.000000,-0.000000,-0.000000
0.7000,3,3,4.000000,4.000000,0.000000,0.000000,-0.000000,-0.000000
0.7000,3,4,4.018466,5.000000,0.028839,0.000000,-0.018419,-0.000000
0.7000,3,5,4.000000,6.000000,0.000000,0.000000,-0.000000,-0.000000
0.7000,3,6,4.000000,7.000000,0.000000,0.000000,-0.000000,-0.000000
0.7000,3,7,4.000000,8.000000,0.000000,0.000000,-0.000000,-0.000000
0.7000,4,0,5.000000,1.000000,0.000000,0.000000,-0.000000,0.000003
0.7000,4,1,5.000000,2.000004,0.000000,0.000029,-0.000000,0.000145
0.7000,4,2,5.000000,3.000304,0.000000,0.001206,-0.000000,0.002608
0.7000,4,3,5.000000,4.009233,0.000000,0.014419,-0.000000,-0.009210
0.7000,4,4,5.161834,5.080917,-0.062621,-0.031311,0.025817,0.012909
0.7000,4,5,5.000000,6.009233,0.000000,0.014419,-0.000000,-0.009210
0.7000,4,6,5.000000,7.000304,0.000000,0.001206,-0.000000,0.002608
0.7000,4,7,5.000000,8.000004,0.000000,0.000029,-0.000000,0.000145
0.7000,5,0,6.000000,1.000000,0.000000,0.000000,-0.000000,-0.000000
0.7000,5,1,6.000000,2.000000,0.000000,0.000000,-0.000000,-0.000000
0.7000,5,2,6.000000,3.000000,0.000000,0.000000,-0.000000,-0.000000
0.7000,5,3,6.000000,4.000000,0.000000,0.000000,-0.000000,-0.000000
0.7000,5,4,6.018466,5.000000,0.028839,0.000000,-0.018419,-0.000000
0.7000,5,5,6.000000,6.000000,0.000000,0.000000,-0.000000,-0.000000
0.7000,5,6,6.000000,7.000000,0.000000,0.000000,-0.000000,-0.000000
0.7000,5,7,6.000000,8.000000,0.000000,0.000000,-0.000000,-0.000000
0.7000,6,0,7.000000,1.000000,0.000000,0.000000,-0.000000,-0.000000
0.7000,6,1,7.000000,2.000000,0.000000,0.000000,-0.000000,-0.000000
0.7000,6,2,7.000000,3.000000,0.000000,0.000000,-0.000000,-0.000000
0.7000,6,3,7.000000,4.000000,0.000000,0.000000,-0.000000,-0.000000
0.7000,6,4,7.000608,5.000000,0.002413,0.000000,0.005215,-0.000000
0.7000,6,5,7.000000,6.000000,0.000000,0.000000,-0.000000,-0.000000
0.7000,6,6,7.000000,7.000000,0.000000,0.000000,-0.000000,-0.000000
0.7000,6,7,7.000000,8.000000,0.000000,0.000000,-0.000000,-0.000000
0.7000,7,0,8.000000,1.000000,0.000000,0.000000,-0.000000,-0.000000
0.7000,7,1,8.000000,2.000000,0.000000,0.000000,-0.000000,-0.000000
0.7000,7,2,8.000000,3.000000,0.000000,0.000000,-0.000000,-0.000000
0.7000,7,3,8.000000,4.000000,0.000000,0.000000,-0.000000,-0.000000
0.7000,7,4,8.000009,5.000000,0.000058,0.000000,0.000290,-0.000000
0.7000,7,5,8.000000,6.000000,0.000000,0.000000,-0.000000,-0.000000
0.7000,7,6,8.000000,7.000000,0.000000,0.000000,-0.000000,-0.000000
0.7000,7,7,8.000000,8.000000,0.000000,0.000000,-0.000000,-0.000000
0.7500,0,0,1.000000,1.000000,0.000000,0.000000,-0.000000,-0.000000
0.7500,0,1,1.000000,2.000000,0.000000,0.000000,-0.000000,-0.000000
0.7500,0,2,1.000000,3.000000,0.000000,0.000000,-0.000000,-0.000000
0.7500,0,3,1.000000,4.000000,0.000000,0.000000,-0.000000,-0.000000
0.7500,0,4,1.000000,5.000000,0.000001,0.000000,0.000007,-0.000000
0.7500,0,5,1.000000,6.000000,0.000000,0.000000,-0.000000,-0.000000
0.7500,0,6,1.000000,7.000000,0.000000,0.000000,-0.000000,-0.000000
0.7500,0,7,1.000000,8.000000,0.000000,0.000000,-0.000000,-0.000000
0.7500,1,0,2.000000,1.000000,0.000000,0.000000,-0.000000,-0.000000
0.7500,1,1,2.000000,2.000000,0.000000,0.000000,-0.000000,-0.000000
0.7500,1,2,2.000000,3.000000,0.000000,0.000000,-0.000000,-0.000000
0.7500,1,3,2.000000,4.000000,0.000000,0.000000,-0.000000,-0.000000
0.7500,1,4,2.000012,5.000000,0.000074,0.000000,0.000334,-0.000000
0.7500,1,5,2.000000,6.000000,0.000000,0.000000,-0.000000,-0.000000
0.7500,1,6,2.000000,7.000000,0.000000,0.000000,-0.000000,-0.000000
0.7500,1,7,2.000000,8.000000,0.000000,0.000000,-0.000000,-0.000000
0.7500,2,0,3.000000,1.000000,0.000000,0.000000,-0.000000,-0.000000
0.7500,2,1,3.000000,2.000000,0.000000,0.000000,-0.000000,-0.000000
0.7500,2,2,3.000000,3.000000,0.000000,0.000000,-0.000000,-0.000000
0.7500,2,3,3.000000,4.000000,0.000000,0.000000,-0.000000,-0.000000
0.7500,2,4,3.000737,5.000000,0.002671,0.000000,0.005095,-0.000000
0.7500,2,5,3.000000,6.000000,0.000000,0.000000,-0.000000,-0.000000
0.7500,2,6,3.000000,7.000000,0.000000,0.000000,-0.000000,-0.000000
0.7500,2,7,3.000000,8.000000,0.000000,0.000000,-0.000000,-0.000000
0.7500,3,0,4.000000,1.000000,0.000000,0.000000,-0.000000,-0.000000
0.7500,3,1,4.000000,2.000000,0.000000,0.000000,-0.000000,-0.000000
0.7500,3,2,4.000000,3.000000,0.000000,0.000000,-0.000000,-0.000000
0.7500,3,3,4.000000,4.000000,0.000000,0.000000,-0.000000,-0.000000
0.7500,3,4,4.019879,5.000000,0.027888,0.000000,-0.019548,-0.000000
0.7500,3,5,4.000000,6.000000,0.000000,0.000000,-0.000000,-0.000000
0.7500,3,6,4.000000,7.000000,0.000000,0.000000,-0.000000,-0.000000
0.7500,3,7,4.000000,8.000000,0.000000,0.000000,-0.000000,-0.000000
0.7500,4,0,5.000000,1.000000,0.000000,0.000000,-0.000000,0.000003
0.7500,4,1,5.000000,2.000006,0.000000,0.000037,-0.000000,0.000167
0.7500,4,2,5.000000,3.000368,0.000000,0.001335,-0.000000,0.002547
0.7500,4,3,5.000000,4.009940,0.000000,0.013944,-0.000000,-0.009774
0.7500,4,4,5.158743,5.079372,-0.061267,-0.030633,0.028225,0.014112
0.7500,4,5,5.000000,6.009940,0.000000,0.013944,-0.000000,-0.009774
0.7500,4,6,5.000000,7.000368,0.000000,0.001335,-0.000000,0.002547
0.7500,4,7,5.000000,8.000006,0.000000,0.000037,-0.000000,0.000167
0.7500,5,0,6.000000,1.000000,0.000000,0.000000,-0.000000,-0.000000
0.7500,5,1,6.000000,2.000000,0.000000,0.000000,-0.000000,-0.000000
0.7500,5,2,6.000000,3.000000,0.000000,0.000000,-0.000000,-0.000000
0.7500,5,3,6.000000,4.000000,0.000000,0.000000,-0.000000,-0.000000
0.7500,5,4,6.019879,5.000000,0.027888,0.000000,-0.019548,-0.000000
0.7500,5,5,6.000000,6.000000,0.000000,0.000000,-0.000000,-0.000000
0.7500,5,6,6.000000,7.000000,0.000000,0.000000,-0.000000,-0.000000
0.7500,5,7,6.000000,8.000000,0.000000,0.000000,-0.000000,-0.000000
0.7500,6,0,7.000000,1.000000,0.000000,0.000000,-0.000000,-0.000000
0.7500,6,1,7.000000,2.000000,0.000000,0.000000,-0.000000,-0.000000
0.7500,6,2,7.000000,3.000000,0.000000,0.000000,-0.000000,-0.000000
0.7500,6,3,7.000000,4.000000,0.000000,0.000000,-0.000000,-0.000000
0.7500,6,4,7.000737,5.000000,0.002671,0.000000,0.005095,-0.000000
0.7500,6,5,7.000000,6.000000,0.000000,0.000000,-0.000000,-0.000000
0.7500,6,6,7.000000,7.000000,0.000000,0.000000,-0.000000,-0.000000
0.7500,6,7,7.000000,8.000000,0.000000,0.000000,-0.000000,-0.000000
0.7500,7,0,8.000000,1.000000,0.000000,0.000000,-0.000000,-0.000000
0.7500,7,1,8.000000,2.000000,0.000000,0.000000,-0.000000,-0.000000
0.7500,7,2,8.000000,3.000000,0.000000,0.000000,-0.000000,-0.000000
0.7500,7,3,8.000000,4.000000,0.000000,0.000000,-0.000000,-0.000000
0.7500,7,4,8.000012,5.000000,0.000074,0.000000,0.000334,-0.000000
0.7500,7,5,8.000000,6.000000,0.000000,0.000000,-0.000000,-0.000000
0.7500,7,6,8.000000,7.000000,0.000000,0.000000,-0.000000,-0.000000
0.7500,7,7,8.000000,8.000000,0.000000,0.000000,-0.000000,-0.000000
0.8000,0,0,1.000000,1.000000,0.000000,0.000000,-0.000000,-0.000000
0.8000,0,1,1.000000,2.000000,0.000000,0.000000,-0.000000,-0.000000
0.8000,0,2,1.000000,3.000000,0.000000,0.000000,-0.000000,-0.000000
0.8000,0,3,1.000000,4.000000,0.000000,0.000000,-0.000000,-0.000000
0.8000,0,4,1.000000,5.000000,0.000001,0.000000,0.000009,-0.000000
0.8000,0,5,1.000000,6.000000,0.000000,0.000000,-0.000000,-0.000000
0.8000,0,6,1.000000,7.000000,0.000000,0.000000,-0.000000,-0.000000
0.8000,0,7,1.000000,8.000000,0.000000,0.000000,-0.000000,-0.000000
0.8000,1,0,2.000000,1.000000,0.000000,0.000000,-0.000000,-0.000000
0.8000,1,1,2.000000,2.000000,0.000000,0.000000,-0.000000,-0.000000
0.8000,1,2,2.000000,3.000000,0.000000,0.000000,-0.000000,-0.000000
0.8000,1,3,2.000000,4.000000,0.000000,0.000000,-0.000000,-0.000000
0.8000,1,4,2.000017,5.000000,0.000092,0.000000,0.000377,-0.000000
0.8000,1,5,2.000000,6.000000,0.000000,0.000000,-0.000000,-0.000000
0.8000,1,6,2.000000,7.000000,0.000000,0.000000,-0.000000,-0.000000
0.8000,1,7,2.000000,8.000000,0.000000,0.000000,-0.000000,-0.000000
0.8000,2,0,3.000000,1.000000,0.000000,0.000000,-0.000000,-0.000000
0.8000,2,1,3.000000,2.000000,0.000000,0.000000,-0.000000,-0.000000
0.8000,2,2,3.000000,3.000000,0.000000,0.000000,-0.000000,-0.000000
0.8000,2,3,3.000000,4.000000,0.000000,0.000000,-0.000000,-0.000000
0.8000,2,4,3.000878,5.000000,0.002922,0.000000,0.004934,-0.000000
0.8000,2,5,3.000000,6.000000,0.000000,0.000000,-0.000000,-0.000000
0.8000,2,6,3.000000,7.000000,0.000000,0.000000,-0.000000,-0.000000
0.8000,2,7,3.000000,8.000000,0.000000,0.000000,-0.000000,-0.000000
0.8000,3,0,4.000000,1.000000,0.000000,0.000000,-0.000000,-0.000000
0.8000,3,1,4.000000,2.000000,0.000000,0.000000,-0.000000,-0.000000
0.8000,3,2,4.000000,3.000000,0.000000,0.000000,-0.000000,-0.000000
0.8000,3,3,4.000000,4.000000,0.000000,0.000000,-0.000000,-0.000000
0.8000,3,4,4.021244,5.000000,0.026891,0.000000,-0.020248,-0.000000
0.8000,3,5,4.000000,6.000000,0.000000,0.000000,-0.000000,-0.000000
0.8000,3,6,4.000000,7.000000,0.000000,0.000000,-0.000000,-0.000000
0.8000,3,7,4.000000,8.000000,0.000000,0.000000,-0.000000,-0.000000
0.8000,4,0,5.000000,1.000000,0.000000,0.000001,-0.000000,0.000004
0.8000,4,1,5.000000,2.000008,0.000000,0.000046,-0.000000,0.000189
0.8000,4,2,5.000000,3.000439,0.000000,0.001461,-0.000000,0.002467
0.8000,4,3,5.000000,4.010622,0.000000,0.013446,-0.000000,-0.010124
0.8000,4,4,5.155723,5.077862,-0.059812,-0.029906,0.029854,0.014927
0.8000,4,5,5.000000,6.010622,0.000000,0.013446,-0.000000,-0.010124
0.8000,4,6,5.000000,7.000439,0.000000,0.001461,-0.000000,0.002467
0.8000,4,7,5.000000,8.000008,0.000000,0.000046,-0.000000,0.000189
0.8000,5,0,6.000000,1.000000,0.000000,0.000000,-0.000000,-0.000000
0.8000,5,1,6.000000,2.000000,0.000000,0.000000,-0.000000,-0.000000
0.8000,5,2,6.000000,3.000000,0.000000,0.000000,-0.000000,-0.000000
0.8000,5,3,6.000000,4.000000,0.000000,0.000000,-0.000000,-0.000000
0.8000,5,4,6.021244,5.000000,0.026891,0.000000,-0.020248,-0.000000
0.8000,5,5,6.000000,6.000000,0.000000,0.000000,-0.000000,-0.000000
0.8000,5,6,6.000000,7.000000,0.000000,0.000000,-0.000000,-0.000000
0.8000,5,7,6.000000,8.000000,0.000000,0.000000,-0.000000,-0.000000
0.8000,6,0,7.000000,1.000000,0.000000,0.000000,-0.000000,-0.000000
0.8000,6,1,7.000000,2.000000,0.000000,0.000000,-0.000000,-0.000000
0.8000,6,2,7.000000,3.000000,0.000000,0.000000,-0.000000,-0.000000
0.8000,6,3,7.000000,4.000000,0.000000,0.000000,-0.000000,-0.000000
0.8000,6,4,7.000878,5.000000,0.002922,0.000000,0.004934,-0.000000
0.8000,6,5,7.000000,6.000000,0.000000,0.000000,-0.000000,-0.000000
0.8000,6,6,7.000000,7.000000,0.000000,0.000000,-0.000000,-0.000000
0.8000,6,7,7.000000,8.000000,0.000000,0.000000,-0.000000,-0.000000
0.8000,7,0,8.000000,1.000000,0.000000,0.000000,-0.000000,-0.000000
0.8000,7,1,8.000000,2.000000,0.000000,0.000000,-0.000000,-0.000000
0.8000,7,2,8.000000,3.000000,0.000000,0.000000,-0.000000,-0.000000
0.8000,7,3,8.000000,4.000000,0.000000,0.000000,-0.000000,-0.000000
0.8000,7,4,8.000017,5.000000,0.000092,0.000000,0.000377,-0.000000
0.8000,7,5,8.000000,6.000000,0.000000,0.000000,-0.000000,-0.000000
0.8000,7,6,8.000000,7.000000,0.000000,0.000000,-0.000000,-0.000000
0.8000,7,7,8.000000,8.000000,0.000000,0.000000,-0.000000,-0.000000
0.8500,0,0,1.000000,1.000000,0.000000,0.000000,-0.000000,-0.000000
0.8500,0,1,1.000000,2.000000,0.000000,0.000000,-0.000000,-0.000000
0.8500,0,2,1.000000,3.000000,0.000000,0.000000,-0.000000,-0.000000
0.8500,0,3,1.000000,4.000000,0.000000,0.000000,-0.000000,-0.000000
0.8500,0,4,1.000000,5.000000,0.000002,0.000000,0.000011,-0.000000
0.8500,0,5,1.000000,6.000000,0.000000,0.000000,-0.000000,-0.000000
0.8500,0,6,1.000000,7.000000,0.000000,0.000000,-0.000000,-0.000000
0.8500,0,7,1.000000,8.000000,0.000000,0.000000,-0.000000,-0.000000
0.8500,1,0,2.000000,1.000000,0.000000,0.000000,-0.000000,-0.000000
0.8500,1,1,2.000000,2.000000,0.000000,0.000000,-0.000000,-0.000000
0.8500,1,2,2.000000,3.000000,0.000000,0.000000,-0.000000,-0.000000
0.8500,1,3,2.000000,4.000000,0.000000,0.000000,-0.000000,-0.000000
0.8500,1,4,2.000022,5.000000,0.000112,0.000000,0.000421,-0.000000
0.8500,1,5,2.000000,6.000000,0.000000,0.000000,-0.000000,-0.000000
0.8500,1,6,2.000000,7.000000,0.000000,0.000000,-0.000000,-0.000000
0.8500,1,7,2.000000,8.000000,0.000000,0.000000,-0.000000,-0.000000
0.8500,2,0,3.000000,1.000000,0.000000,0.000000,-0.000000,-0.000000
0.8500,2,1,3.000000,2.000000,0.000000,0.000000,-0.000000,-0.000000
0.8500,2,2,3.000000,3.000000,0.000000,0.000000,-0.000000,-0.000000
0.8500,2,3,3.000000,4.000000,0.000000,0.000000,-0.000000,-0.000000
0.8500,2,4,3.001031,5.000000,0.003164,0.000000,0.004742,-0.000000
0.8500,2,5,3.000000,6.000000,0.000000,0.000000,-0.000000,-0.000000
0.8500,2,6,3.000000,7.000000,0.000000,0.000000,-0.000000,-0.000000
0.8500,2,7,3.000000,8.000000,0.000000,0.000000,-0.000000,-0.000000
0.8500,3,0,4.000000,1.000000,0.000000,0.000000,-0.000000,-0.000000
0.8500,3,1,4.000000,2.000000,0.000000,0.000000,-0.000000,-0.000000
0.8500,3,2,4.000000,3.000000,0.000000,0.000000,-0.000000,-0.000000
0.8500,3,3,4.000000,4.000000,0.000000,0.000000,-0.000000,-0.000000
0.8500,3,4,4.022558,5.000000,0.025869,0.000000,-0.020612,-0.000000
0.8500,3,5,4.000000,6.000000,0.000000,0.000000,-0.000000,-0.000000
0.8500,3,6,4.000000,7.000000,0.000000,0.000000,-0.000000,-0.000000
0.8500,3,7,4.000000,8.000000,0.000000,0.000000,-0.000000,-0.000000
0.8500,4,0,5.000000,1.000000,0.000000,0.000001,-0.000000,0.000006
0.8500,4,1,5.000000,2.000011,0.000000,0.000056,-0.000000,0.000210
0.8500,4,2,5.000000,3.000515,0.000000,0.001582,-0.000000,0.002371
0.8500,4,3,5.000000,4.011279,0.000000,0.012934,-0.000000,-0.010306
0.8500,4,4,5.152778,5.076389,-0.058292,-0.029146,0.030875,0.015438
0.8500,4,5,5.000000,6.011279,0.000000,0.012934,-0.000000,-0.010306
0.8500,4,6,5.000000,7.000515,0.000000,0.001582,-0.000000,0.002371
0.8500,4,7,5.000000,8.000011,0.000000,0.000056,-0.000000,0.000210
0.8500,5,0,6.000000,1.000000,0.000000,0.000000,-0.000000,-0.000000
0.8500,5,1,6.000000,2.000000,0.000000,0.000000,-0.000000,-0.000000
0.8500,5,2,6.000000,3.000000,0.000000,0.000000,-0.000000,-0.000000
0.8500,5,3,6.000000,4.000000,0.000000,0.000000,-0.000000,-0.000000
0.8500,5,4,6.022558,5.000000,0.025869,0.000000,-0.020612,-0.000000
0.8500,5,5,6.000000,6.000000,0.000000,0.000000,-0.000000,-0.000000
0.8500,5,6,6.000000,7.000000,0.000000,0.000000,-0.000000,-0.000000
0.8500,5,7,6.000000,8.000000,0.000000,0.000000,-0.000000,-0.000000
0.8500,6,0,7.000000,1.000000,0.000000,0.000000,-0.000000,-0.000000
0.8500,6,1,7.000000,2.000000,0.000000,0.000000,-0.000000,-0.000000
0.8500,6,2,7.000000,3.000000,0.000000,0.000000,-0.000000,-0.000000
0.8500,6,3,7.000000,4.000000,0.000000,0.000000,-0.000000,-0.000000
0.8500,6,4,7.001031,5.000000,0.003164,0.000000,0.004742,-0.000000
0.8500,6,5,7.000000,6.000000,0.000000,0.000000,-0.000000,-0.000000
0.8500,6,6,7.000000,7.000000,0.000000,0.000000,-0.000000,-0.000000
0.8500,6,7,7.000000,8.000000,0.000000,0.000000,-0.000000,-0.000000
0.8500,7,0,8.000000,1.000000,0.000000,0.000000,-0.000000,-0.000000
0.8500,7,1,8.000000,2.000000,0.000000,0.000000,-0.000000,-0.000000
0.8500,7,2,8.000000,3.000000,0.000000,0.000000,-0.000000,-0.000000
0.8500,7,3,8.000000,4.000000,0.000000,0.000000,-0.000000,-0.000000
0.8500,7,4,8.000022,5.000000,0.000112,0.000000,0.000421,-0.000000
0.8500,7,5,8.000000,6.000000,0.000000,0.000000,-0.000000,-0.000000
0.8500,7,6,8.000000,7.000000,0.000000,0.000000,-0.000000,-0.000000
0.8500,7,7,8.000000,8.000000,0.000000,0.000000,-0.000000,-0.000000
0.9000,0,0,1.000000,1.000000,0.000000,0.000000,-0.000000,-0.000000
0.9000,0,1,1.000000,2.000000,0.000000,0.000000,-0.000000,-0.000000
0.9000,0,2,1.000000,3.000000,0.000000,0.000000,-0.000000,-0.000000
0.9000,0,3,1.000000,4.000000,0.000000,0.000000,-0.000000,-0.000000
0.9000,0,4,1.000000,5.000000,0.000002,0.000000,0.000014,-0.000000
0.9000,0,5,1.000000,6.000000,0.000000,0.000000,-0.000000,-0.000000
0.9000,0,6,1.000000,7.000000,0.000000,0.000000,-0.000000,-0.000000
0.9000,0,7,1.000000,8.000000,0.000000,0.000000,-0.000000,-0.000000
0.9000,1,0,2.000000,1.000000,0.000000,0.000000,-0.000000,-0.000000
0.9000,1,1,2.000000,2.000000,0.000000,0.000000,-0.000000,-0.000000
0.9000,1,2,2.000000,3.000000,0.000000,0.000000,-0.000000,-0.000000
0.9000,1,3,2.000000,4.000000,0.000000,0.000000,-0.000000,-0.000000
0.9000,1,4,2.000028,5.000000,0.000134,0.000000,0.000463,-0.000000
0.9000,1,5,2.000000,6.000000,0.000000,0.000000,-0.000000,-0.000000
0.9000,1,6,2.000000,7.000000,0.000000,0.000000,-0.000000,-0.000000
0.9000,1,7,2.000000,8.000000,0.000000,0.000000,-0.000000,-0.000000
0.9000,2,0,3.000000,1.000000,0.000000,0.000000,-0.000000,-0.000000
0.9000,2,1,3.000000,2.000000,0.000000,0.000000,-0.000000,-0.000000
0.9000,2,2,3.000000,3.000000,0.000000,0.000000,-0.000000,-0.000000
0.9000,2,3,3.000000,4.000000,0.000000,0.000000,-0.000000,-0.000000
0.9000,2,4,3.001196,5.000000,0.003395,0.000000,0.004525,-0.000000
0.9000,2,5,3.000000,6.000000,0.000000,0.000000,-0.000000,-0.000000
0.9000,2,6,3.000000,7.000000,0.000000,0.000000,-0.000000,-0.000000
0.9000,2,7,3.000000,8.000000,0.000000,0.000000,-0.000000,-0.000000
0.9000,3,0,4.000000,1.000000,0.000000,0.000000,-0.000000,-0.000000
0.9000,3,1,4.000000,2.000000,0.000000,0.000000,-0.000000,-0.000000
0.9000,3,2,4.000000,3.000000,0.000000,0.000000,-0.000000,-0.000000
0.9000,3,3,4.000000,4.000000,0.000000,0.000000,-0.000000,-0.000000
0.9000,3,4,4.023821,5.000000,0.024835,0.000000,-0.020714,-0.000000
0.9000,3,5,4.000000,6.000000,0.000000,0.000000,-0.000000,-0.000000
0.9000,3,6,4.000000,7.000000,0.000000,0.000000,-0.000000,-0.000000
0.9000,3,7,4.000000,8.000000,0.000000,0.000000,-0.000000,-0.000000
0.9000,4,0,5.000000,1.000000,0.000000,0.000001,-0.000000,0.000007
0.9000,4,1,5.000000,2.000014,0.000000,0.000067,-0.000000,0.000232
0.9000,4,2,5.000000,3.000598,0.000000,0.001698,-0.000000,0.002263
0.9000,4,3,5.000000,4.011910,0.000000,0.012417,-0.000000,-0.010357
0.9000,4,4,5.149910,5.074955,-0.056733,-0.028366,0.031422,0.015711
0.9000,4,5,5.000000,6.011910,0.000000,0.012417,-0.000000,-0.010357
0.9000,4,6,5.000000,7.000598,0.000000,0.001698,-0.000000,0.002263
0.9000,4,7,5.000000,8.000014,0.000000,0.000067,-0.000000,0.000232
0.9000,5,0,6.000000,1.000000,0.000000,0.000000,-0.000000,-0.000000
0.9000,5,1,6.000000,2.000000,0.000000,0.000000,-0.000000,-0.000000
0.9000,5,2,6.000000,3.000000,0.000000,0.000000,-0.000000,-0.000000
0.9000,5,3,6.000000,4.000000,0.000000,0.000000,-0.000000,-0.000000
0.9000,5,4,6.023821,5.000000,0.024835,0.000000,-0.020714,-0.000000
0.9000,5,5,6.000000,6.000000,0.000000,0.000000,-0.000000,-0.000000
0.9000,5,6,6.000000,7.000000,0.000000,0.000000,-0.000000,-0.000000
0.9000,5,7,6.000000,8.000000,0.000000,0.000000,-0.000000,-0.000000
0.9000,6,0,7.000000,1.000000,0.000000,0.000000,-0.000000,-0.000000
0.9000,6,1,7.000000,2.000000,0.000000,0.000000,-0.000000,-0.000000
0.9000,6,2,7.000000,3.000000,0.000000,0.000000,-0.000000,-0.000000
0.9000,6,3,7.000000,4.000000,0.000000,0.000000,-0.000000,-0.000000
0.9000,6,4,7.001196,5.000000,0.003395,0.000000,0.004525,-0.000000
0.9000,6,5,7.000000,6.000000,0.000000,0.000000,-0.000000,-0.000000
0.9000,6,6,7.000000,7.000000,0.000000,0.000000,-0.000000,-0.000000
0.9000,6,7,7.000000,8.000000,0.000000,0.000000,-0.000000,-0.000000
0.9000,7,0,8.000000,1.000000,0.000000,0.000000,-0.000000,-0.000000
0.9000,7,1,8.000000,2.000000,0.000000,0.000000,-0.000000,-0.000000
0.9000,7,2,8.000000,3.000000,0.000000,0.000000,-0.000000,-0.000000
0.9000,7,3,8.000000,4.000000,0.000000,0.000000,-0.000000,-0.000000
0.9000,7,4,8.000028,5.000000,0.000134,0.000000,0.000463,-0.000000
0.9000,7,5,8.000000,6.000000,0.000000,0.000000,-0.000000,-0.000000
0.9000,7,6,8.000000,7.000000,0.000000,0.000000,-0.000000,-0.000000
0.9000,7,7,8.000000,8.000000,0.000000,0.000000,-0.000000,-0.000000
0.9500,0,0,1.000000,1.000000,0.000000,0.000000,-0.000000,-0.000000
0.9500,0,1,1.000000,2.000000,0.000000,0.000000,-0.000000,-0.000000
0.9500,0,2,1.000000,3.000000,0.000000,0.000000,-0.000000,-0.000000
0.9500,0,3,1.000000,4.000000,0.000000,0.000000,-0.000000,-0.000000
0.9500,0,4,1.000001,5.000000,0.000003,0.000000,0.000017,-0.000000
0.9500,0,5,1.000000,6.000000,0.000000,0.000000,-0.000000,-0.000000
0.9500,0,6,1.000000,7.000000,0.000000,0.000000,-0.000000,-0.000000
0.9500,0,7,1.000000,8.000000,0.000000,0.000000,-0.000000,-0.000000
0.9500,1,0,2.000000,1.000000,0.000000,0.000000,-0.000000,-0.000000
0.9500,1,1,2.000000,2.000000,0.000000,0.000000,-0.000000,-0.000000
0.9500,1,2,2.000000,3.000000,0.000000,0.000000,-0.000000,-0.000000
0.9500,1,3,2.000000,4.000000,0.000000,0.000000,-0.000000,-0.000000
0.9500,1,4,2.000035,5.000000,0.000158,0.000000,0.000504,-0.000000
0.9500,1,5,2.000000,6.000000,0.000000,0.000000,-0.000000,-0.000000
0.9500,1,6,2.000000,7.000000,0.000000,0.000000,-0.000000,-0.000000
0.9500,1,7,2.000000,8.000000,0.000000,0.000000,-0.000000,-0.000000
0.9500,2,0,3.000000,1.000000,0.000000,0.000000,-0.000000,-0.000000
0.9500,2,1,3.000000,2.000000,0.000000,0.000000,-0.000000,-0.000000
0.9500,2,2,3.000000,3.000000,0.000000,0.000000,-0.000000,-0.000000
0.9500,2,3,3.000000,4.000000,0.000000,0.000000,-0.000000,-0.000000
0.9500,2,4,3.001373,5.000000,0.003616,0.000000,0.004291,-0.000000
0.9500,2,5,3.000000,6.000000,0.000000,0.000000,-0.000000,-0.000000
0.9500,2,6,3.000000,7.000000,0.000000,0.000000,-0.000000,-0.000000
0.9500,2,7,3.000000,8.000000,0.000000,0.000000,-0.000000,-0.000000
0.9500,3,0,4.000000,1.000000,0.000000,0.000000,-0.000000,-0.000000
0.9500,3,1,4.000000,2.000000,0.000000,0.000000,-0.000000,-0.000000
0.9500,3,2,4.000000,3.000000,0.000000,0.000000,-0.000000,-0.000000
0.9500,3,3,4.000000,4.000000,0.000000,0.000000,-0.000000,-0.000000
0.9500,3,4,4.025031,5.000000,0.023801,0.000000,-0.020613,-0.000000
0.9500,3,5,4.000000,6.000000,0.000000,0.000000,-0.000000,-0.000000
0.9500,3,6,4.000000,7.000000,0.000000,0.000000,-0.000000,-0.000000
0.9500,3,7,4.000000,8.000000,0.000000,0.000000,-0.000000,-0.000000
0.9500,4,0,5.000000,1.000000,0.000000,0.000002,-0.000000,0.000009
0.9500,4,1,5.000000,2.000018,0.000000,0.000079,-0.000000,0.000252
0.9500,4,2,5.000000,3.000686,0.000000,0.001808,-0.000000,0.002146
0.9500,4,3,5.000000,4.012516,0.000000,0.011900,-0.000000,-0.010307
0.9500,4,4,5.147121,5.073560,-0.055156,-0.027578,0.031601,0.015800
0.9500,4,5,5.000000,6.012516,0.000000,0.011900,-0.000000,-0.010307
0.9500,4,6,5.000000,7.000686,0.000000,0.001808,-0.000000,0.002146
0.9500,4,7,5.000000,8.000018,0.000000,0.000079,-0.000000,0.000252
0.9500,5,0,6.000000,1.000000,0.000000,0.000000,-0.000000,-0.000000
0.9500,5,1,6.000000,2.000000,0.000000,0.000000,-0.000000,-0.000000
0.9500,5,2,6.000000,3.000000,0.000000,0.000000,-0.000000,-0.000000
0.9500,5,3,6.000000,4.000000,0.000000,0.000000,-0.000000,-0.000000
0.9500,5,4,6.025031,5.000000,0.023801,0.000000,-0.020613,-0.000000
0.9500,5,5,6.000000,6.000000,0.000000,0.000000,-0.000000,-0.000000
0.9500,5,6,6.000000,7.000000,0.000000,0.000000,-0.000000,-0.000000
0.9500,5,7,6.000000,8.000000,0.000000,0.000000,-0.000000,-0.000000
0.9500,6,0,7.000000,1.000000,0.000000,0.000000,-0.000000,-0.000000
0.9500,6,1,7.000000,2.000000,0.000000,0.000000,-0.000000,-0.000000
0.9500,6,2,7.000000,3.000000,0.000000,0.000000,-0.000000,-0.000000
0.9500,6,3,7.000000,4.000000,0.000000,0.000000,-0.000000,-0.000000
0.9500,6,4,7.001373,5.000000,0.003616,0.000000,0.004291,-0.000000
0.9500,6,5,7.000000,6.000000,0.000000,0.000000,-0.000000,-0.000000
0.9500,6,6,7.000000,7.000000,0.000000,0.000000,-0.000000,-0.000000
0.9500,6,7,7.000000,8.000000,0.000000,0.000000,-0.000000,-0.000000
0.9500,7,0,8.000000,1.000000,0.000000,0.000000,-0.000000,-0.000000
0.9500,7,1,8.000000,2.000000,0.000000,0.000000,-0.000000,-0.000000
0.9500,7,2,8.000000,3.000000,0.000000,0.000000,-0.000000,-0.000000
0.9500,7,3,8.000000,4.000000,0.000000,0.000000,-0.000000,-0.000000
0.9500,7,4,8.000035,5.000000,0.000158,0.000000,0.000504,-0.000000
0.9500,7,5,8.000000,6.000000,0.000000,0.000000,-0.000000,-0.000000
0.9500,7,6,8.000000,7.000000,0.000000,0.000000,-0.000000,-0.000000
0.9500,7,7,8.000000,8.000000,0.000000,0.000000,-0.000000,-0.000000
1.0000,0,0,1.000000,1.000000,0.000000,0.000000,-0.000000,-0.000000
1.0000,0,1,1.000000,2.000000,0.000000,0.000000,-0.000000,-0.000000
1.0000,0,2,1.000000,3.000000,0.000000,0.000000,-0.000000,-0.000000
1.0000,0,3,1.000000,4.000000,0.000000,0.000000,-0.000000,-0.000000
1.0000,0,4,1.000001,5.000000,0.000004,0.000000,0.000021,-0.000000
1.0000,0,5,1.000000,6.000000,0.000000,0.000000,-0.000000,-0.000000
1.0000,0,6,1.000000,7.000000,0.000000,0.000000,-0.000000,-0.000000
1.0000,0,7,1.000000,8.000000,0.000000,0.000000,-0.000000,-0.000000
1.0000,1,0,2.000000,1.000000,0.000000,0.000000,-0.000000,-0.000000
1.0000,1,1,2.000000,2.000000,0.000000,0.000000,-0.000000,-0.000000
1.0000,1,2,2.000000,3.000000,0.000000,0.000000,-0.000000,-0.000000
1.0000,1,3,2.000000,4.000000,0.000000,0.000000,-0.000000,-0.000000
1.0000,1,4,2.000044,5.000000,0.000184,0.000000,0.000544,-0.000000
1.0000,1,5,2.000000,6.000000,0.000000,0.000000,-0.000000,-0.000000
1.0000,1,6,2.000000,7.000000,0.000000,0.000000,-0.000000,-0.000000
1.0000,1,7,2.000000,8.000000,0.000000,0.000000,-0.000000,-0.000000
1.0000,2,0,3.000000,1.000000,0.000000,0.000000,-0.000000,-0.000000
1.0000,2,1,3.000000,2.000000,0.000000,0.000000,-0.000000,-0.000000
1.0000,2,2,3.000000,3.000000,0.000000,0.000000,-0.000000,-0.000000
1.0000,2,3,3.000000,4.000000,0.000000,0.000000,-0.000000,-0.000000
1.0000,2,4,3.001560,5.000000,0.003824,0.000000,0.004045,-0.000000
1.0000,2,5,3.000000,6.000000,0.000000,0.000000,-0.000000,-0.000000
1.0000,2,6,3.000000,7.000000,0.000000,0.000000,-0.000000,-0.000000
1.0000,2,7,3.000000,8.000000,0.000000,0.000000,-0.000000,-0.000000
1.0000,3,0,4.000000,1.000000,0.000000,0.000000,-0.000000,-0.000000
1.0000,3,1,4.000000,2.000000,0.000000,0.000000,-0.000000,-0.000000
1.0000,3,2,4.000000,3.000000,0.000000,0.000000,-0.000000,-0.000000
1.0000,3,3,4.000000,4.000000,0.000000,0.000000,-0.000000,-0.000000
1.0000,3,4,4.026190,5.000000,0.022776,0.000000,-0.020357,-0.000000
1.0000,3,5,4.000000,6.000000,0.000000,0.000000,-0.000000,-0.000000
1.0000,3,6,4.000000,7.000000,0.000000,0.000000,-0.000000,-0.000000
1.0000,3,7,4.000000,8.000000,0.000000,0.000000,-0.000000,-0.000000
1.0000,4,0,5.000000,1.000000,0.000000,0.000002,-0.000000,0.000010
1.0000,4,1,5.000000,2.000022,0.000000,0.000092,-0.000000,0.000272
1.0000,4,2,5.000000,3.000780,0.000000,0.001912,-0.000000,0.002022
1.0000,4,3,5.000000,4.013095,0.000000,0.011388,-0.000000,-0.010179
1.0000,4,4,5.144410,5.072205,-0.053577,-0.026789,0.031496,0.015748
1.0000,4,5,5.000000,6.013095,0.000000,0.011388,-0.000000,-0.010179
1.0000,4,6,5.000000,7.000780,0.000000,0.001912,-0.000000,0.002022
1.0000,4,7,5.000000,8.000022,0.000000,0.000092,-0.000000,0.000272
1.0000,5,0,6.000000,1.000000,0.000000,0.000000,-0.000000,-0.000000
1.0000,5,1,6.000000,2.000000,0.000000,0.000000,-0.000000,-0.000000
1.0000,5,2,6.000000,3.000000,0.000000,0.000000,-0.000000,-0.000000
1.0000,5,3,6.000000,4.000000,0.000000,0.000000,-0.000000,-0.000000
1.0000,5,4,6.026190,5.000000,0.022776,0.000000,-0.020357,-0.000000
1.0000,5,5,6.000000,6.000000,0.000000,0.000000,-0.000000,-0.000000
1.0000,5,6,6.000000,7.000000,0.000000,0.000000,-0.000000,-0.000000
1.0000,5,7,6.000000,8.000000,0.000000,0.000000,-0.000000,-0.000000
1.0000,6,0,7.000000,1.000000,0.000000,0.000000,-0.000000,-0.000000
1.0000,6,1,7.000000,2.000000,0.000000,0.000000,-0.000000,-0.000000
1.0000,6,2,7.000000,3.000000,0.000000,0.000000,-0.000000,-0.000000
1.0000,6,3,7.000000,4.000000,0.000000,0.000000,-0.000000,-0.000000
1.0000,6,4,7.001560,5.000000,0.003824,0.000000,0.004045,-0.000000
1.0000,6,5,7.000000,6.000000,0.000000,0.000000,-0.000000,-0.000000
1.0000,6,6,7.000000,7.000000,0.000000,0.000000,-0.000000,-0.000000
1.0000,6,7,7.000000,8.000000,0.000000,0.000000,-0.000000,-0.000000
1.0000,7,0,8.000000,1.000000,0.000000,0.000000,-0.000000,-0.000000
1.0000,7,1,8.000000,2.000000,0.000000,0.000000,-0.000000,-0.000000
1.0000,7,2,8.000000,3.000000,0.000000,0.000000,-0.000000,-0.000000
1.0000,7,3,8.000000,4.000000,0.000000,0.000000,-0.000000,-0.000000
1.0000,7,4,8.000044,5.000000,0.000184,0.000000,0.000543,-0.000000
1.0000,7,5,8.000000,6.000000,0.000000,0.000000,-0.000000,-0.000000
1.0000,7,6,8.000000,7.000000,0.000000,0.000000,-0.000000,-0.000000
1.0000,7,7,8.000000,8.000000,0.000000,0.000000,-0.000000,-0.000000
1.0500,0,0,1.000000,1.000000,0.000000,0.000000,-0.000000,-0.000000
1.0500,0,1,1.000000,2.000000,0.000000,0.000000,-0.000000,-0.000000
1.0500,0,2,1.000000,3.000000,0.000000,0.000000,-0.000000,-0.000000
1.0500,0,3,1.000000,4.000000,0.000000,0.000000,-0.000000,-0.000000
1.0500,0,4,1.000001,5.000000,0.000005,0.000000,0.000025,-0.000000
1.0500,0,5,1.000000,6.000000,0.000000,0.000000,-0.000000,-0.000000
1.0500,0,6,1.000000,7.000000,0.000000,0.000000,-0.000000,-0.000000
1.0500,0,7,1.000000,8.000000,0.000000,0.000000,-0.000000,-0.000000
1.0500,1,0,2.000000,1.000000,0.000000,0.000000,-0.000000,-0.000000
1.0500,1,1,2.000000,2.000000,0.000000,0.000000,-0.000000,-0.000000
1.0500,1,2,2.000000,3.000000,0.000000,0.000000,-0.000000,-0.000000
1.0500,1,3,2.000000,4.000000,0.000000,0.000000,-0.000000,-0.000000
1.0500,1,4,2.000054,5.000000,0.000212,0.000000,0.000581,-0.000000
1.0500,1,5,2.000000,6.000000,0.000000,0.000000,-0.000000,-0.000000
1.0500,1,6,2.000000,7.000000,0.000000,0.000000,-0.000000,-0.000000
1.0500,1,7,2.000000,8.000000,0.000000,0.000000,-0.000000,-0.000000
1.0500,2,0,3.000000,1.000000,0.000000,0.000000,-0.000000,-0.000000
1.0500,2,1,3.000000,2.000000,0.000000,0.000000,-0.000000,-0.000000
1.0500,2,2,3.000000,3.000000,0.000000,0.000000,-0.000000,-0.000000
1.0500,2,3,3.000000,4.000000,0.000000,0.000000,-0.000000,-0.000000
1.0500,2,4,3.001757,5.000000,0.004020,0.000000,0.003790,-0.000000
1.0500,2,5,3.000000,6.000000,0.000000,0.000000,-0.000000,-0.000000
1.0500,2,6,3.000000,7.000000,0.000000,0.000000,-0.000000,-0.000000
1.0500,2,7,3.000000,8.000000,0.000000,0.000000,-0.000000,-0.000000
1.0500,3,0,4.000000,1.000000,0.000000,0.000000,-0.000000,-0.000000
1.0500,3,1,4.000000,2.000000,0.000000,0.000000,-0.000000,-0.000000
1.0500,3,2,4.000000,3.000000,0.000000,0.000000,-0.000000,-0.000000
1.0500,3,3,4.000000,4.000000,0.000000,0.000000,-0.000000,-0.000000
1.0500,3,4,4.027299,5.000000,0.021767,0.000000,-0.019984,-0.000000
1.0500,3,5,4.000000,6.000000,0.000000,0.000000,-0.000000,-0.000000
1.0500,3,6,4.000000,7.000000,0.000000,0.000000,-0.000000,-0.000000
1.0500,3,7,4.000000,8.000000,0.000000,0.000000,-0.000000,-0.000000
1.0500,4,0,5.000000,1.000000,0.000000,0.000003,-0.000000,0.000012
1.0500,4,1,5.000000,2.000027,0.000000,0.000106,-0.000000,0.000290
1.0500,4,2,5.000000,3.000878,0.000000,0.002010,-0.000000,0.001895
1.0500,4,3,5.000000,4.013649,0.000000,0.010884,-0.000000,-0.009992
1.0500,4,4,5.141778,5.070889,-0.052010,-0.026005,0.031175,0.015588
1.0500,4,5,5.000000,6.013649,0.000000,0.010884,-0.000000,-0.009992
1.0500,4,6,5.000000,7.000878,0.000000,0.002010,-0.000000,0.001895
1.0500,4,7,5.000000,8.000027,0.000000,0.000106,-0.000000,0.000290
1.0500,5,0,6.000000,1.000000,0.000000,0.000000,-0.000000,-0.000000
1.0500,5,1,6.000000,2.000000,0.000000,0.000000,-0.000000,-0.000000
1.0500,5,2,6.000000,3.000000,0.000000,0.000000,-0.000000,-0.000000
1.0500,5,3,6.000000,4.000000,0.000000,0.000000,-0.000000,-0.000000
1.0500,5,4,6.027299,5.000000,0.021767,0.000000,-0.019984,-0.000000
1.0500,5,5,6.000000,6.000000,0.000000,0.000000,-0.000000,-0.000000
1.0500,5,6,6.000000,7.000000,0.000000,0.000000,-0.000000,-0.000000
1.0500,5,7,6.000000,8.000000,0.000000,0.000000,-0.000000,-0.000000
1.0500,6,0,7.000000,1.000000,0.000000,0.000000,-0.000000,-0.000000
1.0500,6,1,7.000000,2.000000,0.000000,0.000000,-0.000000,-0.000000
1.0500,6,2,7.000000,3.000000,0.000000,0.000000,-0.000000,-0.000000
1.0500,6,3,7.000000,4.000000,0.000000,0.000000,-0.000000,-0.000000
1.0500,6,4,7.001757,5.000000,0.004020,0.000000,0.003790,-0.000000
1.0500,6,5,7.000000,6.000000,0.000000,0.000000,-0.000000,-0.000000
1.0500,6,6,7.000000,7.000000,0.000000,0.000000,-0.000000,-0.000000
1.0500,6,7,7.000000,8.000000,0.000000,0.000000,-0.000000,-0.000000
1.0500,7,0,8.000000,1.000000,0.000000,0.000000,-0.000000,-0.000000
1.0500,7,1,8.000000,2.000000,0.000000,0.000000,-0.000000,-0.000000
1.0500,7,2,8.000000,3.000000,0.000000,0.000000,-0.000000,-0.000000
1.0500,7,3,8.000000,4.000000,0.000000,0.000000,-0.000000,-0.000000
1.0500,7,4,8.000054,5.000000,0.000212,0.000000,0.000580,-0.000000
1.0500,7,5,8.000000,6.000000,0.000000,0.000000,-0.000000,-0.000000
1.0500,7,6,8.000000,7.000000,0.000000,0.000000,-0.000000,-0.000000
1.0500,7,7,8.000000,8.000000,0.000000,0.000000,-0.000000,-0.000000
1.1000,0,0,1.000000,1.000000,0.000000,0.000000,-0.000000,-0.000000
1.1000,0,1,1.000000,2.000000,0.000000,0.000000,-0.000000,-0.000000
1.1000,0,2,1.000000,3.000000,0.000000,0.000000,-0.000000,-0.000000
1.1000,0,3,1.000000,4.000000,0.000000,0.000000,-0.000000,-0.000000
1.1000,0,4,1.000001,5.000000,0.000007,0.000000,0.000029,-0.000000
1.1000,0,5,1.000000,6.000000,0.000000,0.000000,-0.000000,-0.000000
1.1000,0,6,1.000000,7.000000,0.000000,0.000000,-0.000000,-0.000000
1.1000,0,7,1.000000,8.000000,0.000000,0.000000,-0.000000,-0.000000
1.1000,1,0,2.000000,1.000000,0.000000,0.000000,-0.000000,-0.000000
1.1000,1,1,2.000000,2.000000,0.000000,0.000000,-0.000000,-0.000000
1.1000,1,2,2.000000,3.000000,0.000000,0.000000,-0.000000,-0.000000
1.1000,1,3,2.000000,4.000000,0.000000,0.000000,-0.000000,-0.000000
1.1000,1,4,2.000066,5.000000,0.000242,0.000000,0.000616,-0.000000
1.1000,1,5,2.000000,6.000000,0.000000,0.000000,-0.000000,-0.000000
1.1000,1,6,2.000000,7.000000,0.000000,0.000000,-0.000000,-0.000000
1.1000,1,7,2.000000,8.000000,0.000000,0.000000,-0.000000,-0.000000
1.1000,2,0,3.000000,1.000000,0.000000,0.000000,-0.000000,-0.000000
1.1000,2,1,3.000000,2.000000,0.000000,0.000000,-0.000000,-0.000000
1.1000,2,2,3.000000,3.000000,0.000000,0.000000,-0.000000,-0.000000
1.1000,2,3,3.000000,4.000000,0.000000,0.000000,-0.000000,-0.000000
1.1000,2,4,3.001963,5.000000,0.004203,0.000000,0.003532,-0.000000
1.1000,2,5,3.000000,6.000000,0.000000,0.000000,-0.000000,-0.000000
1.1000,2,6,3.000000,7.000000,0.000000,0.000000,-0.000000,-0.000000
1.1000,2,7,3.000000,8.000000,0.000000,0.000000,-0.000000,-0.000000
1.1000,3,0,4.000000,1.000000,0.000000,0.000000,-0.000000,-0.000000
1.1000,3,1,4.000000,2.000000,0.000000,0.000000,-0.000000,-0.000000
1.1000,3,2,4.000000,3.000000,0.000000,0.000000,-0.000000,-0.000000
1.1000,3,3,4.000000,4.000000,0.000000,0.000000,-0.000000,-0.000000
1.1000,3,4,4.028358,5.000000,0.020779,0.000000,-0.019523,-0.000000
1.1000,3,5,4.000000,6.000000,0.000000,0.000000,-0.000000,-0.000000
1.1000,3,6,4.000000,7.000000,0.000000,0.000000,-0.000000,-0.000000
1.1000,3,7,4.000000,8.000000,0.000000,0.000000,-0.000000,-0.000000
1.1000,4,0,5.000000,1.000001,0.000000,0.000003,-0.000000,0.000014
1.1000,4,1,5.000000,2.000033,0.000000,0.000121,-0.000000,0.000308
1.1000,4,2,5.000000,3.000982,0.000000,0.002102,-0.000000,0.001766
1.1000,4,3,5.000000,4.014179,0.000000,0.010390,-0.000000,-0.009762
1.1000,4,4,5.139224,5.069612,-0.050463,-0.025231,0.030692,0.015346
1.1000,4,5,5.000000,6.014179,0.000000,0.010390,-0.000000,-0.009762
1.1000,4,6,5.000000,7.000982,0.000000,0.002102,-0.000000,0.001766
1.1000,4,7,5.000000,8.000033,0.000000,0.000121,-0.000000,0.000307
1.1000,5,0,6.000000,1.000000,0.000000,0.000000,-0.000000,-0.000000
1.1000,5,1,6.000000,2.000000,0.000000,0.000000,-0.000000,-0.000000
1.1000,5,2,6.000000,3.000000,0.000000,0.000000,-0.000000,-0.000000
1.1000,5,3,6.000000,4.000000,0.000000,0.000000,-0.000000,-0.000000
1.1000,5,4,6.028358,5.000000,0.020779,0.000000,-0.019523,-0.000000
1.1000,5,5,6.000000,6.000000,0.000000,0.000000,-0.000000,-0.000000
1.1000,5,6,6.000000,7.000000,0.000000,0.000000,-0.000000,-0.000000
1.1000,5,7,6.000000,8.000000,0.000000,0.000000,-0.000000,-0.000000
1.1000,6,0,7.000000,1.000000,0.000000,0.000000,-0.000000,-0.000000
1.1000,6,1,7.000000,2.000000,0.000000,0.000000,-0.000000,-0.000000
1.1000,6,2,7.000000,3.000000,0.000000,0.000000,-0.000000,-0.000000
1.1000,6,3,7.000000,4.000000,0.000000,0.000000,-0.000000,-0.000000
1.1000,6,4,7.001963,5.000000,0.004203,0.000000,0.003532,-0.000000
1.1000,6,5,7.000000,6.000000,0.000000,0.000000,-0.000000,-0.000000
1.1000,6,6,7.000000,7.000000,0.000000,0.000000,-0.000000,-0.000000
1.1000,6,7,7.000000,8.000000,0.000000,0.000000,-0.000000,-0.000000
1.1000,7,0,8.000000,1.000000,0.000000,0.000000,-0.000000,-0.000000
1.1000,7,1,8.000000,2.000000,0.000000,0.000000,-0.000000,-0.000000
1.1000,7,2,8.000000,3.000000,0.000000,0.000000,-0.000000,-0.000000
1.1000,7,3,8.000000,4.000000,0.000000,0.000000,-0.000000,-0.000000
1.1000,7,4,8.000066,5.000000,0.000242,0.000000,0.000615,-0.000000
1.1000,7,5,8.000000,6.000000,0.000000,0.000000,-0.000000,-0.000000
1.1000,7,6,8.000000,7.000000,0.000000,0.000000,-0.000000,-0.000000
1.1000,7,7,8.000000,8.000000,0.000000,0.000000,-0.000000,-0.000000
1.1500,0,0,1.000000,1.000000,0.000000,0.000000,-0.000000,-0.000000
1.1500,0,1,1.000000,2.000000,0.000000,0.000000,-0.000000,-0.000000
1.1500,0,2,1.000000,3.000000,0.000000,0.000000,-0.000000,-0.000000
1.1500,0,3,1.000000,4.000000,0.000000,0.000000,-0.000000,-0.000000
1.1500,0,4,1.000002,5.000000,0.000008,0.000000,0.000033,-0.000000
1.1500,0,5,1.000000,6.000000,0.000000,0.000000,-0.000000,-0.000000
1.1500,0,6,1.000000,7.000000,0.000000,0.000000,-0.000000,-0.000000
1.1500,0,7,1.000000,8.000000,0.000000,0.000000,-0.000000,-0.000000
1.1500,1,0,2.000000,1.000000,0.000000,0.000000,-0.000000,-0.000000
1.1500,1,1,2.000000,2.000000,0.000000,0.000000,-0.000000,-0.000000
1.1500,1,2,2.000000,3.000000,0.000000,0.000000,-0.000000,-0.000000
1.1500,1,3,2.000000,4.000000,0.000000,0.000000,-0.000000,-0.000000
1.1500,1,4,2.000079,5.000000,0.000274,0.000000,0.000648,-0.000000
1.1500,1,5,2.000000,6.000000,0.000000,0.000000,-0.000000,-0.000000
1.1500,1,6,2.000000,7.000000,0.000000,0.000000,-0.000000,-0.000000
1.1500,1,7,2.000000,8.000000,0.000000,0.000000,-0.000000,-0.000000
1.1500,2,0,3.000000,1.000000,0.000000,0.000000,-0.000000,-0.000000
1.1500,2,1,3.000000,2.000000,0.000000,0.000000,-0.000000,-0.000000
1.1500,2,2,3.000000,3.000000,0.000000,0.000000,-0.000000,-0.000000
1.1500,2,3,3.000000,4.000000,0.000000,0.000000,-0.000000,-0.000000
1.1500,2,4,3.002179,5.000000,0.004373,0.000000,0.003274,-0.000000
1.1500,2,5,3.000000,6.000000,0.000000,0.000000,-0.000000,-0.000000
1.1500,2,6,3.000000,7.000000,0.000000,0.000000,-0.000000,-0.000000
1.1500,2,7,3.000000,8.000000,0.000000,0.000000,-0.000000,-0.000000
1.1500,3,0,4.000000,1.000000,0.000000,0.000000,-0.000000,-0.000000
1.1500,3,1,4.000000,2.000000,0.000000,0.000000,-0.000000,-0.000000
1.1500,3,2,4.000000,3.000000,0.000000,0.000000,-0.000000,-0.000000
1.1500,3,3,4.000000,4.000000,0.000000,0.000000,-0.000000,-0.000000
1.1500,3,4,4.029367,5.000000,0.019816,0.000000,-0.018999,-0.000000
1.1500,3,5,4.000000,6.000000,0.000000,0.000000,-0.000000,-0.000000
1.1500,3,6,4.000000,7.000000,0.000000,0.000000,-0.000000,-0.000000
1.1500,3,7,4.000000,8.000000,0.000000,0.000000,-0.000000,-0.000000
1.1500,4,0,5.000000,1.000001,0.000000,0.000004,-0.000000,0.000017
1.1500,4,1,5.000000,2.000039,0.000000,0.000137,-0.000000,0.000324
1.1500,4,2,5.000000,3.001089,0.000000,0.002187,-0.000000,0.001637
1.1500,4,3,5.000000,4.014684,0.000000,0.009908,-0.000000,-0.009500
1.1500,4,4,5.136747,5.068374,-0.048943,-0.024471,0.030087,0.015043
1.1500,4,5,5.000000,6.014684,0.000000,0.009908,-0.000000,-0.009500
1.1500,4,6,5.000000,7.001089,0.000000,0.002187,-0.000000,0.001637
1.1500,4,7,5.000000,8.000039,0.000000,0.000137,-0.000000,0.000323
1.1500,5,0,6.000000,1.000000,0.000000,0.000000,-0.000000,-0.000000
1.1500,5,1,6.000000,2.000000,0.000000,0.000000,-0.000000,-0.000000
1.1500,5,2,6.000000,3.000000,0.000000,0.000000,-0.000000,-0.000000
1.1500,5,3,6.000000,4.000000,0.000000,0.000000,-0.000000,-0.000000
1.1500,5,4,6.029367,5.000000,0.019816,0.000000,-0.018999,-0.000000
1.1500,5,5,6.000000,6.000000,0.000000,0.000000,-0.000000,-0.000000
1.1500,5,6,6.000000,7.000000,0.000000,0.000000,-0.000000,-0.000000
1.1500,5,7,6.000000,8.000000,0.000000,0.000000,-0.000000,-0.000000
1.1500,6,0,7.000000,1.000000,0.000000,0.000000,-0.000000,-0.000000
1.1500,6,1,7.000000,2.000000,0.000000,0.000000,-0.000000,-0.000000
1.1500,6,2,7.000000,3.000000,0.000000,0.000000,-0.000000,-0.000000
1.1500,6,3,7.000000,4.000000,0.000000,0.000000,-0.000000,-0.000000
1.1500,6,4,7.002179,5.000000,0.004373,0.000000,0.003274,-0.000000
1.1500,6,5,7.000000,6.000000,0.000000,0.000000,-0.000000,-0.000000
1.1500,6,6,7.000000,7.000000,0.000000,0.000000,-0.000000,-0.000000
1.1500,6,7,7.000000,8.000000,0.000000,0.000000,-0.000000,-0.000000
1.1500,7,0,8.000000,1.000000,0.000000,0.000000,-0.000000,-0.000000
1.1500,7,1,8.000000,2.000000,0.000000,0.000000,-0.000000,-0.000000
1.1500,7,2,8.000000,3.000000,0.000000,0.000000,-0.000000,-0.000000
1.1500,7,3,8.000000,4.000000,0.000000,0.000000,-0.000000,-0.000000
1.1500,7,4,8.000079,5.000000,0.000274,0.000000,0.000647,-0.000000
1.1500,7,5,8.000000,6.000000,0.000000,0.000000,-0.000000,-0.000000
1.1500,7,6,8.000000,7.000000,0.000000,0.000000,-0.000000,-0.000000
1.1500,7,7,8.000000,8.000000,0.000000,0.000000,-0.000000,-0.000000
1.2000,0,0,1.000000,1.000000,0.000000,0.000000,-0.000000,-0.000000
1.2000,0,1,1.000000,2.000000,0.000000,0.000000,-0.000000,-0.000000
1.2000,0,2,1.000000,3.000000,0.000000,0.000000,-0.000000,-0.000000
1.2000,0,3,1.000000,4.000000,0.000000,0.000000,-0.000000,-0.000000
1.2000,0,4,1.000002,5.000000,0.000010,0.000000,0.000038,-0.000000
1.2000,0,5,1.000000,6.000000,0.000000,0.000000,-0.000000,-0.000000
1.2000,0,6,1.000000,7.000000,0.000000,0.000000,-0.000000,-0.000000
1.2000,0,7,1.000000,8.000000,0.000000,0.000000,-0.000000,-0.000000
1.2000,1,0,2.000000,1.000000,0.000000,0.000000,-0.000000,-0.000000
1.2000,1,1,2.000000,2.000000,0.000000,0.000000,-0.000000,-0.000000
1.2000,1,2,2.000000,3.000000,0.000000,0.000000,-0.000000,-0.000000
1.2000,1,3,2.000000,4.000000,0.000000,0.000000,-0.000000,-0.000000
1.2000,1,4,2.000093,5.000000,0.000307,0.000000,0.000677,-0.000000
1.2000,1,5,2.000000,6.000000,0.000000,0.000000,-0.000000,-0.000000
1.2000,1,6,2.000000,7.000000,0.000000,0.000000,-0.000000,-0.000000
1.2000,1,7,2.000000,8.000000,0.000000,0.000000,-0.000000,-0.000000
1.2000,2,0,3.000000,1.000000,0.000000,0.000000,-0.000000,-0.000000
1.2000,2,1,3.000000,2.000000,0.000000,0.000000,-0.000000,-0.000000
1.2000,2,2,3.000000,3.000000,0.000000,0.000000,-0.000000,-0.000000
1.2000,2,3,3.000000,4.000000,0.000000,0.000000,-0.000000,-0.000000
1.2000,2,4,3.002402,5.000000,0.004531,0.000000,0.003017,-0.000000
1.2000,2,5,3.000000,6.000000,0.000000,0.000000,-0.000000,-0.000000
1.2000,2,6,3.000000,7.000000,0.000000,0.000000,-0.000000,-0.000000
1.2000,2,7,3.000000,8.000000,0.000000,0.000000,-0.000000,-0.000000
1.2000,3,0,4.000000,1.000000,0.000000,0.000000,-0.000000,-0.000000
1.2000,3,1,4.000000,2.000000,0.000000,0.000000,-0.000000,-0.000000
1.2000,3,2,4.000000,3.000000,0.000000,0.000000,-0.000000,-0.000000
1.2000,3,3,4.000000,4.000000,0.000000,0.000000,-0.000000,-0.000000
1.2000,3,4,4.030330,5.000000,0.018880,0.000000,-0.018431,-0.000000
1.2000,3,5,4.000000,6.000000,0.000000,0.000000,-0.000000,-0.000000
1.2000,3,6,4.000000,7.000000,0.000000,0.000000,-0.000000,-0.000000
1.2000,3,7,4.000000,8.000000,0.000000,0.000000,-0.000000,-0.000000
1.2000,4,0,5.000000,1.000001,0.000000,0.000005,-0.000000,0.000019
1.2000,4,1,5.000000,2.000047,0.000000,0.000153,-0.000000,0.000339
1.2000,4,2,5.000000,3.001201,0.000000,0.002265,-0.000000,0.001509
1.2000,4,3,5.000000,4.015165,0.000000,0.009440,-0.000000,-0.009215
1.2000,4,4,5.134345,5.067172,-0.047455,-0.023728,0.029394,0.014697
1.2000,4,5,5.000000,6.015165,0.000000,0.009440,-0.000000,-0.009215
1.2000,4,6,5.000000,7.001201,0.000000,0.002265,-0.000000,0.001509
1.2000,4,7,5.000000,8.000047,0.000000,0.000153,-0.000000,0.000338
1.2000,5,0,6.000000,1.000000,0.000000,0.000000,-0.000000,-0.000000
1.2000,5,1,6.000000,2.000000,0.000000,0.000000,-0.000000,-0.000000
1.2000,5,2,6.000000,3.000000,0.000000,0.000000,-0.000000,-0.000000
1.2000,5,3,6.000000,4.000000,0.000000,0.000000,-0.000000,-0.000000
1.2000,5,4,6.030330,5.000000,0.018880,0.000000,-0.018431,-0.000000
1.2000,5,5,6.000000,6.000000,0.000000,0.000000,-0.000000,-0.000000
1.2000,5,6,6.000000,7.000000,0.000000,0.000000,-0.000000,-0.000000
1.2000,5,7,6.000000,8.000000,0.000000,0.000000,-0.000000,-0.000000
1.2000,6,0,7.000000,1.000000,0.000000,0.000000,-0.000000,-0.000000
1.2000,6,1,7.000000,2.000000,0.000000,0.000000,-0.000000,-0.000000
1.2000,6,2,7.000000,3.000000,0.000000,0.000000,-0.000000,-0.000000
1.2000,6,3,7.000000,4.000000,0.000000,0.000000,-0.000000,-0.000000
1.2000,6,4,7.002402,5.000000,0.004531,0.000000,0.003017,-0.000000
1.2000,6,5,7.000000,6.000000,0.000000,0.000000,-0.000000,-0.000000
1.2000,6,6,7.000000,7.000000,0.000000,0.000000,-0.000000,-0.000000
1.2000,6,7,7.000000,8.000000,0.000000,0.000000,-0.000000,-0.000000
1.2000,7,0,8.000000,1.000000,0.000000,0.000000,-0.000000,-0.000000
1.2000,7,1,8.000000,2.000000,0.000000,0.000000,-0.000000,-0.000000
1.2000,7,2,8.000000,3.000000,0.000000,0.000000,-0.000000,-0.000000
1.2000,7,3,8.000000,4.000000,0.000000,0.000000,-0.000000,-0.000000
1.2000,7,4,8.000093,5.000000,0.000307,0.000000,0.000676,-0.000000
1.2000,7,5,8.000000,6.000000,0.000000,0.000000,-0.000000,-0.000000
1.2000,7,6,8.000000,7.000000,0.000000,0.000000,-0.000000,-0.000000
1.2000,7,7,8.000000,8.000000,0.000000,0.000000,-0.000000,-0.000000
1.2500,0,0,1.000000,1.000000,0.000000,0.000000,-0.000000,-0.000000
1.2500,0,1,1.000000,2.000000,0.000000,0.000000,-0.000000,-0.000000
1.2500,0,2,1.000000,3.000000,0.000000,0.000000,-0.000000,-0.000000
1.2500,0,3,1.000000,4.000000,0.000000,0.000000,-0.000000,-0.000000
1.2500,0,4,1.000003,5.000000,0.000012,0.000000,0.000043,-0.000000
1.2500,0,5,1.000000,6.000000,0.000000,0.000000,-0.000000,-0.000000
1.2500,0,6,1.000000,7.000000,0.000000,0.000000,-0.000000,-0.000000
1.2500,0,7,1.000000,8.000000,0.000000,0.000000,-0.000000,-0.000000
1.2500,1,0,2.000000,1.000000,0.000000,0.000000,-0.000000,-0.000000
1.2500,1,1,2.000000,2.000000,0.000000,0.000000,-0.000000,-0.000000
1.2500,1,2,2.000000,3.000000,0.000000,0.000000,-0.000000,-0.000000
1.2500,1,3,2.000000,4.000000,0.000000,0.000000,-0.000000,-0.000000
1.2500,1,4,2.000110,5.000000,0.000342,0.000000,0.000704,-0.000000
1.2500,1,5,2.000000,6.000000,0.000000,0.000000,-0.000000,-0.000000
1.2500,1,6,2.000000,7.000000,0.000000,0.000000,-0.000000,-0.000000
1.2500,1,7,2.000000,8.000000,0.000000,0.000000,-0.000000,-0.000000
1.2500,2,0,3.000000,1.000000,0.000000,0.000000,-0.000000,-0.000000
1.2500,2,1,3.000000,2.000000,0.000000,0.000000,-0.000000,-0.000000
1.2500,2,2,3.000000,3.000000,0.000000,0.000000,-0.000000,-0.000000
1.2500,2,3,3.000000,4.000000,0.000000,0.000000,-0.000000,-0.000000
1.2500,2,4,3.002633,5.000000,0.004675,0.000000,0.002765,-0.000000
1.2500,2,5,3.000000,6.000000,0.000000,0.000000,-0.000000,-0.000000
1.2500,2,6,3.000000,7.000000,0.000000,0.000000,-0.000000,-0.000000
1.2500,2,7,3.000000,8.000000,0.000000,0.000000,-0.000000,-0.000000
1.2500,3,0,4.000000,1.000000,0.000000,0.000000,-0.000000,-0.000000
1.2500,3,1,4.000000,2.000000,0.000000,0.000000,-0.000000,-0.000000
1.2500,3,2,4.000000,3.000000,0.000000,0.000000,-0.000000,-0.000000
1.2500,3,3,4.000000,4.000000,0.000000,0.000000,-0.000000,-0.000000
1.2500,3,4,4.031247,5.000000,0.017973,0.000000,-0.017833,-0.000000
1.2500,3,5,4.000000,6.000000,0.000000,0.000000,-0.000000,-0.000000
1.2500,3,6,4.000000,7.000000,0.000000,0.000000,-0.000000,-0.000000
1.2500,3,7,4.000000,8.000000,0.000000,0.000000,-0.000000,-0.000000
1.2500,4,0,5.000000,1.000001,0.000000,0.000006,-0.000000,0.000022
1.2500,4,1,5.000000,2.000055,0.000000,0.000171,-0.000000,0.000352
1.2500,4,2,5.000000,3.001317,0.000000,0.002338,-0.000000,0.001382
1.2500,4,3,5.000000,4.015623,0.000000,0.008987,-0.000000,-0.008917
1.2500,4,4,5.132016,5.066008,-0.046004,-0.023002,0.028640,0.014320
1.2500,4,5,5.000000,6.015623,0.000000,0.008987,-0.000000,-0.008917
1.2500,4,6,5.000000,7.001317,0.000000,0.002338,-0.000000,0.001382
1.2500,4,7,5.000000,8.000055,0.000000,0.000171,-0.000000,0.000351
1.2500,5,0,6.000000,1.000000,0.000000,0.000000,-0.000000,-0.000000
1.2500,5,1,6.000000,2.000000,0.000000,0.000000,-0.000000,-0.000000
1.2500,5,2,6.000000,3.000000,0.000000,0.000000,-0.000000,-0.000000
1.2500,5,3,6.000000,4.000000,0.000000,0.000000,-0.000000,-0.000000
1.2500,5,4,6.031247,5.000000,0.017973,0.000000,-0.017833,-0.000000
1.2500,5,5,6.000000,6.000000,0.000000,0.000000,-0.000000,-0.000000
1.2500,5,6,6.000000,7.000000,0.000000,0.000000,-0.000000,-0.000000
1.2500,5,7,6.000000,8.000000,0.000000,0.000000,-0.000000,-0.000000
1.2500,6,0,7.000000,1.000000,0.000000,0.000000,-0.000000,-0.000000
1.2500,6,1,7.000000,2.000000,0.000000,0.000000,-0.000000,-0.000000
1.2500,6,2,7.000000,3.000000,0.000000,0.000000,-0.000000,-0.000000
1.2500,6,3,7.000000,4.000000,0.000000,0.000000,-0.000000,-0.000000
1.2500,6,4,7.002633,5.000000,0.004675,0.000000,0.002765,-0.000000
1.2500,6,5,7.000000,6.000000,0.000000,0.000000,-0.000000,-0.000000
1.2500,6,6,7.000000,7.000000,0.000000,0.000000,-0.000000,-0.000000
1.2500,6,7,7.000000,8.000000,0.000000,0.000000,-0.000000,-0.000000
1.2500,7,0,8.000000,1.000000,0.000000,0.000000,-0.000000,-0.000000
1.2500,7,1,8.000000,2.000000,0.000000,0.000000,-0.000000,-0.000000
1.2500,7,2,8.000000,3.000000,0.000000,0.000000,-0.000000,-0.000000
1.2500,7,3,8.000000,4.000000,0.000000,0.000000,-0.000000,-0.000000
1.2500,7,4,8.000110,5.000000,0.000341,0.000000,0.000703,-0.000000
1.2500,7,5,8.000000,6.000000,0.000000,0.000000,-0.000000,-0.000000
1.2500,7,6,8.000000,7.000000,0.000000,0.000000,-0.000000,-0.000000
1.2500,7,7,8.000000,8.000000,0.000000,0.000000,-0.000000,-0.000000
1.3000,0,0,1.000000,1.000000,0.000000,0.000000,-0.000000,-0.000000
1.3000,0,1,1.000000,2.000000,0.000000,0.000000,-0.000000,-0.000000
1.3000,0,2,1.000000,3.000000,0.000000,0.000000,-0.000000,-0.000000
1.3000,0,3,1.000000,4.000000,0.000000,0.000000,-0.000000,-0.000000
1.3000,0,4,1.000003,5.000000,0.000014,0.000000,0.000048,-0.000000
1.3000,0,5,1.000000,6.000000,0.000000,0.000000,-0.000000,-0.000000
1.3000,0,6,1.000000,7.000000,0.000000,0.000000,-0.000000,-0.000000
1.3000,0,7,1.000000,8.000000,0.000000,0.000000,-0.000000,-0.000000
1.3000,1,0,2.000000,1.000000,0.000000,0.000000,-0.000000,-0.000000
1.3000,1,1,2.000000,2.000000,0.000000,0.000000,-0.000000,-0.000000
1.3000,1,2,2.000000,3.000000,0.000000,0.000000,-0.000000,-0.000000
1.3000,1,3,2.000000,4.000000,0.000000,0.000000,-0.000000,-0.000000
1.3000,1,4,2.000128,5.000000,0.000377,0.000000,0.000728,-0.000000
1.3000,1,5,2.000000,6.000000,0.000000,0.000000,-0.000000,-0.000000
1.3000,1,6,2.000000,7.000000,0.000000,0.000000,-0.000000,-0.000000
1.3000,1,7,2.000000,8.000000,0.000000,0.000000,-0.000000,-0.000000
1.3000,2,0,3.000000,1.000000,0.000000,0.000000,-0.000000,-0.000000
1.3000,2,1,3.000000,2.000000,0.000000,0.000000,-0.000000,-0.000000
1.3000,2,2,3.000000,3.000000,0.000000,0.000000,-0.000000,-0.000000
1.3000,2,3,3.000000,4.000000,0.000000,0.000000,-0.000000,-0.000000
1.3000,2,4,3.002871,5.000000,0.004807,0.000000,0.002518,-0.000000
1.3000,2,5,3.000000,6.000000,0.000000,0.000000,-0.000000,-0.000000
1.3000,2,6,3.000000,7.000000,0.000000,0.000000,-0.000000,-0.000000
1.3000,2,7,3.000000,8.000000,0.000000,0.000000,-0.000000,-0.000000
1.3000,3,0,4.000000,1.000000,0.000000,0.000000,-0.000000,-0.000000
1.3000,3,1,4.000000,2.000000,0.000000,0.000000,-0.000000,-0.000000
1.3000,3,2,4.000000,3.000000,0.000000,0.000000,-0.000000,-0.000000
1.3000,3,3,4.000000,4.000000,0.000000,0.000000,-0.000000,-0.000000
1.3000,3,4,4.032119,5.000000,0.017097,0.000000,-0.017218,-0.000000
1.3000,3,5,4.000000,6.000000,0.000000,0.000000,-0.000000,-0.000000
1.3000,3,6,4.000000,7.000000,0.000000,0.000000,-0.000000,-0.000000
1.3000,3,7,4.000000,8.000000,0.000000,0.000000,-0.000000,-0.000000
1.3000,4,0,5.000000,1.000002,0.000000,0.000007,-0.000000,0.000024
1.3000,4,1,5.000000,2.000064,0.000000,0.000189,-0.000000,0.000364
1.3000,4,2,5.000000,3.001435,0.000000,0.002404,-0.000000,0.001259
1.3000,4,3,5.000000,4.016060,0.000000,0.008548,-0.000000,-0.008609
1.3000,4,4,5.129758,5.064879,-0.044592,-0.022296,0.027845,0.013923
1.3000,4,5,5.000000,6.016060,0.000000,0.008548,-0.000000,-0.008609
1.3000,4,6,5.000000,7.001435,0.000000,0.002404,-0.000000,0.001259
1.3000,4,7,5.000000,8.000064,0.000000,0.000188,-0.000000,0.000363
1.3000,5,0,6.000000,1.000000,0.000000,0.000000,-0.000000,-0.000000
1.3000,5,1,6.000000,2.000000,0.000000,0.000000,-0.000000,-0.000000
1.3000,5,2,6.000000,3.000000,0.000000,0.000000,-0.000000,-0.000000
1.3000,5,3,6.000000,4.000000,0.000000,0.000000,-0.000000,-0.000000
1.3000,5,4,6.032119,5.000000,0.017097,0.000000,-0.017218,-0.000000
1.3000,5,5,6.000000,6.000000,0.000000,0.000000,-0.000000,-0.000000
1.3000,5,6,6.000000,7.000000,0.000000,0.000000,-0.000000,-0.000000
1.3000,5,7,6.000000,8.000000,0.000000,0.000000,-0.000000,-0.000000
1.3000,6,0,7.000000,1.000000,0.000000,0.000000,-0.000000,-0.000000
1.3000,6,1,7.000000,2.000000,0.000000,0.000000,-0.000000,-0.000000
1.3000,6,2,7.000000,3.000000,0.000000,0.000000,-0.000000,-0.000000
1.3000,6,3,7.000000,4.000000,0.000000,0.000000,-0.000000,-0.000000
1.3000,6,4,7.002871,5.000000,0.004807,0.000000,0.002518,-0.000000
1.3000,6,5,7.000000,6.000000,0.000000,0.000000,-0.000000,-0.000000
1.3000,6,6,7.000000,7.000000,0.000000,0.000000,-0.000000,-0.000000
1.3000,6,7,7.000000,8.000000,0.000000,0.000000,-0.000000,-0.000000
1.3000,7,0,8.000000,1.000000,0.000000,0.000000,-0.000000,-0.000000
1.3000,7,1,8.000000,2.000000,0.000000,0.000000,-0.000000,-0.000000
1.3000,7,2,8.000000,3.000000,0.000000,0.000000,-0.000000,-0.000000
1.3000,7,3,8.000000,4.000000,0.000000,0.000000,-0.000000,-0.000000
1.3000,7,4,8.000128,5.000000,0.000377,0.000000,0.000726,-0.000000
1.3000,7,5,8.000000,6.000000,0.000000,0.000000,-0.000000,-0.000000
1.3000,7,6,8.000000,7.000000,0.000000,0.000000,-0.000000,-0.000000
1.3000,7,7,8.000000,8.000000,0.000000,0.000000,-0.000000,-0.000000
1.3500,0,0,1.000000,1.000000,0.000000,0.000000,-0.000000,-0.000000
1.3500,0,1,1.000000,2.000000,0.000000,0.000000,-0.000000,-0.000000
1.3500,0,2,1.000000,3.000000,0.000000,0.000000,-0.000000,-0.000000
1.3500,0,3,1.000000,4.000000,0.000000,0.000000,-0.000000,-0.000000
1.3500,0,4,1.000004,5.000000,0.000017,0.000000,0.000054,-0.000000
1.3500,0,5,1.000000,6.000000,0.000000,0.000000,-0.000000,-0.000000
1.3500,0,6,1.000000,7.000000,0.000000,0.000000,-0.000000,-0.000000
1.3500,0,7,1.000000,8.000000,0.000000,0.000000,-0.000000,-0.000000
1.3500,1,0,2.000000,1.000000,0.000000,0.000000,-0.000000,-0.000000
1.3500,1,1,2.000000,2.000000,0.000000,0.000000,-0.000000,-0.000000
1.3500,1,2,2.000000,3.000000,0.000000,0.000000,-0.000000,-0.000000
1.3500,1,3,2.000000,4.000000,0.000000,0.000000,-0.000000,-0.000000
1.3500,1,4,2.000148,5.000000,0.000414,0.000000,0.000748,-0.000000
1.3500,1,5,2.000000,6.000000,0.000000,0.000000,-0.000000,-0.000000
1.3500,1,6,2.000000,7.000000,0.000000,0.000000,-0.000000,-0.000000
1.3500,1,7,2.000000,8.000000,0.000000,0.000000,-0.000000,-0.000000
1.3500,2,0,3.000000,1.000000,0.000000,0.000000,-0.000000,-0.000000
1.3500,2,1,3.000000,2.000000,0.000000,0.000000,-0.000000,-0.000000
1.3500,2,2,3.000000,3.000000,0.000000,0.000000,-0.000000,-0.000000
1.3500,2,3,3.000000,4.000000,0.000000,0.000000,-0.000000,-0.000000
1.3500,2,4,3.003115,5.000000,0.004927,0.000000,0.002278,-0.000000
1.3500,2,5,3.000000,6.000000,0.000000,0.000000,-0.000000,-0.000000
1.3500,2,6,3.000000,7.000000,0.000000,0.000000,-0.000000,-0.000000
1.3500,2,7,3.000000,8.000000,0.000000,0.000000,-0.000000,-0.000000
1.3500,3,0,4.000000,1.000000,0.000000,0.000000,-0.000000,-0.000000
1.3500,3,1,4.000000,2.000000,0.000000,0.000000,-0.000000,-0.000000
1.3500,3,2,4.000000,3.000000,0.000000,0.000000,-0.000000,-0.000000
1.3500,3,3,4.000000,4.000000,0.000000,0.000000,-0.000000,-0.000000
1.3500,3,4,4.032948,5.000000,0.016252,0.000000,-0.016595,-0.000000
1.3500,3,5,4.000000,6.000000,0.000000,0.000000,-0.000000,-0.000000
1.3500,3,6,4.000000,7.000000,0.000000,0.000000,-0.000000,-0.000000
1.3500,3,7,4.000000,8.000000,0.000000,0.000000,-0.000000,-0.000000
1.3500,4,0,5.000000,1.000002,0.000000,0.000008,-0.000000,0.000027
1.3500,4,1,5.000000,2.000074,0.000000,0.000207,-0.000000,0.000374
1.3500,4,2,5.000000,3.001557,0.000000,0.002464,-0.000000,0.001139
1.3500,4,3,5.000000,4.016474,0.000000,0.008126,-0.000000,-0.008298
1.3500,4,4,5.127570,5.063785,-0.043220,-0.021610,0.027025,0.013512
1.3500,4,5,5.000000,6.016474,0.000000,0.008126,-0.000000,-0.008298
1.3500,4,6,5.000000,7.001557,0.000000,0.002464,-0.000000,0.001139
1.3500,4,7,5.000000,8.000074,0.000000,0.000207,-0.000000,0.000373
1.3500,5,0,6.000000,1.000000,0.000000,0.000000,-0.000000,-0.000000
1.3500,5,1,6.000000,2.000000,0.000000,0.000000,-0.000000,-0.000000
1.3500,5,2,6.000000,3.000000,0.000000,0.000000,-0.000000,-0.000000
1.3500,5,3,6.000000,4.000000,0.000000,0.000000,-0.000000,-0.000000
1.3500,5,4,6.032948,5.000000,0.016252,0.000000,-0.016595,-0.000000
1.3500,5,5,6.000000,6.000000,0.000000,0.000000,-0.000000,-0.000000
1.3500,5,6,6.000000,7.000000,0.000000,0.000000,-0.000000,-0.000000
1.3500,5,7,6.000000,8.000000,0.000000,0.000000,-0.000000,-0.000000
1.3500,6,0,7.000000,1.000000,0.000000,0.000000,-0.000000,-0.000000
1.3500,6,1,7.000000,2.000000,0.000000,0.000000,-0.000000,-0.000000
1.3500,6,2,7.000000,3.000000,0.000000,0.000000,-0.000000,-0.000000
1.3500,6,3,7.000000,4.000000,0.000000,0.000000,-0.000000,-0.000000
1.3500,6,4,7.003115,5.000000,0.004927,0.000000,0.002278,-0.000000
1.3500,6,5,7.000000,6.000000,0.000000,0.000000,-0.000000,-0.000000
1.3500,6,6,7.000000,7.000000,0.000000,0.000000,-0.000000,-0.000000
1.3500,6,7,7.000000,8.000000,0.000000,0.000000,-0.000000,-0.000000
1.3500,7,0,8.000000,1.000000,0.000000,0.000000,-0.000000,-0.000000
1.3500,7,1,8.000000,2.000000,0.000000,0.000000,-0.000000,-0.000000
1.3500,7,2,8.000000,3.000000,0.000000,0.000000,-0.000000,-0.000000
1.3500,7,3,8.000000,4.000000,0.000000,0.000000,-0.000000,-0.000000
1.3500,7,4,8.000148,5.000000,0.000414,0.000000,0.000747,-0.000000
1.3500,7,5,8.000000,6.000000,0.000000,0.000000,-0.000000,-0.000000
1.3500,7,6,8.000000,7.000000,0.000000,0.000000,-0.000000,-0.000000
1.3500,7,7,8.000000,8.000000,0.000000,0.000000,-0.000000,-0.000000
1.4000,0,0,1.000000,1.000000,0.000000,0.000000,-0.000000,-0.000000
1.4000,0,1,1.000000,2.000000,0.000000,0.000000,-0.000000,-0.000000
1.4000,0,2,1.000000,3.000000,0.000000,0.000000,-0.000000,-0.000000
1.4000,0,3,1.000000,4.000000,0.000000,0.000000,-0.000000,-0.000000
1.4000,0,4,1.000005,5.000000,0.000020,0.000000,0.000060,-0.000000
1.4000,0,5,1.000000,6.000000,0.000000,0.000000,-0.000000,-0.000000
1.4000,0,6,1.000000,7.000000,0.000000,0.000000,-0.000000,-0.000000
1.4000,0,7,1.000000,8.000000,0.000000,0.000000,-0.000000,-0.000000
1.4000,1,0,2.000000,1.000000,0.000000,0.000000,-0.000000,-0.000000
1.4000,1,1,2.000000,2.000000,0.000000,0.000000,-0.000000,-0.000000
1.4000,1,2,2.000000,3.000000,0.000000,0.000000,-0.000000,-0.000000
1.4000,1,3,2.000000,4.000000,0.000000,0.000000,-0.000000,-0.000000
1.4000,1,4,2.000170,5.000000,0.000452,0.000000,0.000766,-0.000000
1.4000,1,5,2.000000,6.000000,0.000000,0.000000,-0.000000,-0.000000
1.4000,1,6,2.000000,7.000000,0.000000,0.000000,-0.000000,-0.000000
1.4000,1,7,2.000000,8.000000,0.000000,0.000000,-0.000000,-0.000000
1.4000,2,0,3.000000,1.000000,0.000000,0.000000,-0.000000,-0.000000
1.4000,2,1,3.000000,2.000000,0.000000,0.000000,-0.000000,-0.000000
1.4000,2,2,3.000000,3.000000,0.000000,0.000000,-0.000000,-0.000000
1.4000,2,3,3.000000,4.000000,0.000000,0.000000,-0.000000,-0.000000
1.4000,2,4,3.003364,5.000000,0.005035,0.000000,0.002047,-0.000000
1.4000,2,5,3.000000,6.000000,0.000000,0.000000,-0.000000,-0.000000
1.4000,2,6,3.000000,7.000000,0.000000,0.000000,-0.000000,-0.000000
1.4000,2,7,3.000000,8.000000,0.000000,0.000000,-0.000000,-0.000000
1.4000,3,0,4.000000,1.000000,0.000000,0.000000,-0.000000,-0.000000
1.4000,3,1,4.000000,2.000000,0.000000,0.000000,-0.000000,-0.000000
1.4000,3,2,4.000000,3.000000,0.000000,0.000000,-0.000000,-0.000000
1.4000,3,3,4.000000,4.000000,0.000000,0.000000,-0.000000,-0.000000
1.4000,3,4,4.033736,5.000000,0.015437,0.000000,-0.015971,-0.000000
1.4000,3,5,4.000000,6.000000,0.000000,0.000000,-0.000000,-0.000000
1.4000,3,6,4.000000,7.000000,0.000000,0.000000,-0.000000,-0.000000
1.4000,3,7,4.000000,8.000000,0.000000,0.000000,-0.000000,-0.000000
1.4000,4,0,5.000000,1.000003,0.000000,0.000010,-0.000000,0.000030
1.4000,4,1,5.000000,2.000085,0.000000,0.000226,-0.000000,0.000383
1.4000,4,2,5.000000,3.001682,0.000000,0.002518,-0.000000,0.001023
1.4000,4,3,5.000000,4.016868,0.000000,0.007719,-0.000000,-0.007986
1.4000,4,4,5.125449,5.062724,-0.041890,-0.020945,0.026192,0.013096
1.4000,4,5,5.000000,6.016868,0.000000,0.007719,-0.000000,-0.007986
1.4000,4,6,5.000000,7.001682,0.000000,0.002518,-0.000000,0.001023
1.4000,4,7,5.000000,8.000085,0.000000,0.000226,-0.000000,0.000382
1.4000,5,0,6.000000,1.000000,0.000000,0.000000,-0.000000,-0.000000
1.4000,5,1,6.000000,2.000000,0.000000,0.000000,-0.000000,-0.000000
1.4000,5,2,6.000000,3.000000,0.000000,0.000000,-0.000000,-0.000000
1.4000,5,3,6.000000,4.000000,0.000000,0.000000,-0.000000,-0.000000
1.4000,5,4,6.033736,5.000000,0.015437,0.000000,-0.015971,-0.000000
1.4000,5,5,6.000000,6.000000,0.000000,0.000000,-0.000000,-0.000000
1.4000,5,6,6.000000,7.000000,0.000000,0.000000,-0.000000,-0.000000
1.4000,5,7,6.000000,8.000000,0.000000,0.000000,-0.000000,-0.000000
1.4000,6,0,7.000000,1.000000,0.000000,0.000000,-0.000000,-0.000000
1.4000,6,1,7.000000,2.000000,0.000000,0.000000,-0.000000,-0.000000
1.4000,6,2,7.000000,3.000000,0.000000,0.000000,-0.000000,-0.000000
1.4000,6,3,7.000000,4.000000,0.000000,0.000000,-0.000000,-0.000000
1.4000,6,4,7.003364,5.000000,0.005035,0.000000,0.002047,-0.000000
1.4000,6,5,7.000000,6.000000,0.000000,0.000000,-0.000000,-0.000000
1.4000,6,6,7.000000,7.000000,0.000000,0.000000,-0.000000,-0.000000
1.4000,6,7,7.000000,8.000000,0.000000,0.000000,-0.000000,-0.000000
1.4000,7,0,8.000000,1.000000,0.000000,0.000000,-0.000000,-0.000000
1.4000,7,1,8.000000,2.000000,0.000000,0.000000,-0.000000,-0.000000
1.4000,7,2,8.000000,3.000000,0.000000,0.000000,-0.000000,-0.000000
1.4000,7,3,8.000000,4.000000,0.000000,0.000000,-0.000000,-0.000000
1.4000,7,4,8.000170,5.000000,0.000452,0.000000,0.000764,-0.000000
1.4000,7,5,8.000000,6.000000,0.000000,0.000000,-0.000000,-0.000000
1.4000,7,6,8.000000,7.000000,0.000000,0.000000,-0.000000,-0.000000
1.4000,7,7,8.000000,8.000000,0.000000,0.000000,-0.000000,-0.000000
1.4500,0,0,1.000000,1.000000,0.000000,0.000000,-0.000000,-0.000000
1.4500,0,1,1.000000,2.000000,0.000000,0.000000,-0.000000,-0.000000
1.4500,0,2,1.000000,3.000000,0.000000,0.000000,-0.000000,-0.000000
1.4500,0,3,1.000000,4.000000,0.000000,0.000000,-0.000000,-0.000000
1.4500,0,4,1.000006,5.000000,0.000023,0.000000,0.000066,-0.000000
1.4500,0,5,1.000000,6.000000,0.000000,0.000000,-0.000000,-0.000000
1.4500,0,6,1.000000,7.000000,0.000000,0.000000,-0.000000,-0.000000
1.4500,0,7,1.000000,8.000000,0.000000,0.000000,-0.000000,-0.000000
1.4500,1,0,2.000000,1.000000,0.000000,0.000000,-0.000000,-0.000000
1.4500,1,1,2.000000,2.000000,0.000000,0.000000,-0.000000,-0.000000
1.4500,1,2,2.000000,3.000000,0.000000,0.000000,-0.000000,-0.000000
1.4500,1,3,2.000000,4.000000,0.000000,0.000000,-0.000000,-0.000000
1.4500,1,4,2.000193,5.000000,0.000491,0.000000,0.000782,-0.000000
1.4500,1,5,2.000000,6.000000,0.000000,0.000000,-0.000000,-0.000000
1.4500,1,6,2.000000,7.000000,0.000000,0.000000,-0.000000,-0.000000
1.4500,1,7,2.000000,8.000000,0.000000,0.000000,-0.000000,-0.000000
1.4500,2,0,3.000000,1.000000,0.000000,0.000000,-0.000000,-0.000000
1.4500,2,1,3.000000,2.000000,0.000000,0.000000,-0.000000,-0.000000
1.4500,2,2,3.000000,3.000000,0.000000,0.000000,-0.000000,-0.000000
1.4500,2,3,3.000000,4.000000,0.000000,0.000000,-0.000000,-0.000000
1.4500,2,4,3.003619,5.000000,0.005132,0.000000,0.001824,-0.000000
1.4500,2,5,3.000000,6.000000,0.000000,0.000000,-0.000000,-0.000000
1.4500,2,6,3.000000,7.000000,0.000000,0.000000,-0.000000,-0.000000
1.4500,2,7,3.000000,8.000000,0.000000,0.000000,-0.000000,-0.000000
1.4500,3,0,4.000000,1.000000,0.000000,0.000000,-0.000000,-0.000000
1.4500,3,1,4.000000,2.000000,0.000000,0.000000,-0.000000,-0.000000
1.4500,3,2,4.000000,3.000000,0.000000,0.000000,-0.000000,-0.000000
1.4500,3,3,4.000000,4.000000,0.000000,0.000000,-0.000000,-0.000000
1.4500,3,4,4.034485,5.000000,0.014654,0.000000,-0.015352,-0.000000
1.4500,3,5,4.000000,6.000000,0.000000,0.000000,-0.000000,-0.000000
1.4500,3,6,4.000000,7.000000,0.000000,0.000000,-0.000000,-0.000000
1.4500,3,7,4.000000,8.000000,0.000000,0.000000,-0.000000,-0.000000
1.4500,4,0,5.000000,1.000003,0.000000,0.000011,-0.000000,0.000033
1.4500,4,1,5.000000,2.000097,0.000000,0.000245,-0.000000,0.000391
1.4500,4,2,5.000000,3.001810,0.000000,0.002566,-0.000000,0.000912
1.4500,4,3,5.000000,4.017242,0.000000,0.007327,-0.000000,-0.007676
1.4500,4,4,5.123393,5.061697,-0.040601,-0.020301,0.025356,0.012678
1.4500,4,5,5.000000,6.017242,0.000000,0.007327,-0.000000,-0.007676
1.4500,4,6,5.000000,7.001810,0.000000,0.002566,-0.000000,0.000912
1.4500,4,7,5.000000,8.000097,0.000000,0.000245,-0.000000,0.000390
1.4500,5,0,6.000000,1.000000,0.000000,0.000000,-0.000000,-0.000000
1.4500,5,1,6.000000,2.000000,0.000000,0.000000,-0.000000,-0.000000
1.4500,5,2,6.000000,3.000000,0.000000,0.000000,-0.000000,-0.000000
1.4500,5,3,6.000000,4.000000,0.000000,0.000000,-0.000000,-0.000000
1.4500,5,4,6.034485,5.000000,0.014654,0.000000,-0.015352,-0.000000
1.4500,5,5,6.000000,6.000000,0.000000,0.000000,-0.000000,-0.000000
1.4500,5,6,6.000000,7.000000,0.000000,0.000000,-0.000000,-0.000000
1.4500,5,7,6.000000,8.000000,0.000000,0.000000,-0.000000,-0.000000
1.4500,6,0,7.000000,1.000000,0.000000,0.000000,-0.000000,-0.000000
1.4500,6,1,7.000000,2.000000,0.000000,0.000000,-0.000000,-0.000000
1.4500,6,2,7.000000,3.000000,0.000000,0.000000,-0.000000,-0.000000
1.4500,6,3,7.000000,4.000000,0.000000,0.000000,-0.000000,-0.000000
1.4500,6,4,7.003619,5.000000,0.005132,0.000000,0.001824,-0.000000
1.4500,6,5,7.000000,6.000000,0.000000,0.000000,-0.000000,-0.000000
1.4500,6,6,7.000000,7.000000,0.000000,0.000000,-0.000000,-0.000000
1.4500,6,7,7.000000,8.000000,0.000000,0.000000,-0.000000,-0.000000
1.4500,7,0,8.000000,1.000000,0.000000,0.000000,-0.000000,-0.000000
1.4500,7,1,8.000000,2.000000,0.000000,0.000000,-0.000000,-0.000000
1.4500,7,2,8.000000,3.000000,0.000000,0.000000,-0.000000,-0.000000
1.4500,7,3,8.000000,4.000000,0.000000,0.000000,-0.000000,-0.000000
1.4500,7,4,8.000193,5.000000,0.000490,0.000000,0.000779,-0.000000
1.4500,7,5,8.000000,6.000000,0.000000,0.000000,-0.000000,-0.000000
1.4500,7,6,8.000000,7.000000,0.000000,0.000000,-0.000000,-0.000000
1.4500,7,7,8.000000,8.000000,0.000000,0.000000,-0.000000,-0.000000
1.5000,0,0,1.000000,1.000000,0.000000,0.000000,-0.000000,-0.000000
1.5000,0,1,1.000000,2.000000,0.000000,0.000000,-0.000000,-0.000000
1.5000,0,2,1.000000,3.000000,0.000000,0.000000,-0.000000,-0.000000
1.5000,0,3,1.000000,4.000000,0.000000,0.000000,-0.000000,-0.000000
1.5000,0,4,1.000007,5.000000,0.000026,0.000000,0.000072,-0.000000
1.5000,0,5,1.000000,6.000000,0.000000,0.000000,-0.000000,-0.000000
1.5000,0,6,1.000000,7.000000,0.000000,0.000000,-0.000000,-0.000000
1.5000,0,7,1.000000,8.000000,0.000000,0.000000,-0.000000,-0.000000
1.5000,1,0,2.000000,1.000000,0.000000,0.000000,-0.000000,-0.000000
1.5000,1,1,2.000000,2.000000,0.000000,0.000000,-0.000000,-0.000000
1.5000,1,2,2.000000,3.000000,0.000000,0.000000,-0.000000,-0.000000
1.5000,1,3,2.000000,4.000000,0.000000,0.000000,-0.000000,-0.000000
1.5000,1,4,2.000219,5.000000,0.000530,0.000000,0.000794,-0.000000
1.5000,1,5,2.000000,6.000000,0.000000,0.000000,-0.000000,-0.000000
1.5000,1,6,2.000000,7.000000,0.000000,0.000000,-0.000000,-0.000000
1.5000,1,7,2.000000,8.000000,0.000000,0.000000,-0.000000,-0.000000
1.5000,2,0,3.000000,1.000000,0.000000,0.000000,-0.000000,-0.000000
1.5000,2,1,3.000000,2.000000,0.000000,0.000000,-0.000000,-0.000000
1.5000,2,2,3.000000,3.000000,0.000000,0.000000,-0.000000,-0.000000
1.5000,2,3,3.000000,4.000000,0.000000,0.000000,-0.000000,-0.000000
1.5000,2,4,3.003878,5.000000,0.005218,0.000000,0.001610,-0.000000
1.5000,2,5,3.000000,6.000000,0.000000,0.000000,-0.000000,-0.000000
1.5000,2,6,3.000000,7.000000,0.000000,0.000000,-0.000000,-0.000000
1.5000,2,7,3.000000,8.000000,0.000000,0.000000,-0.000000,-0.000000
1.5000,3,0,4.000000,1.000000,0.000000,0.000000,-0.000000,-0.000000
1.5000,3,1,4.000000,2.000000,0.000000,0.000000,-0.000000,-0.000000
1.5000,3,2,4.000000,3.000000,0.000000,0.000000,-0.000000,-0.000000
1.5000,3,3,4.000000,4.000000,0.000000,0.000000,-0.000000,-0.000000
1.5000,3,4,4.035195,5.000000,0.013902,0.000000,-0.014742,-0.000000
1.5000,3,5,4.000000,6.000000,0.000000,0.000000,-0.000000,-0.000000
1.5000,3,6,4.000000,7.000000,0.000000,0.000000,-0.000000,-0.000000
1.5000,3,7,4.000000,8.000000,0.000000,0.000000,-0.000000,-0.000000
1.5000,4,0,5.000000,1.000004,0.000000,0.000013,-0.000000,0.000036
1.5000,4,1,5.000000,2.000110,0.000000,0.000265,-0.000000,0.000397
1.5000,4,2,5.000000,3.001939,0.000000,0.002609,-0.000000,0.000805
1.5000,4,3,5.000000,4.017597,0.000000,0.006951,-0.000000,-0.007371
1.5000,4,4,5.121401,5.060700,-0.039354,-0.019677,0.024524,0.012262
1.5000,4,5,5.000000,6.017597,0.000000,0.006951,-0.000000,-0.007371
1.5000,4,6,5.000000,7.001939,0.000000,0.002609,-0.000000,0.000805
1.5000,4,7,5.000000,8.000109,0.000000,0.000265,-0.000000,0.000396
1.5000,5,0,6.000000,1.000000,0.000000,0.000000,-0.000000,-0.000000
1.5000,5,1,6.000000,2.000000,0.000000,0.000000,-0.000000,-0.000000
1.5000,5,2,6.000000,3.000000,0.000000,0.000000,-0.000000,-0.000000
1.5000,5,3,6.000000,4.000000,0.000000,0.000000,-0.000000,-0.000000
1.5000,5,4,6.035195,5.000000,0.013902,0.000000,-0.014742,-0.000000
1.5000,5,5,6.000000,6.000000,0.000000,0.000000,-0.000000,-0.000000
1.5000,5,6,6.000000,7.000000,0.000000,0.000000,-0.000000,-0.000000
1.5000,5,7,6.000000,8.000000,0.000000,0.000000,-0.000000,-0.000000
1.5000,6,0,7.000000,1.000000,0.000000,0.000000,-0.000000,-0.000000
1.5000,6,1,7.000000,2.000000,0.000000,0.000000,-0.000000,-0.000000
1.5000,6,2,7.000000,3.000000,0.000000,0.000000,-0.000000,-0.000000
1.5000,6,3,7.000000,4.000000,0.000000,0.000000,-0.000000,-0.000000
1.5000,6,4,7.003878,5.000000,0.005218,0.000000,0.001610,-0.000000
1.5000,6,5,7.000000,6.000000,0.000000,0.000000,-0.000000,-0.000000
1.5000,6,6,7.000000,7.000000,0.000000,0.000000,-0.000000,-0.000000
1.5000,6,7,7.000000,8.000000,0.000000,0.000000,-0.000000,-0.000000
1.5000,7,0,8.000000,1.000000,0.000000,0.000000,-0.000000,-0.000000
1.5000,7,1,8.000000,2.000000,0.000000,0.000000,-0.000000,-0.000000
1.5000,7,2,8.000000,3.000000,0.000000,0.000000,-0.000000,-0.000000
1.5000,7,3,8.000000,4.000000,0.000000,0.000000,-0.000000,-0.000000
1.5000,7,4,8.000219,5.000000,0.000529,0.000000,0.000791,-0.000000
1.5000,7,5,8.000000,6.000000,0.000000,0.000000,-0.000000,-0.000000
1.5000,7,6,8.000000,7.000000,0.000000,0.000000,-0.000000,-0.000000
1.5000,7,7,8.000000,8.000000,0.000000,0.000000,-0.000000,-0.000000
1.5500,0,0,1.000000,1.000000,0.000000,0.000000,-0.000000,-0.000000
1.5500,0,1,1.000000,2.000000,0.000000,0.000000,-0.000000,-0.000000
1.5500,0,2,1.000000,3.000000,0.000000,0.000000,-0.000000,-0.000000
1.5500,0,3,1.000000,4.000000,0.000000,0.000000,-0.000000,-0.000000
1.5500,0,4,1.000009,5.000000,0.000030,0.000000,0.000078,-0.000000
1.5500,0,5,1.000000,6.000000,0.000000,0.000000,-0.000000,-0.000000
1.5500,0,6,1.000000,7.000000,0.000000,0.000000,-0.000000,-0.000000
1.5500,0,7,1.000000,8.000000,0.000000,0.000000,-0.000000,-0.000000
1.5500,1,0,2.000000,1.000000,0.000000,0.000000,-0.000000,-0.000000
1.5500,1,1,2.000000,2.000000,0.000000,0.000000,-0.000000,-0.000000
1.5500,1,2,2.000000,3.000000,0.000000,0.000000,-0.000000,-0.000000
1.5500,1,3,2.000000,4.000000,0.000000,0.000000,-0.000000,-0.000000
1.5500,1,4,2.000247,5.000000,0.000570,0.000000,0.000804,-0.000000
1.5500,1,5,2.000000,6.000000,0.000000,0.000000,-0.000000,-0.000000
1.5500,1,6,2.000000,7.000000,0.000000,0.000000,-0.000000,-0.000000
1.5500,1,7,2.000000,8.000000,0.000000,0.000000,-0.000000,-0.000000
1.5500,2,0,3.000000,1.000000,0.000000,0.000000,-0.000000,-0.000000
1.5500,2,1,3.000000,2.000000,0.000000,0.000000,-0.000000,-0.000000
1.5500,2,2,3.000000,3.000000,0.000000,0.000000,-0.000000,-0.000000
1.5500,2,3,3.000000,4.000000,0.000000,0.000000,-0.000000,-0.000000
1.5500,2,4,3.004142,5.000000,0.005293,0.000000,0.001406,-0.000000
1.5500,2,5,3.000000,6.000000,0.000000,0.000000,-0.000000,-0.000000
1.5500,2,6,3.000000,7.000000,0.000000,0.000000,-0.000000,-0.000000
1.5500,2,7,3.000000,8.000000,0.000000,0.000000,-0.000000,-0.000000
1.5500,3,0,4.000000,1.000000,0.000000,0.000000,-0.000000,-0.000000
1.5500,3,1,4.000000,2.000000,0.000000,0.000000,-0.000000,-0.000000
1.5500,3,2,4.000000,3.000000,0.000000,0.000000,-0.000000,-0.000000
1.5500,3,3,4.000000,4.000000,0.000000,0.000000,-0.000000,-0.000000
1.5500,3,4,4.035868,5.000000,0.013180,0.000000,-0.014143,-0.000000
1.5500,3,5,4.000000,6.000000,0.000000,0.000000,-0.000000,-0.000000
1.5500,3,6,4.000000,7.000000,0.000000,0.000000,-0.000000,-0.000000
1.5500,3,7,4.000000,8.000000,0.000000,0.000000,-0.000000,-0.000000
1.5500,4,0,5.000000,1.000004,0.000000,0.000015,-0.000000,0.000039
1.5500,4,1,5.000000,2.000123,0.000000,0.000285,-0.000000,0.000402
1.5500,4,2,5.000000,3.002071,0.000000,0.002647,-0.000000,0.000703
1.5500,4,3,5.000000,4.017934,0.000000,0.006590,-0.000000,-0.007072
1.5500,4,4,5.119469,5.059735,-0.038149,-0.019074,0.023703,0.011851
1.5500,4,5,5.000000,6.017934,0.000000,0.006590,-0.000000,-0.007072
1.5500,4,6,5.000000,7.002071,0.000000,0.002647,-0.000000,0.000703
1.5500,4,7,5.000000,8.000123,0.000000,0.000285,-0.000000,0.000400
1.5500,5,0,6.000000,1.000000,0.000000,0.000000,-0.000000,-0.000000
1.5500,5,1,6.000000,2.000000,0.000000,0.000000,-0.000000,-0.000000
1.5500,5,2,6.000000,3.000000,0.000000,0.000000,-0.000000,-0.000000
1.5500,5,3,6.000000,4.000000,0.000000,0.000000,-0.000000,-0.000000
1.5500,5,4,6.035868,5.000000,0.013180,0.000000,-0.014143,-0.000000
1.5500,5,5,6.000000,6.000000,0.000000,0.000000,-0.000000,-0.000000
1.5500,5,6,6.000000,7.000000,0.000000,0.000000,-0.000000,-0.000000
1.5500,5,7,6.000000,8.000000,0.000000,0.000000,-0.000000,-0.000000
1.5500,6,0,7.000000,1.000000,0.000000,0.000000,-0.000000,-0.000000
1.5500,6,1,7.000000,2.000000,0.000000,0.000000,-0.000000,-0.000000
1.5500,6,2,7.000000,3.000000,0.000000,0.000000,-0.000000,-0.000000
1.5500,6,3,7.000000,4.000000,0.000000,0.000000,-0.000000,-0.000000
1.5500,6,4,7.004142,5.000000,0.005293,0.000000,0.001406,-0.000000
1.5500,6,5,7.000000,6.000000,0.000000,0.000000,-0.000000,-0.000000
1.5500,6,6,7.000000,7.000000,0.000000,0.000000,-0.000000,-0.000000
1.5500,6,7,7.000000,8.000000,0.000000,0.000000,-0.000000,-0.000000
1.5500,7,0,8.000000,1.000000,0.000000,0.000000,-0.000000,-0.000000
1.5500,7,1,8.000000,2.000000,0.000000,0.000000,-0.000000,-0.000000
1.5500,7,2,8.000000,3.000000,0.000000,0.000000,-0.000000,-0.000000
1.5500,7,3,8.000000,4.000000,0.000000,0.000000,-0.000000,-0.000000
1.5500,7,4,8.000247,5.000000,0.000569,0.000000,0.000800,-0.000000
1.5500,7,5,8.000000,6.000000,0.000000,0.000000,-0.000000,-0.000000
1.5500,7,6,8.000000,7.000000,0.000000,0.000000,-0.000000,-0.000000
1.5500,7,7,8.000000,8.000000,0.000000,0.000000,-0.000000,-0.000000
1.6000,0,0,1.000000,1.000000,0.000000,0.000000,-0.000000,-0.000000
1.6000,0,1,1.000000,2.000000,0.000000,0.000000,-0.000000,-0.000000
1.6000,0,2,1.000000,3.000000,0.000000,0.000000,-0.000000,-0.000000
1.6000,0,3,1.000000,4.000000,0.000000,0.000000,-0.000000,-0.000000
1.6000,0,4,1.000010,5.000000,0.000034,0.000000,0.000084,-0.000000
1.6000,0,5,1.000000,6.000000,0.000000,0.000000,-0.000000,-0.000000
1.6000,0,6,1.000000,7.000000,0.000000,0.000000,-0.000000,-0.000000
1.6000,0,7,1.000000,8.000000,0.000000,0.000000,-0.000000,-0.000000
1.6000,1,0,2.000000,1.000000,0.000000,0.000000,-0.000000,-0.000000
1.6000,1,1,2.000000,2.000000,0.000000,0.000000,-0.000000,-0.000000
1.6000,1,2,2.000000,3.000000,0.000000,0.000000,-0.000000,-0.000000
1.6000,1,3,2.000000,4.000000,0.000000,0.000000,-0.000000,-0.000000
1.6000,1,4,2.000277,5.000000,0.000611,0.000000,0.000811,-0.000000
1.6000,1,5,2.000000,6.000000,0.000000,0.000000,-0.000000,-0.000000
1.6000,1,6,2.000000,7.000000,0.000000,0.000000,-0.000000,-0.000000
1.6000,1,7,2.000000,8.000000,0.000000,0.000000,-0.000000,-0.000000
1.6000,2,0,3.000000,1.000000,0.000000,0.000000,-0.000000,-0.000000
1.6000,2,1,3.000000,2.000000,0.000000,0.000000,-0.000000,-0.000000
1.6000,2,2,3.000000,3.000000,0.000000,0.000000,-0.000000,-0.000000
1.6000,2,3,3.000000,4.000000,0.000000,0.000000,-0.000000,-0.000000
1.6000,2,4,3.004408,5.000000,0.005358,0.000000,0.001212,-0.000000
1.6000,2,5,3.000000,6.000000,0.000000,0.000000,-0.000000,-0.000000
1.6000,2,6,3.000000,7.000000,0.000000,0.000000,-0.000000,-0.000000
1.6000,2,7,3.000000,8.000000,0.000000,0.000000,-0.000000,-0.000000
1.6000,3,0,4.000000,1.000000,0.000000,0.000000,-0.000000,-0.000000
1.6000,3,1,4.000000,2.000000,0.000000,0.000000,-0.000000,-0.000000
1.6000,3,2,4.000000,3.000000,0.000000,0.000000,-0.000000,-0.000000
1.6000,3,3,4.000000,4.000000,0.000000,0.000000,-0.000000,-0.000000
1.6000,3,4,4.036506,5.000000,0.012487,0.000000,-0.013560,-0.000000
1.6000,3,5,4.000000,6.000000,0.000000,0.000000,-0.000000,-0.000000
1.6000,3,6,4.000000,7.000000,0.000000,0.000000,-0.000000,-0.000000
1.6000,3,7,4.000000,8.000000,0.000000,0.000000,-0.000000,-0.000000
1.6000,4,0,5.000000,1.000005,0.000000,0.000017,-0.000000,0.000042
1.6000,4,1,5.000000,2.000138,0.000000,0.000305,-0.000000,0.000406
1.6000,4,2,5.000000,3.002204,0.000000,0.002679,-0.000000,0.000606
1.6000,4,3,5.000000,4.018253,0.000000,0.006244,-0.000000,-0.006780
1.6000,4,4,5.117597,5.058798,-0.036984,-0.018492,0.022896,0.011448
1.6000,4,5,5.000000,6.018253,0.000000,0.006244,-0.000000,-0.006780
1.6000,4,6,5.000000,7.002204,0.000000,0.002679,-0.000000,0.000606
1.6000,4,7,5.000000,8.000138,0.000000,0.000305,-0.000000,0.000404
1.6000,5,0,6.000000,1.000000,0.000000,0.000000,-0.000000,-0.000000
1.6000,5,1,6.000000,2.000000,0.000000,0.000000,-0.000000,-0.000000
1.6000,5,2,6.000000,3.000000,0.000000,0.000000,-0.000000,-0.000000
1.6000,5,3,6.000000,4.000000,0.000000,0.000000,-0.000000,-0.000000
1.6000,5,4,6.036506,5.000000,0.012487,0.000000,-0.013560,-0.000000
1.6000,5,5,6.000000,6.000000,0.000000,0.000000,-0.000000,-0.000000
1.6000,5,6,6.000000,7.000000,0.000000,0.000000,-0.000000,-0.000000
1.6000,5,7,6.000000,8.000000,0.000000,0.000000,-0.000000,-0.000000
1.6000,6,0,7.000000,1.000000,0.000000,0.000000,-0.000000,-0.000000
1.6000,6,1,7.000000,2.000000,0.000000,0.000000,-0.000000,-0.000000
1.6000,6,2,7.000000,3.000000,0.000000,0.000000,-0.000000,-0.000000
1.6000,6,3,7.000000,4.000000,0.000000,0.000000,-0.000000,-0.000000
1.6000,6,4,7.004408,5.000000,0.005358,0.000000,0.001212,-0.000000
1.6000,6,5,7.000000,6.000000,0.000000,0.000000,-0.000000,-0.000000
1.6000,6,6,7.000000,7.000000,0.000000,0.000000,-0.000000,-0.000000
1.6000,6,7,7.000000,8.000000,0.000000,0.000000,-0.000000,-0.000000
1.6000,7,0,8.000000,1.000000,0.000000,0.000000,-0.000000,-0.000000
1.6000,7,1,8.000000,2.000000,0.000000,0.000000,-0.000000,-0.000000
1.6000,7,2,8.000000,3.000000,0.000000,0.000000,-0.000000,-0.000000
1.6000,7,3,8.000000,4.000000,0.000000,0.000000,-0.000000,-0.000000
1.6000,7,4,8.000276,5.000000,0.000609,0.000000,0.000807,-0.000000
1.6000,7,5,8.000000,6.000000,0.000000,0.000000,-0.000000,-0.000000
1.6000,7,6,8.000000,7.000000,0.000000,0.000000,-0.000000,-0.000000
1.6000,7,7,8.000000,8.000000,0.000000,0.000000,-0.000000,-0.000000
1.6500,0,0,1.000000,1.000000,0.000000,0.000000,-0.000000,-0.000000
1.6500,0,1,1.000000,2.000000,0.000000,0.000000,-0.000000,-0.000000
1.6500,0,2,1.000000,3.000000,0.000000,0.000000,-0.000000,-0.000000
1.6500,0,3,1.000000,4.000000,0.000000,0.000000,-0.000000,-0.000000
1.6500,0,4,1.000012,5.000000,0.000038,0.000000,0.000090,-0.000000
1.6500,0,5,1.000000,6.000000,0.000000,0.000000,-0.000000,-0.000000
1.6500,0,6,1.000000,7.000000,0.000000,0.000000,-0.000000,-0.000000
1.6500,0,7,1.000000,8.000000,0.000000,0.000000,-0.000000,-0.000000
1.6500,1,0,2.000000,1.000000,0.000000,0.000000,-0.000000,-0.000000
1.6500,1,1,2.000000,2.000000,0.000000,0.000000,-0.000000,-0.000000
1.6500,1,2,2.000000,3.000000,0.000000,0.000000,-0.000000,-0.000000
1.6500,1,3,2.000000,4.000000,0.000000,0.000000,-0.000000,-0.000000
1.6500,1,4,2.000308,5.000000,0.000651,0.000000,0.000816,-0.000000
1.6500,1,5,2.000000,6.000000,0.000000,0.000000,-0.000000,-0.000000
1.6500,1,6,2.000000,7.000000,0.000000,0.000000,-0.000000,-0.000000
1.6500,1,7,2.000000,8.000000,0.000000,0.000000,-0.000000,-0.000000
1.6500,2,0,3.000000,1.000000,0.000000,0.000000,-0.000000,-0.000000
1.6500,2,1,3.000000,2.000000,0.000000,0.000000,-0.000000,-0.000000
1.6500,2,2,3.000000,3.000000,0.000000,0.000000,-0.000000,-0.000000
1.6500,2,3,3.000000,4.000000,0.000000,0.000000,-0.000000,-0.000000
1.6500,2,4,3.004678,5.000000,0.005414,0.000000,0.001027,-0.000000
1.6500,2,5,3.000000,6.000000,0.000000,0.000000,-0.000000,-0.000000
1.6500,2,6,3.000000,7.000000,0.000000,0.000000,-0.000000,-0.000000
1.6500,2,7,3.000000,8.000000,0.000000,0.000000,-0.000000,-0.000000
1.6500,3,0,4.000000,1.000000,0.000000,0.000000,-0.000000,-0.000000
1.6500,3,1,4.000000,2.000000,0.000000,0.000000,-0.000000,-0.000000
1.6500,3,2,4.000000,3.000000,0.000000,0.000000,-0.000000,-0.000000
1.6500,3,3,4.000000,4.000000,0.000000,0.000000,-0.000000,-0.000000
1.6500,3,4,4.037110,5.000000,0.011824,0.000000,-0.012992,-0.000000
1.6500,3,5,4.000000,6.000000,0.000000,0.000000,-0.000000,-0.000000
1.6500,3,6,4.000000,7.000000,0.000000,0.000000,-0.000000,-0.000000
1.6500,3,7,4.000000,8.000000,0.000000,0.000000,-0.000000,-0.000000
1.6500,4,0,5.000000,1.000006,0.000000,0.000019,-0.000000,0.000045
1.6500,4,1,5.000000,2.000154,0.000000,0.000326,-0.000000,0.000408
1.6500,4,2,5.000000,3.002339,0.000000,0.002707,-0.000000,0.000513
1.6500,4,3,5.000000,4.018555,0.000000,0.005912,-0.000000,-0.006496
1.6500,4,4,5.115782,5.057891,-0.035859,-0.017929,0.022107,0.011053
1.6500,4,5,5.000000,6.018555,0.000000,0.005912,-0.000000,-0.006496
1.6500,4,6,5.000000,7.002339,0.000000,0.002707,-0.000000,0.000513
1.6500,4,7,5.000000,8.000154,0.000000,0.000325,-0.000000,0.000406
1.6500,5,0,6.000000,1.000000,0.000000,0.000000,-0.000000,-0.000000
1.6500,5,1,6.000000,2.000000,0.000000,0.000000,-0.000000,-0.000000
1.6500,5,2,6.000000,3.000000,0.000000,0.000000,-0.000000,-0.000000
1.6500,5,3,6.000000,4.000000,0.000000,0.000000,-0.000000,-0.000000
1.6500,5,4,6.037110,5.000000,0.011824,0.000000,-0.012992,-0.000000
1.6500,5,5,6.000000,6.000000,0.000000,0.000000,-0.000000,-0.000000
1.6500,5,6,6.000000,7.000000,0.000000,0.000000,-0.000000,-0.000000
1.6500,5,7,6.000000,8.000000,0.000000,0.000000,-0.000000,-0.000000
1.6500,6,0,7.000000,1.000000,0.000000,0.000000,-0.000000,-0.000000
1.6500,6,1,7.000000,2.000000,0.000000,0.000000,-0.000000,-0.000000
1.6500,6,2,7.000000,3.000000,0.000000,0.000000,-0.000000,-0.000000
1.6500,6,3,7.000000,4.000000,0.000000,0.000000,-0.000000,-0.000000
1.6500,6,4,7.004678,5.000000,0.005414,0.000000,0.001027,-0.000000
1.6500,6,5,7.000000,6.000000,0.000000,0.000000,-0.000000,-0.000000
1.6500,6,6,7.000000,7.000000,0.000000,0.000000,-0.000000,-0.000000
1.6500,6,7,7.000000,8.000000,0.000000,0.000000,-0.000000,-0.000000
1.6500,7,0,8.000000,1.000000,0.000000,0.000000,-0.000000,-0.000000
1.6500,7,1,8.000000,2.000000,0.000000,0.000000,-0.000000,-0.000000
1.6500,7,2,8.000000,3.000000,0.000000,0.000000,-0.000000,-0.000000
1.6500,7,3,8.000000,4.000000,0.000000,0.000000,-0.000000,-0.000000
1.6500,7,4,8.000308,5.000000,0.000650,0.000000,0.000812,-0.000000
1.6500,7,5,8.000000,6.000000,0.000000,0.000000,-0.000000,-0.000000
1.6500,7,6,8.000000,7.000000,0.000000,0.000000,-0.000000,-0.000000
1.6500,7,7,8.000000,8.000000,0.000000,0.000000,-0.000000,-0.000000
1.7000,0,0,1.000000,1.000000,0.000000,0.000000,-0.000000,-0.000000
1.7000,0,1,1.000000,2.000000,0.000000,0.000000,-0.000000,-0.000000
1.7000,0,2,1.000000,3.000000,0.000000,0.000000,-0.000000,-0.000000
1.7000,0,3,1.000000,4.000000,0.000000,0.000000,-0.000000,-0.000000
1.7000,0,4,1.000014,5.000000,0.000043,0.000000,0.000097,-0.000000
1.7000,0,5,1.000000,6.000000,0.000000,0.000000,-0.000000,-0.000000
1.7000,0,6,1.000000,7.000000,0.000000,0.000000,-0.000000,-0.000000
1.7000,0,7,1.000000,8.000000,0.000000,0.000000,-0.000000,-0.000000
1.7000,1,0,2.000000,1.000000,0.000000,0.000000,-0.000000,-0.000000
1.7000,1,1,2.000000,2.000000,0.000000,0.000000,-0.000000,-0.000000
1.7000,1,2,2.000000,3.000000,0.000000,0.000000,-0.000000,-0.000000
1.7000,1,3,2.000000,4.000000,0.000000,0.000000,-0.000000,-0.000000
1.7000,1,4,2.000342,5.000000,0.000692,0.000000,0.000819,-0.000000
1.7000,1,5,2.000000,6.000000,0.000000,0.000000,-0.000000,-0.000000
1.7000,1,6,2.000000,7.000000,0.000000,0.000000,-0.000000,-0.000000
1.7000,1,7,2.000000,8.000000,0.000000,0.000000,-0.000000,-0.000000
1.7000,2,0,3.000000,1.000000,0.000000,0.000000,-0.000000,-0.000000
1.7000,2,1,3.000000,2.000000,0.000000,0.000000,-0.000000,-0.000000
1.7000,2,2,3.000000,3.000000,0.000000,0.000000,-0.000000,-0.000000
1.7000,2,3,3.000000,4.000000,0.000000,0.000000,-0.000000,-0.000000
1.7000,2,4,3.004950,5.000000,0.005461,0.000000,0.000852,-0.000000
1.7000,2,5,3.000000,6.000000,0.000000,0.000000,-0.000000,-0.000000
1.7000,2,6,3.000000,7.000000,0.000000,0.000000,-0.000000,-0.000000
1.7000,2,7,3.000000,8.000000,0.000000,0.000000,-0.000000,-0.000000
1.7000,3,0,4.000000,1.000000,0.000000,0.000000,-0.000000,-0.000000
1.7000,3,1,4.000000,2.000000,0.000000,0.000000,-0.000000,-0.000000
1.7000,3,2,4.000000,3.000000,0.000000,0.000000,-0.000000,-0.000000
1.7000,3,3,4.000000,4.000000,0.000000,0.000000,-0.000000,-0.000000
1.7000,3,4,4.037682,5.000000,0.011188,0.000000,-0.012442,-0.000000
1.7000,3,5,4.000000,6.000000,0.000000,0.000000,-0.000000,-0.000000
1.7000,3,6,4.000000,7.000000,0.000000,0.000000,-0.000000,-0.000000
1.7000,3,7,4.000000,8.000000,0.000000,0.000000,-0.000000,-0.000000
1.7000,4,0,5.000000,1.000007,0.000000,0.000022,-0.000000,0.000048
1.7000,4,1,5.000000,2.000171,0.000000,0.000346,-0.000000,0.000409
1.7000,4,2,5.000000,3.002475,0.000000,0.002731,-0.000000,0.000426
1.7000,4,3,5.000000,4.018841,0.000000,0.005594,-0.000000,-0.006221
1.7000,4,4,5.114021,5.057011,-0.034773,-0.017386,0.021337,0.010668
1.7000,4,5,5.000000,6.018841,0.000000,0.005594,-0.000000,-0.006221
1.7000,4,6,5.000000,7.002475,0.000000,0.002731,-0.000000,0.000426
1.7000,4,7,5.000000,8.000171,0.000000,0.000345,-0.000000,0.000407
1.7000,5,0,6.000000,1.000000,0.000000,0.000000,-0.000000,-0.000000
1.7000,5,1,6.000000,2.000000,0.000000,0.000000,-0.000000,-0.000000
1.7000,5,2,6.000000,3.000000,0.000000,0.000000,-0.000000,-0.000000
1.7000,5,3,6.000000,4.000000,0.000000,0.000000,-0.000000,-0.000000
1.7000,5,4,6.037682,5.000000,0.011188,0.000000,-0.012442,-0.000000
1.7000,5,5,6.000000,6.000000,0.000000,0.000000,-0.000000,-0.000000
1.7000,5,6,6.000000,7.000000,0.000000,0.000000,-0.000000,-0.000000
1.7000,5,7,6.000000,8.000000,0.000000,0.000000,-0.000000,-0.000000
1.7000,6,0,7.000000,1.000000,0.000000,0.000000,-0.000000,-0.000000
1.7000,6,1,7.000000,2.000000,0.000000,0.000000,-0.000000,-0.000000
1.7000,6,2,7.000000,3.000000,0.000000,0.000000,-0.000000,-0.000000
1.7000,6,3,7.000000,4.000000,0.000000,0.000000,-0.000000,-0.000000
1.7000,6,4,7.004950,5.000000,0.005461,0.000000,0.000852,-0.000000
1.7000,6,5,7.000000,6.000000,0.000000,0.000000,-0.000000,-0.000000
1.7000,6,6,7.000000,7.000000,0.000000,0.000000,-0.000000,-0.000000
1.7000,6,7,7.000000,8.000000,0.000000,0.000000,-0.000000,-0.000000
1.7000,7,0,8.000000,1.000000,0.000000,0.000000,-0.000000,-0.000000
1.7000,7,1,8.000000,2.000000,0.000000,0.000000,-0.000000,-0.000000
1.7000,7,2,8.000000,3.000000,0.000000,0.000000,-0.000000,-0.000000
1.7000,7,3,8.000000,4.000000,0.000000,0.000000,-0.000000,-0.000000
1.7000,7,4,8.000342,5.000000,0.000691,0.000000,0.000814,-0.000000
1.7000,7,5,8.000000,6.000000,0.000000,0.000000,-0.000000,-0.000000
1.7000,7,6,8.000000,7.000000,0.000000,0.000000,-0.000000,-0.000000
1.7000,7,7,8.000000,8.000000,0.000000,0.000000,-0.000000,-0.000000
1.7500,0,0,1.000000,1.000000,0.000000,0.000000,-0.000000,-0.000000
1.7500,0,1,1.000000,2.000000,0.000000,0.000000,-0.000000,-0.000000
1.7500,0,2,1.000000,3.000000,0.000000,0.000000,-0.000000,-0.000000
1.7500,0,3,1.000000,4.000000,0.000000,0.000000,-0.000000,-0.000000
1.7500,0,4,1.000017,5.000000,0.000048,0.000000,0.000103,-0.000000
1.7500,0,5,1.000000,6.000000,0.000000,0.000000,-0.000000,-0.000000
1.7500,0,6,1.000000,7.000000,0.000000,0.000000,-0.000000,-0.000000
1.7500,0,7,1.000000,8.000000,0.000000,0.000000,-0.000000,-0.000000
1.7500,1,0,2.000000,1.000000,0.000000,0.000000,-0.000000,-0.000000
1.7500,1,1,2.000000,2.000000,0.000000,0.000000,-0.000000,-0.000000
1.7500,1,2,2.000000,3.000000,0.000000,0.000000,-0.000000,-0.000000
1.7500,1,3,2.000000,4.000000,0.000000,0.000000,-0.000000,-0.000000
1.7500,1,4,2.000378,5.000000,0.000733,0.000000,0.000819,-0.000000
1.7500,1,5,2.000000,6.000000,0.000000,0.000000,-0.000000,-0.000000
1.7500,1,6,2.000000,7.000000,0.000000,0.000000,-0.000000,-0.000000
1.7500,1,7,2.000000,8.000000,0.000000,0.000000,-0.000000,-0.000000
1.7500,2,0,3.000000,1.000000,0.000000,0.000000,-0.000000,-0.000000
1.7500,2,1,3.000000,2.000000,0.000000,0.000000,-0.000000,-0.000000
1.7500,2,2,3.000000,3.000000,0.000000,0.000000,-0.000000,-0.000000
1.7500,2,3,3.000000,4.000000,0.000000,0.000000,-0.000000,-0.000000
1.7500,2,4,3.005224,5.000000,0.005500,0.000000,0.000686,-0.000000
1.7500,2,5,3.000000,6.000000,0.000000,0.000000,-0.000000,-0.000000
1.7500,2,6,3.000000,7.000000,0.000000,0.000000,-0.000000,-0.000000
1.7500,2,7,3.000000,8.000000,0.000000,0.000000,-0.000000,-0.000000
1.7500,3,0,4.000000,1.000000,0.000000,0.000000,-0.000000,-0.000000
1.7500,3,1,4.000000,2.000000,0.000000,0.000000,-0.000000,-0.000000
1.7500,3,2,4.000000,3.000000,0.000000,0.000000,-0.000000,-0.000000
1.7500,3,3,4.000000,4.000000,0.000000,0.000000,-0.000000,-0.000000
1.7500,3,4,4.038224,5.000000,0.010579,0.000000,-0.011909,-0.000000
1.7500,3,5,4.000000,6.000000,0.000000,0.000000,-0.000000,-0.000000
1.7500,3,6,4.000000,7.000000,0.000000,0.000000,-0.000000,-0.000000
1.7500,3,7,4.000000,8.000000,0.000000,0.000000,-0.000000,-0.000000
1.7500,4,0,5.000000,1.000008,0.000000,0.000024,-0.000000,0.000051
1.7500,4,1,5.000000,2.000189,0.000000,0.000367,-0.000000,0.000410
1.7500,4,2,5.000000,3.002612,0.000000,0.002750,-0.000000,0.000343
1.7500,4,3,5.000000,4.019112,0.000000,0.005290,-0.000000,-0.005955
1.7500,4,4,5.112314,5.056157,-0.033725,-0.016862,0.020588,0.010294
1.7500,4,5,5.000000,6.019112,0.000000,0.005290,-0.000000,-0.005955
1.7500,4,6,5.000000,7.002612,0.000000,0.002750,-0.000000,0.000343
1.7500,4,7,5.000000,8.000189,0.000000,0.000366,-0.000000,0.000407
1.7500,5,0,6.000000,1.000000,0.000000,0.000000,-0.000000,-0.000000
1.7500,5,1,6.000000,2.000000,0.000000,0.000000,-0.000000,-0.000000
1.7500,5,2,6.000000,3.000000,0.000000,0.000000,-0.000000,-0.000000
1.7500,5,3,6.000000,4.000000,0.000000,0.000000,-0.000000,-0.000000
1.7500,5,4,6.038224,5.000000,0.010579,0.000000,-0.011909,-0.000000
1.7500,5,5,6.000000,6.000000,0.000000,0.000000,-0.000000,-0.000000
1.7500,5,6,6.000000,7.000000,0.000000,0.000000,-0.000000,-0.000000
1.7500,5,7,6.000000,8.000000,0.000000,0.000000,-0.000000,-0.000000
1.7500,6,0,7.000000,1.000000,0.000000,0.000000,-0.000000,-0.000000
1.7500,6,1,7.000000,2.000000,0.000000,0.000000,-0.000000,-0.000000
1.7500,6,2,7.000000,3.000000,0.000000,0.000000,-0.000000,-0.000000
1.7500,6,3,7.000000,4.000000,0.000000,0.000000,-0.000000,-0.000000
1.7500,6,4,7.005224,5.000000,0.005500,0.000000,0.000686,-0.000000
1.7500,6,5,7.000000,6.000000,0.000000,0.000000,-0.000000,-0.000000
1.7500,6,6,7.000000,7.000000,0.000000,0.000000,-0.000000,-0.000000
1.7500,6,7,7.000000,8.000000,0.000000,0.000000,-0.000000,-0.000000
1.7500,7,0,8.000000,1.000000,0.000000,0.000000,-0.000000,-0.000000
1.7500,7,1,8.000000,2.000000,0.000000,0.000000,-0.000000,-0.000000
1.7500,7,2,8.000000,3.000000,0.000000,0.000000,-0.000000,-0.000000
1.7500,7,3,8.000000,4.000000,0.000000,0.000000,-0.000000,-0.000000
1.7500,7,4,8.000377,5.000000,0.000731,0.000000,0.000813,-0.000000
1.7500,7,5,8.000000,6.000000,0.000000,0.000000,-0.000000,-0.000000
1.7500,7,6,8.000000,7.000000,0.000000,0.000000,-0.000000,-0.000000
1.7500,7,7,8.000000,8.000000,0.000000,0.000000,-0.000000,-0.000000
1.8000,0,0,1.000000,1.000000,0.000000,0.000000,-0.000000,-0.000000
1.8000,0,1,1.000000,2.000000,0.000000,0.000000,-0.000000,-0.000000
1.8000,0,2,1.000000,3.000000,0.000000,0.000000,-0.000000,-0.000000
1.8000,0,3,1.000000,4.000000,0.000000,0.000000,-0.000000,-0.000000
1.8000,0,4,1.000019,5.000000,0.000053,0.000000,0.000109,-0.000000
1.8000,0,5,1.000000,6.000000,0.000000,0.000000,-0.000000,-0.000000
1.8000,0,6,1.000000,7.000000,0.000000,0.000000,-0.000000,-0.000000
1.8000,0,7,1.000000,8.000000,0.000000,0.000000,-0.000000,-0.000000
1.8000,1,0,2.000000,1.000000,0.000000,0.000000,-0.000000,-0.000000
1.8000,1,1,2.000000,2.000000,0.000000,0.000000,-0.000000,-0.000000
1.8000,1,2,2.000000,3.000000,0.000000,0.000000,-0.000000,-0.000000
1.8000,1,3,2.000000,4.000000,0.000000,0.000000,-0.000000,-0.000000
1.8000,1,4,2.000416,5.000000,0.000774,0.000000,0.000818,-0.000000
1.8000,1,5,2.000000,6.000000,0.000000,0.000000,-0.000000,-0.000000
1.8000,1,6,2.000000,7.000000,0.000000,0.000000,-0.000000,-0.000000
1.8000,1,7,2.000000,8.000000,0.000000,0.000000,-0.000000,-0.000000
1.8000,2,0,3.000000,1.000000,0.000000,0.000000,-0.000000,-0.000000
1.8000,2,1,3.000000,2.000000,0.000000,0.000000,-0.000000,-0.000000
1.8000,2,2,3.000000,3.000000,0.000000,0.000000,-0.000000,-0.000000
1.8000,2,3,3.000000,4.000000,0.000000,0.000000,-0.000000,-0.000000
1.8000,2,4,3.005500,5.000000,0.005530,0.000000,0.000530,-0.000000
1.8000,2,5,3.000000,6.000000,0.000000,0.000000,-0.000000,-0.000000
1.8000,2,6,3.000000,7.000000,0.000000,0.000000,-0.000000,-0.000000
1.8000,2,7,3.000000,8.000000,0.000000,0.000000,-0.000000,-0.000000
1.8000,3,0,4.000000,1.000000,0.000000,0.000000,-0.000000,-0.000000
1.8000,3,1,4.000000,2.000000,0.000000,0.000000,-0.000000,-0.000000
1.8000,3,2,4.000000,3.000000,0.000000,0.000000,-0.000000,-0.000000
1.8000,3,3,4.000000,4.000000,0.000000,0.000000,-0.000000,-0.000000
1.8000,3,4,4.038735,5.000000,0.009997,0.000000,-0.011395,-0.000000
1.8000,3,5,4.000000,6.000000,0.000000,0.000000,-0.000000,-0.000000
1.8000,3,6,4.000000,7.000000,0.000000,0.000000,-0.000000,-0.000000
1.8000,3,7,4.000000,8.000000,0.000000,0.000000,-0.000000,-0.000000
1.8000,4,0,5.000000,1.000010,0.000000,0.000027,-0.000000,0.000055
1.8000,4,1,5.000000,2.000208,0.000000,0.000387,-0.000000,0.000409
1.8000,4,2,5.000000,3.002750,0.000000,0.002765,-0.000000,0.000265
1.8000,4,3,5.000000,4.019367,0.000000,0.004998,-0.000000,-0.005698
1.8000,4,4,5.110659,5.055329,-0.032713,-0.016357,0.019862,0.009931
1.8000,4,5,5.000000,6.019367,0.000000,0.004998,-0.000000,-0.005698
1.8000,4,6,5.000000,7.002750,0.000000,0.002765,-0.000000,0.000265
1.8000,4,7,5.000000,8.000208,0.000000,0.000386,-0.000000,0.000406
1.8000,5,0,6.000000,1.000000,0.000000,0.000000,-0.000000,-0.000000
1.8000,5,1,6.000000,2.000000,0.000000,0.000000,-0.000000,-0.000000
1.8000,5,2,6.000000,3.000000,0.000000,0.000000,-0.000000,-0.000000
1.8000,5,3,6.000000,4.000000,0.000000,0.000000,-0.000000,-0.000000
1.8000,5,4,6.038735,5.000000,0.009997,0.000000,-0.011395,-0.000000
1.8000,5,5,6.000000,6.000000,0.000000,0.000000,-0.000000,-0.000000
1.8000,5,6,6.000000,7.000000,0.000000,0.000000,-0.000000,-0.000000
1.8000,5,7,6.000000,8.000000,0.000000,0.000000,-0.000000,-0.000000
1.8000,6,0,7.000000,1.000000,0.000000,0.000000,-0.000000,-0.000000
1.8000,6,1,7.000000,2.000000,0.000000,0.000000,-0.000000,-0.000000
1.8000,6,2,7.000000,3.000000,0.000000,0.000000,-0.000000,-0.000000
1.8000,6,3,7.000000,4.000000,0.000000,0.000000,-0.000000,-0.000000
1.8000,6,4,7.005500,5.000000,0.005530,0.000000,0.000530,-0.000000
1.8000,6,5,7.000000,6.000000,0.000000,0.000000,-0.000000,-0.000000
1.8000,6,6,7.000000,7.000000,0.000000,0.000000,-0.000000,-0.000000
1.8000,6,7,7.000000,8.000000,0.000000,0.000000,-0.000000,-0.000000
1.8000,7,0,8.000000,1.000000,0.000000,0.000000,-0.000000,-0.000000
1.8000,7,1,8.000000,2.000000,0.000000,0.000000,-0.000000,-0.000000
1.8000,7,2,8.000000,3.000000,0.000000,0.000000,-0.000000,-0.000000
1.8000,7,3,8.000000,4.000000,0.000000,0.000000,-0.000000,-0.000000
1.8000,7,4,8.000415,5.000000,0.000772,0.000000,0.000811,-0.000000
1.8000,7,5,8.000000,6.000000,0.000000,0.000000,-0.000000,-0.000000
1.8000,7,6,8.000000,7.000000,0.000000,0.000000,-0.000000,-0.000000
1.8000,7,7,8.000000,8.000000,0.000000,0.000000,-0.000000,-0.000000
1.8500,0,0,1.000000,1.000000,0.000000,0.000000,-0.000000,-0.000000
1.8500,0,1,1.000000,2.000000,0.000000,0.000000,-0.000000,-0.000000
1.8500,0,2,1.000000,3.000000,0.000000,0.000000,-0.000000,-0.000000
1.8500,0,3,1.000000,4.000000,0.000000,0.000000,-0.000000,-0.000000
1.8500,0,4,1.000022,5.000000,0.000059,0.000000,0.000115,-0.000000
1.8500,0,5,1.000000,6.000000,0.000000,0.000000,-0.000000,-0.000000
1.8500,0,6,1.000000,7.000000,0.000000,0.000000,-0.000000,-0.000000
1.8500,0,7,1.000000,8.000000,0.000000,0.000000,-0.000000,-0.000000
1.8500,1,0,2.000000,1.000000,0.000000,0.000000,-0.000000,-0.000000
1.8500,1,1,2.000000,2.000000,0.000000,0.000000,-0.000000,-0.000000
1.8500,1,2,2.000000,3.000000,0.000000,0.000000,-0.000000,-0.000000
1.8500,1,3,2.000000,4.000000,0.000000,0.000000,-0.000000,-0.000000
1.8500,1,4,2.000456,5.000000,0.000815,0.000000,0.000814,-0.000000
1.8500,1,5,2.000000,6.000000,0.000000,0.000000,-0.000000,-0.000000
1.8500,1,6,2.000000,7.000000,0.000000,0.000000,-0.000000,-0.000000
1.8500,1,7,2.000000,8.000000,0.000000,0.000000,-0.000000,-0.000000
1.8500,2,0,3.000000,1.000000,0.000000,0.000000,-0.000000,-0.000000
1.8500,2,1,3.000000,2.000000,0.000000,0.000000,-0.000000,-0.000000
1.8500,2,2,3.000000,3.000000,0.000000,0.000000,-0.000000,-0.000000
1.8500,2,3,3.000000,4.000000,0.000000,0.000000,-0.000000,-0.000000
1.8500,2,4,3.005777,5.000000,0.005553,0.000000,0.000383,-0.000000
1.8500,2,5,3.000000,6.000000,0.000000,0.000000,-0.000000,-0.000000
1.8500,2,6,3.000000,7.000000,0.000000,0.000000,-0.000000,-0.000000
1.8500,2,7,3.000000,8.000000,0.000000,0.000000,-0.000000,-0.000000
1.8500,3,0,4.000000,1.000000,0.000000,0.000000,-0.000000,-0.000000
1.8500,3,1,4.000000,2.000000,0.000000,0.000000,-0.000000,-0.000000
1.8500,3,2,4.000000,3.000000,0.000000,0.000000,-0.000000,-0.000000
1.8500,3,3,4.000000,4.000000,0.000000,0.000000,-0.000000,-0.000000
1.8500,3,4,4.039218,5.000000,0.009439,0.000000,-0.010900,-0.000000
1.8500,3,5,4.000000,6.000000,0.000000,0.000000,-0.000000,-0.000000
1.8500,3,6,4.000000,7.000000,0.000000,0.000000,-0.000000,-0.000000
1.8500,3,7,4.000000,8.000000,0.000000,0.000000,-0.000000,-0.000000
1.8500,4,0,5.000000,1.000011,0.000000,0.000030,-0.000000,0.000058
1.8500,4,1,5.000000,2.000228,0.000000,0.000407,-0.000000,0.000407
1.8500,4,2,5.000000,3.002889,0.000000,0.002776,-0.000000,0.000191
1.8500,4,3,5.000000,4.019609,0.000000,0.004720,-0.000000,-0.005450
1.8500,4,4,5.109052,5.054526,-0.031738,-0.015869,0.019159,0.009579
1.8500,4,5,5.000000,6.019609,0.000000,0.004720,-0.000000,-0.005450
1.8500,4,6,5.000000,7.002889,0.000000,0.002776,-0.000000,0.000191
1.8500,4,7,5.000000,8.000228,0.000000,0.000406,-0.000000,0.000403
1.8500,5,0,6.000000,1.000000,0.000000,0.000000,-0.000000,-0.000000
1.8500,5,1,6.000000,2.000000,0.000000,0.000000,-0.000000,-0.000000
1.8500,5,2,6.000000,3.000000,0.000000,0.000000,-0.000000,-0.000000
1.8500,5,3,6.000000,4.000000,0.000000,0.000000,-0.000000,-0.000000
1.8500,5,4,6.039218,5.000000,0.009439,0.000000,-0.010900,-0.000000
1.8500,5,5,6.000000,6.000000,0.000000,0.000000,-0.000000,-0.000000
1.8500,5,6,6.000000,7.000000,0.000000,0.000000,-0.000000,-0.000000
1.8500,5,7,6.000000,8.000000,0.000000,0.000000,-0.000000,-0.000000
1.8500,6,0,7.000000,1.000000,0.000000,0.000000,-0.000000,-0.000000
1.8500,6,1,7.000000,2.000000,0.000000,0.000000,-0.000000,-0.000000
1.8500,6,2,7.000000,3.000000,0.000000,0.000000,-0.000000,-0.000000
1.8500,6,3,7.000000,4.000000,0.000000,0.000000,-0.000000,-0.000000
1.8500,6,4,7.005777,5.000000,0.005553,0.000000,0.000383,-0.000000
1.8500,6,5,7.000000,6.000000,0.000000,0.000000,-0.000000,-0.000000
1.8500,6,6,7.000000,7.000000,0.000000,0.000000,-0.000000,-0.000000
1.8500,6,7,7.000000,8.000000,0.000000,0.000000,-0.000000,-0.000000
1.8500,7,0,8.000000,1.000000,0.000000,0.000000,-0.000000,-0.000000
1.8500,7,1,8.000000,2.000000,0.000000,0.000000,-0.000000,-0.000000
1.8500,7,2,8.000000,3.000000,0.000000,0.000000,-0.000000,-0.000000
1.8500,7,3,8.000000,4.000000,0.000000,0.000000,-0.000000,-0.000000
1.8500,7,4,8.000455,5.000000,0.000812,0.000000,0.000807,-0.000000
1.8500,7,5,8.000000,6.000000,0.000000,0.000000,-0.000000,-0.000000
1.8500,7,6,8.000000,7.000000,0.000000,0.000000,-0.000000,-0.000000
1.8500,7,7,8.000000,8.000000,0.000000,0.000000,-0.000000,-0.000000
1.9000,0,0,1.000000,1.000000,0.000000,0.000000,-0.000000,-0.000000
1.9000,0,1,1.000000,2.000000,0.000000,0.000000,-0.000000,-0.000000
1.9000,0,2,1.000000,3.000000,0.000000,0.000000,-0.000000,-0.000000
1.9000,0,3,1.000000,4.000000,0.000000,0.000000,-0.000000,-0.000000
1.9000,0,4,1.000025,5.000000,0.000065,0.000000,0.000121,-0.000000
1.9000,0,5,1.000000,6.000000,0.000000,0.000000,-0.000000,-0.000000
1.9000,0,6,1.000000,7.000000,0.000000,0.000000,-0.000000,-0.000000
1.9000,0,7,1.000000,8.000000,0.000000,0.000000,-0.000000,-0.000000
1.9000,1,0,2.000000,1.000000,0.000000,0.000000,-0.000000,-0.000000
1.9000,1,1,2.000000,2.000000,0.000000,0.000000,-0.000000,-0.000000
1.9000,1,2,2.000000,3.000000,0.000000,0.000000,-0.000000,-0.000000
1.9000,1,3,2.000000,4.000000,0.000000,0.000000,-0.000000,-0.000000
1.9000,1,4,2.000498,5.000000,0.000855,0.000000,0.000809,-0.000000
1.9000,1,5,2.000000,6.000000,0.000000,0.000000,-0.000000,-0.000000
1.9000,1,6,2.000000,7.000000,0.000000,0.000000,-0.000000,-0.000000
1.9000,1,7,2.000000,8.000000,0.000000,0.000000,-0.000000,-0.000000
1.9000,2,0,3.000000,1.000000,0.000000,0.000000,-0.000000,-0.000000
1.9000,2,1,3.000000,2.000000,0.000000,0.000000,-0.000000,-0.000000
1.9000,2,2,3.000000,3.000000,0.000000,0.000000,-0.000000,-0.000000
1.9000,2,3,3.000000,4.000000,0.000000,0.000000,-0.000000,-0.000000
1.9000,2,4,3.006056,5.000000,0.005569,0.000000,0.000244,-0.000000
1.9000,2,5,3.000000,6.000000,0.000000,0.000000,-0.000000,-0.000000
1.9000,2,6,3.000000,7.000000,0.000000,0.000000,-0.000000,-0.000000
1.9000,2,7,3.000000,8.000000,0.000000,0.000000,-0.000000,-0.000000
1.9000,3,0,4.000000,1.000000,0.000000,0.000000,-0.000000,-0.000000
1.9000,3,1,4.000000,2.000000,0.000000,0.000000,-0.000000,-0.000000
1.9000,3,2,4.000000,3.000000,0.000000,0.000000,-0.000000,-0.000000
1.9000,3,3,4.000000,4.000000,0.000000,0.000000,-0.000000,-0.000000
1.9000,3,4,4.039674,5.000000,0.008906,0.000000,-0.010424,-0.000000
1.9000,3,5,4.000000,6.000000,0.000000,0.000000,-0.000000,-0.000000
1.9000,3,6,4.000000,7.000000,0.000000,0.000000,-0.000000,-0.000000
1.9000,3,7,4.000000,8.000000,0.000000,0.000000,-0.000000,-0.000000
1.9000,4,0,5.000000,1.000013,0.000000,0.000032,-0.000000,0.000061
1.9000,4,1,5.000000,2.000249,0.000000,0.000428,-0.000000,0.000405
1.9000,4,2,5.000000,3.003028,0.000000,0.002784,-0.000000,0.000122
1.9000,4,3,5.000000,4.019837,0.000000,0.004453,-0.000000,-0.005212
1.9000,4,4,5.107494,5.053747,-0.030797,-0.015399,0.018479,0.009239
1.9000,4,5,5.000000,6.019837,0.000000,0.004453,-0.000000,-0.005212
1.9000,4,6,5.000000,7.003028,0.000000,0.002784,-0.000000,0.000122
1.9000,4,7,5.000000,8.000248,0.000000,0.000426,-0.000000,0.000400
1.9000,5,0,6.000000,1.000000,0.000000,0.000000,-0.000000,-0.000000
1.9000,5,1,6.000000,2.000000,0.000000,0.000000,-0.000000,-0.000000
1.9000,5,2,6.000000,3.000000,0.000000,0.000000,-0.000000,-0.000000
1.9000,5,3,6.000000,4.000000,0.000000,0.000000,-0.000000,-0.000000
1.9000,5,4,6.039674,5.000000,0.008906,0.000000,-0.010424,-0.000000
1.9000,5,5,6.000000,6.000000,0.000000,0.000000,-0.000000,-0.000000
1.9000,5,6,6.000000,7.000000,0.000000,0.000000,-0.000000,-0.000000
1.9000,5,7,6.000000,8.000000,0.000000,0.000000,-0.000000,-0.000000
1.9000,6,0,7.000000,1.000000,0.000000,0.000000,-0.000000,-0.000000
1.9000,6,1,7.000000,2.000000,0.000000,0.000000,-0.000000,-0.000000
1.9000,6,2,7.000000,3.000000,0.000000,0.000000,-0.000000,-0.000000
1.9000,6,3,7.000000,4.000000,0.000000,0.000000,-0.000000,-0.000000
1.9000,6,4,7.006056,5.000000,0.005568,0.000000,0.000244,-0.000000
1.9000,6,5,7.000000,6.000000,0.000000,0.000000,-0.000000,-0.000000
1.9000,6,6,7.000000,7.000000,0.000000,0.000000,-0.000000,-0.000000
1.9000,6,7,7.000000,8.000000,0.000000,0.000000,-0.000000,-0.000000
1.9000,7,0,8.000000,1.000000,0.000000,0.000000,-0.000000,-0.000000
1.9000,7,1,8.000000,2.000000,0.000000,0.000000,-0.000000,-0.000000
1.9000,7,2,8.000000,3.000000,0.000000,0.000000,-0.000000,-0.000000
1.9000,7,3,8.000000,4.000000,0.000000,0.000000,-0.000000,-0.000000
1.9000,7,4,8.000497,5.000000,0.000853,0.000000,0.000801,-0.000000
1.9000,7,5,8.000000,6.000000,0.000000,0.000000,-0.000000,-0.000000
1.9000,7,6,8.000000,7.000000,0.000000,0.000000,-0.000000,-0.000000
1.9000,7,7,8.000000,8.000000,0.000000,0.000000,-0.000000,-0.000000
1.9500,0,0,1.000000,1.000000,0.000000,0.000000,-0.000000,-0.000000
1.9500,0,1,1.000000,2.000000,0.000000,0.000000,-0.000000,-0.000000
1.9500,0,2,1.000000,3.000000,0.000000,0.000000,-0.000000,-0.000000
1.9500,0,3,1.000000,4.000000,0.000000,0.000000,-0.000000,-0.000000
1.9500,0,4,1.000029,5.000000,0.000071,0.000000,0.000128,-0.000000
1.9500,0,5,1.000000,6.000000,0.000000,0.000000,-0.000000,-0.000000
1.9500,0,6,1.000000,7.000000,0.000000,0.000000,-0.000000,-0.000000
1.9500,0,7,1.000000,8.000000,0.000000,0.000000,-0.000000,-0.000000
1.9500,1,0,2.000000,1.000000,0.000000,0.000000,-0.000000,-0.000000
1.9500,1,1,2.000000,2.000000,0.000000,0.000000,-0.000000,-0.000000
1.9500,1,2,2.000000,3.000000,0.000000,0.000000,-0.000000,-0.000000
1.9500,1,3,2.000000,4.000000,0.000000,0.000000,-0.000000,-0.000000
1.9500,1,4,2.000542,5.000000,0.000896,0.000000,0.000802,-0.000000
1.9500,1,5,2.000000,6.000000,0.000000,0.000000,-0.000000,-0.000000
1.9500,1,6,2.000000,7.000000,0.000000,0.000000,-0.000000,-0.000000
1.9500,1,7,2.000000,8.000000,0.000000,0.000000,-0.000000,-0.000000
1.9500,2,0,3.000000,1.000000,0.000000,0.000000,-0.000000,-0.000000
1.9500,2,1,3.000000,2.000000,0.000000,0.000000,-0.000000,-0.000000
1.9500,2,2,3.000000,3.000000,0.000000,0.000000,-0.000000,-0.000000
1.9500,2,3,3.000000,4.000000,0.000000,0.000000,-0.000000,-0.000000
1.9500,2,4,3.006334,5.000000,0.005577,0.000000,0.000115,-0.000000
1.9500,2,5,3.000000,6.000000,0.000000,0.000000,-0.000000,-0.000000
1.9500,2,6,3.000000,7.000000,0.000000,0.000000,-0.000000,-0.000000
1.9500,2,7,3.000000,8.000000,0.000000,0.000000,-0.000000,-0.000000
1.9500,3,0,4.000000,1.000000,0.000000,0.000000,-0.000000,-0.000000
1.9500,3,1,4.000000,2.000000,0.000000,0.000000,-0.000000,-0.000000
1.9500,3,2,4.000000,3.000000,0.000000,0.000000,-0.000000,-0.000000
1.9500,3,3,4.000000,4.000000,0.000000,0.000000,-0.000000,-0.000000
1.9500,3,4,4.040104,5.000000,0.008397,0.000000,-0.009965,-0.000000
1.9500,3,5,4.000000,6.000000,0.000000,0.000000,-0.000000,-0.000000
1.9500,3,6,4.000000,7.000000,0.000000,0.000000,-0.000000,-0.000000
1.9500,3,7,4.000000,8.000000,0.000000,0.000000,-0.000000,-0.000000
1.9500,4,0,5.000000,1.000014,0.000000,0.000036,-0.000000,0.000064
1.9500,4,1,5.000000,2.000271,0.000000,0.000448,-0.000000,0.000401
1.9500,4,2,5.000000,3.003167,0.000000,0.002789,-0.000000,0.000057
1.9500,4,3,5.000000,4.020052,0.000000,0.004198,-0.000000,-0.004983
1.9500,4,4,5.105981,5.052991,-0.029890,-0.014945,0.017822,0.008911
1.9500,4,5,5.000000,6.020052,0.000000,0.004198,-0.000000,-0.004983
1.9500,4,6,5.000000,7.003167,0.000000,0.002789,-0.000000,0.000057
1.9500,4,7,5.000000,8.000270,0.000000,0.000446,-0.000000,0.000396
1.9500,5,0,6.000000,1.000000,0.000000,0.000000,-0.000000,-0.000000
1.9500,5,1,6.000000,2.000000,0.000000,0.000000,-0.000000,-0.000000
1.9500,5,2,6.000000,3.000000,0.000000,0.000000,-0.000000,-0.000000
1.9500,5,3,6.000000,4.000000,0.000000,0.000000,-0.000000,-0.000000
1.9500,5,4,6.040104,5.000000,0.008397,0.000000,-0.009965,-0.000000
1.9500,5,5,6.000000,6.000000,0.000000,0.000000,-0.000000,-0.000000
1.9500,5,6,6.000000,7.000000,0.000000,0.000000,-0.000000,-0.000000
1.9500,5,7,6.000000,8.000000,0.000000,0.000000,-0.000000,-0.000000
1.9500,6,0,7.000000,1.000000,0.000000,0.000000,-0.000000,-0.000000
1.9500,6,1,7.000000,2.000000,0.000000,0.000000,-0.000000,-0.000000
1.9500,6,2,7.000000,3.000000,0.000000,0.000000,-0.000000,-0.000000
1.9500,6,3,7.000000,4.000000,0.000000,0.000000,-0.000000,-0.000000
1.9500,6,4,7.006334,5.000000,0.005577,0.000000,0.000114,-0.000000
1.9500,6,5,7.000000,6.000000,0.000000,0.000000,-0.000000,-0.000000
1.9500,6,6,7.000000,7.000000,0.000000,0.000000,-0.000000,-0.000000
1.9500,6,7,7.000000,8.000000,0.000000,0.000000,-0.000000,-0.000000
1.9500,7,0,8.000000,1.000000,0.000000,0.000000,-0.000000,-0.000000
1.9500,7,1,8.000000,2.000000,0.000000,0.000000,-0.000000,-0.000000
1.9500,7,2,8.000000,3.000000,0.000000,0.000000,-0.000000,-0.000000
1.9500,7,3,8.000000,4.000000,0.000000,0.000000,-0.000000,-0.000000
1.9500,7,4,8.000541,5.000000,0.000892,0.000000,0.000793,-0.000000
1.9500,7,5,8.000000,6.000000,0.000000,0.000000,-0.000000,-0.000000
1.9500,7,6,8.000000,7.000000,0.000000,0.000000,-0.000000,-0.000000
1.9500,7,7,8.000000,8.000000,0.000000,0.000000,-0.000000,-0.000000
2.0000,0,0,1.000000,1.000000,0.000000,0.000000,-0.000000,-0.000000
2.0000,0,1,1.000000,2.000000,0.000000,0.000000,-0.000000,-0.000000
2.0000,0,2,1.000000,3.000000,0.000000,0.000000,-0.000000,-0.000000
2.0000,0,3,1.000000,4.000000,0.000000,0.000000,-0.000000,-0.000000
2.0000,0,4,1.000032,5.000000,0.000078,0.000000,0.000133,-0.000000
2.0000,0,5,1.000000,6.000000,0.000000,0.000000,-0.000000,-0.000000
2.0000,0,6,1.000000,7.000000,0.000000,0.000000,-0.000000,-0.000000
2.0000,0,7,1.000000,8.000000,0.000000,0.000000,-0.000000,-0.000000
2.0000,1,0,2.000000,1.000000,0.000000,0.000000,-0.000000,-0.000000
2.0000,1,1,2.000000,2.000000,0.000000,0.000000,-0.000000,-0.000000
2.0000,1,2,2.000000,3.000000,0.000000,0.000000,-0.000000,-0.000000
2.0000,1,3,2.000000,4.000000,0.000000,0.000000,-0.000000,-0.000000
2.0000,1,4,2.000588,5.000000,0.000936,0.000000,0.000794,-0.000000
2.0000,1,5,2.000000,6.000000,0.000000,0.000000,-0.000000,-0.000000
2.0000,1,6,2.000000,7.000000,0.000000,0.000000,-0.000000,-0.000000
2.0000,1,7,2.000000,8.000000,0.000000,0.000000,-0.000000,-0.000000
2.0000,2,0,3.000000,1.000000,0.000000,0.000000,-0.000000,-0.000000
2.0000,2,1,3.000000,2.000000,0.000000,0.000000,-0.000000,-0.000000
2.0000,2,2,3.000000,3.000000,0.000000,0.000000,-0.000000,-0.000000
2.0000,2,3,3.000000,4.000000,0.000000,0.000000,-0.000000,-0.000000
2.0000,2,4,3.006613,5.000000,0.005580,0.000000,-0.000007,-0.000000
2.0000,2,5,3.000000,6.000000,0.000000,0.000000,-0.000000,-0.000000
2.0000,2,6,3.000000,7.000000,0.000000,0.000000,-0.000000,-0.000000
2.0000,2,7,3.000000,8.000000,0.000000,0.000000,-0.000000,-0.000000
2.0000,3,0,4.000000,1.000000,0.000000,0.000000,-0.000000,-0.000000
2.0000,3,1,4.000000,2.000000,0.000000,0.000000,-0.000000,-0.000000
2.0000,3,2,4.000000,3.000000,0.000000,0.000000,-0.000000,-0.000000
2.0000,3,3,4.000000,4.000000,0.000000,0.000000,-0.000000,-0.000000
2.0000,3,4,4.040509,5.000000,0.007910,0.000000,-0.009525,-0.000000
2.0000,3,5,4.000000,6.000000,0.000000,0.000000,-0.000000,-0.000000
2.0000,3,6,4.000000,7.000000,0.000000,0.000000,-0.000000,-0.000000
2.0000,3,7,4.000000,8.000000,0.000000,0.000000,-0.000000,-0.000000
2.0000,4,0,5.000000,1.000016,0.000000,0.000039,-0.000000,0.000067
2.0000,4,1,5.000000,2.000294,0.000000,0.000468,-0.000000,0.000397
2.0000,4,2,5.000000,3.003307,0.000000,0.002790,-0.000000,-0.000004
2.0000,4,3,5.000000,4.020254,0.000000,0.003955,-0.000000,-0.004763
2.0000,4,4,5.104513,5.052257,-0.029015,-0.014507,0.017188,0.008594
2.0000,4,5,5.000000,6.020254,0.000000,0.003955,-0.000000,-0.004763
2.0000,4,6,5.000000,7.003307,0.000000,0.002790,-0.000000,-0.000004
2.0000,4,7,5.000000,8.000293,0.000000,0.000466,-0.000000,0.000392
2.0000,5,0,6.000000,1.000000,0.000000,0.000000,-0.000000,-0.000000
2.0000,5,1,6.000000,2.000000,0.000000,0.000000,-0.000000,-0.000000
2.0000,5,2,6.000000,3.000000,0.000000,0.000000,-0.000000,-0.000000
2.0000,5,3,6.000000,4.000000,0.000000,0.000000,-0.000000,-0.000000
2.0000,5,4,6.040509,5.000000,0.007910,0.000000,-0.009525,-0.000000
2.0000,5,5,6.000000,6.000000,0.000000,0.000000,-0.000000,-0.000000
2.0000,5,6,6.000000,7.000000,0.000000,0.000000,-0.000000,-0.000000
2.0000,5,7,6.000000,8.000000,0.000000,0.000000,-0.000000,-0.000000
2.0000,6,0,7.000000,1.000000,0.000000,0.000000,-0.000000,-0.000000
2.0000,6,1,7.000000,2.000000,0.000000,0.000000,-0.000000,-0.000000
2.0000,6,2,7.000000,3.000000,0.000000,0.000000,-0.000000,-0.000000
2.0000,6,3,7.000000,4.000000,0.000000,0.000000,-0.000000,-0.000000
2.0000,6,4,7.006613,5.000000,0.005580,0.000000,-0.000008,-0.000000
2.0000,6,5,7.000000,6.000000,0.000000,0.000000,-0.000000,-0.000000
2.0000,6,6,7.000000,7.000000,0.000000,0.000000,-0.000000,-0.000000
2.0000,6,7,7.000000,8.000000,0.000000,0.000000,-0.000000,-0.000000
2.0000,7,0,8.000000,1.000000,0.000000,0.000000,-0.000000,-0.000000
2.0000,7,1,8.000000,2.000000,0.000000,0.000000,-0.000000,-0.000000
2.0000,7,2,8.000000,3.000000,0.000000,0.000000,-0.000000,-0.000000
2.0000,7,3,8.000000,4.000000,0.000000,0.000000,-0.000000,-0.000000
2.0000,7,4,8.000586,5.000000,0.000932,0.000000,0.000783,-0.000000
2.0000,7,5,8.000000,6.000000,0.000000,0.000000,-0.000000,-0.000000
2.0000,7,6,8.000000,7.000000,0.000000,0.000000,-0.000000,-0.000000
2.0000,7,7,8.000000,8.000000,0.000000,0.000000,-0.000000,-0.000000
2.0600,0,0,1.000000,1.000000,0.000000,0.000000,-0.000000,-0.000000
2.0600,0,1,1.000000,2.000000,0.000000,0.000000,-0.000000,-0.000000
2.0600,0,2,1.000000,3.000000,0.000000,0.000000,-0.000000,-0.000000
2.0600,0,3,1.000000,4.000000,0.000000,0.000000,-0.000000,-0.000000
2.0600,0,4,1.000037,5.000000,0.000086,0.000000,0.000140,-0.000000
2.0600,0,5,1.000000,6.000000,0.000000,0.000000,-0.000000,-0.000000
2.0600,0,6,1.000000,7.000000,0.000000,0.000000,-0.000000,-0.000000
2.0600,0,7,1.000000,8.000000,0.000000,0.000000,-0.000000,-0.000000
2.0600,1,0,2.000000,1.000000,0.000000,0.000000,-0.000000,-0.000000
2.0600,1,1,2.000000,2.000000,0.000000,0.000000,-0.000000,-0.000000
2.0600,1,2,2.000000,3.000000,0.000000,0.000000,-0.000000,-0.000000
2.0600,1,3,2.000000,4.000000,0.000000,0.000000,-0.000000,-0.000000
2.0600,1,4,2.000645,5.000000,0.000983,0.000000,0.000782,-0.000000
2.0600,1,5,2.000000,6.000000,0.000000,0.000000,-0.000000,-0.000000
2.0600,1,6,2.000000,7.000000,0.000000,0.000000,-0.000000,-0.000000
2.0600,1,7,2.000000,8.000000,0.000000,0.000000,-0.000000,-0.000000
2.0600,2,0,3.000000,1.000000,0.000000,0.000000,-0.000000,-0.000000
2.0600,2,1,3.000000,2.000000,0.000000,0.000000,-0.000000,-0.000000
2.0600,2,2,3.000000,3.000000,0.000000,0.000000,-0.000000,-0.000000
2.0600,2,3,3.000000,4.000000,0.000000,0.000000,-0.000000,-0.000000
2.0600,2,4,3.006948,5.000000,0.005576,0.000000,-0.000143,-0.000000
2.0600,2,5,3.000000,6.000000,0.000000,0.000000,-0.000000,-0.000000
2.0600,2,6,3.000000,7.000000,0.000000,0.000000,-0.000000,-0.000000
2.0600,2,7,3.000000,8.000000,0.000000,0.000000,-0.000000,-0.000000
2.0600,3,0,4.000000,1.000000,0.000000,0.000000,-0.000000,-0.000000
2.0600,3,1,4.000000,2.000000,0.000000,0.000000,-0.000000,-0.000000
2.0600,3,2,4.000000,3.000000,0.000000,0.000000,-0.000000,-0.000000
2.0600,3,3,4.000000,4.000000,0.000000,0.000000,-0.000000,-0.000000
2.0600,3,4,4.040964,5.000000,0.007353,0.000000,-0.009020,-0.000000
2.0600,3,5,4.000000,6.000000,0.000000,0.000000,-0.000000,-0.000000
2.0600,3,6,4.000000,7.000000,0.000000,0.000000,-0.000000,-0.000000
2.0600,3,7,4.000000,8.000000,0.000000,0.000000,-0.000000,-0.000000
2.0600,4,0,5.000000,1.000019,0.000000,0.000043,-0.000000,0.000070
2.0600,4,1,5.000000,2.000323,0.000000,0.000491,-0.000000,0.000391
2.0600,4,2,5.000000,3.003474,0.000000,0.002788,-0.000000,-0.000071
2.0600,4,3,5.000000,4.020482,0.000000,0.003677,-0.000000,-0.004510
2.0600,4,4,5.102808,5.051404,-0.028005,-0.014003,0.016457,0.008229
2.0600,4,5,5.000000,6.020482,0.000000,0.003677,-0.000000,-0.004510
2.0600,4,6,5.000000,7.003474,0.000000,0.002788,-0.000000,-0.000072
2.0600,4,7,5.000000,8.000322,0.000000,0.000489,-0.000000,0.000385
2.0600,5,0,6.000000,1.000000,0.000000,0.000000,-0.000000,-0.000000
2.0600,5,1,6.000000,2.000000,0.000000,0.000000,-0.000000,-0.000000
2.0600,5,2,6.000000,3.000000,0.000000,0.000000,-0.000000,-0.000000
2.0600,5,3,6.000000,4.000000,0.000000,0.000000,-0.000000,-0.000000
2.0600,5,4,6.040964,5.000000,0.007353,0.000000,-0.009020,-0.000000
2.0600,5,5,6.000000,6.000000,0.000000,0.000000,-0.000000,-0.000000
2.0600,5,6,6.000000,7.000000,0.000000,0.000000,-0.000000,-0.000000
2.0600,5,7,6.000000,8.000000,0.000000,0.000000,-0.000000,-0.000000
2.0600,6,0,7.000000,1.000000,0.000000,0.000000,-0.000000,-0.000000
2.0600,6,1,7.000000,2.000000,0.000000,0.000000,-0.000000,-0.000000
2.0600,6,2,7.000000,3.000000,0.000000,0.000000,-0.000000,-0.000000
2.0600,6,3,7.000000,4.000000,0.000000,0.000000,-0.000000,-0.000000
2.0600,6,4,7.006948,5.000000,0.005575,0.000000,-0.000143,-0.000000
2.0600,6,5,7.000000,6.000000,0.000000,0.000000,-0.000000,-0.000000
2.0600,6,6,7.000000,7.000000,0.000000,0.000000,-0.000000,-0.000000
2.0600,6,7,7.000000,8.000000,0.000000,0.000000,-0.000000,-0.000000
2.0600,7,0,8.000000,1.000000,0.000000,0.000000,-0.000000,-0.000000
2.0600,7,1,8.000000,2.000000,0.000000,0.000000,-0.000000,-0.000000
2.0600,7,2,8.000000,3.000000,0.000000,0.000000,-0.000000,-0.000000
2.0600,7,3,8.000000,4.000000,0.000000,0.000000,-0.000000,-0.000000
2.0600,7,4,8.000644,5.000000,0.000978,0.000000,0.000770,-0.000000
2.0600,7,5,8.000000,6.000000,0.000000,0.000000,-0.000000,-0.000000
2.0600,7,6,8.000000,7.000000,0.000000,0.000000,-0.000000,-0.000000
2.0600,7,7,8.000000,8.000000,0.000000,0.000000,-0.000000,-0.000000
2.1100,0,0,1.000000,1.000000,0.000000,0.000000,-0.000000,-0.000000
2.1100,0,1,1.000000,2.000000,0.000000,0.000000,-0.000000,-0.000000
2.1100,0,2,1.000000,3.000000,0.000000,0.000000,-0.000000,-0.000000
2.1100,0,3,1.000000,4.000000,0.000000,0.000000,-0.000000,-0.000000
2.1100,0,4,1.000042,5.000000,0.000093,0.000000,0.000146,-0.000000
2.1100,0,5,1.000000,6.000000,0.000000,0.000000,-0.000000,-0.000000
2.1100,0,6,1.000000,7.000000,0.000000,0.000000,-0.000000,-0.000000
2.1100,0,7,1.000000,8.000000,0.000000,0.000000,-0.000000,-0.000000
2.1100,1,0,2.000000,1.000000,0.000000,0.000000,-0.000000,-0.000000
2.1100,1,1,2.000000,2.000000,0.000000,0.000000,-0.000000,-0.000000
2.1100,1,2,2.000000,3.000000,0.000000,0.000000,-0.000000,-0.000000
2.1100,1,3,2.000000,4.000000,0.000000,0.000000,-0.000000,-0.000000
2.1100,1,4,2.000696,5.000000,0.001022,0.000000,0.000770,-0.000000
2.1100,1,5,2.000000,6.000000,0.000000,0.000000,-0.000000,-0.000000
2.1100,1,6,2.000000,7.000000,0.000000,0.000000,-0.000000,-0.000000
2.1100,1,7,2.000000,8.000000,0.000000,0.000000,-0.000000,-0.000000
2.1100,2,0,3.000000,1.000000,0.000000,0.000000,-0.000000,-0.000000
2.1100,2,1,3.000000,2.000000,0.000000,0.000000,-0.000000,-0.000000
2.1100,2,2,3.000000,3.000000,0.000000,0.000000,-0.000000,-0.000000
2.1100,2,3,3.000000,4.000000,0.000000,0.000000,-0.000000,-0.000000
2.1100,2,4,3.007226,5.000000,0.005566,0.000000,-0.000248,-0.000000
2.1100,2,5,3.000000,6.000000,0.000000,0.000000,-0.000000,-0.000000
2.1100,2,6,3.000000,7.000000,0.000000,0.000000,-0.000000,-0.000000
2.1100,2,7,3.000000,8.000000,0.000000,0.000000,-0.000000,-0.000000
2.1100,3,0,4.000000,1.000000,0.000000,0.000000,-0.000000,-0.000000
2.1100,3,1,4.000000,2.000000,0.000000,0.000000,-0.000000,-0.000000
2.1100,3,2,4.000000,3.000000,0.000000,0.000000,-0.000000,-0.000000
2.1100,3,3,4.000000,4.000000,0.000000,0.000000,-0.000000,-0.000000
2.1100,3,4,4.041318,5.000000,0.006912,0.000000,-0.008619,-0.000000
2.1100,3,5,4.000000,6.000000,0.000000,0.000000,-0.000000,-0.000000
2.1100,3,6,4.000000,7.000000,0.000000,0.000000,-0.000000,-0.000000
2.1100,3,7,4.000000,8.000000,0.000000,0.000000,-0.000000,-0.000000
2.1100,4,0,5.000000,1.000021,0.000000,0.000047,-0.000000,0.000073
2.1100,4,1,5.000000,2.000348,0.000000,0.000511,-0.000000,0.000385
2.1100,4,2,5.000000,3.003613,0.000000,0.002783,-0.000000,-0.000124
2.1100,4,3,5.000000,4.020659,0.000000,0.003456,-0.000000,-0.004309
2.1100,4,4,5.101432,5.050716,-0.027197,-0.013599,0.015873,0.007936
2.1100,4,5,5.000000,6.020659,0.000000,0.003456,-0.000000,-0.004309
2.1100,4,6,5.000000,7.003613,0.000000,0.002783,-0.000000,-0.000124
2.1100,4,7,5.000000,8.000347,0.000000,0.000508,-0.000000,0.000379
2.1100,5,0,6.000000,1.000000,0.000000,0.000000,-0.000000,-0.000000
2.1100,5,1,6.000000,2.000000,0.000000,0.000000,-0.000000,-0.000000
2.1100,5,2,6.000000,3.000000,0.000000,0.000000,-0.000000,-0.000000
2.1100,5,3,6.000000,4.000000,0.000000,0.000000,-0.000000,-0.000000
2.1100,5,4,6.041318,5.000000,0.006912,0.000000,-0.008619,-0.000000
2.1100,5,5,6.000000,6.000000,0.000000,0.000000,-0.000000,-0.000000
2.1100,5,6,6.000000,7.000000,0.000000,0.000000,-0.000000,-0.000000
2.1100,5,7,6.000000,8.000000,0.000000,0.000000,-0.000000,-0.000000
2.1100,6,0,7.000000,1.000000,0.000000,0.000000,-0.000000,-0.000000
2.1100,6,1,7.000000,2.000000,0.000000,0.000000,-0.000000,-0.000000
2.1100,6,2,7.000000,3.000000,0.000000,0.000000,-0.000000,-0.000000
2.1100,6,3,7.000000,4.000000,0.000000,0.000000,-0.000000,-0.000000
2.1100,6,4,7.007226,5.000000,0.005566,0.000000,-0.000248,-0.000000
2.1100,6,5,7.000000,6.000000,0.000000,0.000000,-0.000000,-0.000000
2.1100,6,6,7.000000,7.000000,0.000000,0.000000,-0.000000,-0.000000
2.1100,6,7,7.000000,8.000000,0.000000,0.000000,-0.000000,-0.000000
2.1100,7,0,8.000000,1.000000,0.000000,0.000000,-0.000000,-0.000000
2.1100,7,1,8.000000,2.000000,0.000000,0.000000,-0.000000,-0.000000
2.1100,7,2,8.000000,3.000000,0.000000,0.000000,-0.000000,-0.000000
2.1100,7,3,8.000000,4.000000,0.000000,0.000000,-0.000000,-0.000000
2.1100,7,4,8.000694,5.000000,0.001017,0.000000,0.000758,-0.000000
2.1100,7,5,8.000000,6.000000,0.000000,0.000000,-0.000000,-0.000000
2.1100,7,6,8.000000,7.000000,0.000000,0.000000,-0.000000,-0.000000
2.1100,7,7,8.000000,8.000000,0.000000,0.000000,-0.000000,-0.000000
2.1600,0,0,1.000000,1.000000,0.000000,0.000000,-0.000000,-0.000000
2.1600,0,1,1.000000,2.000000,0.000000,0.000000,-0.000000,-0.000000
2.1600,0,2,1.000000,3.000000,0.000000,0.000000,-0.000000,-0.000000
2.1600,0,3,1.000000,4.000000,0.000000,0.000000,-0.000000,-0.000000
2.1600,0,4,1.000047,5.000000,0.000100,0.000000,0.000151,-0.000000
2.1600,0,5,1.000000,6.000000,0.000000,0.000000,-0.000000,-0.000000
2.1600,0,6,1.000000,7.000000,0.000000,0.000000,-0.000000,-0.000000
2.1600,0,7,1.000000,8.000000,0.000000,0.000000,-0.000000,-0.000000
2.1600,1,0,2.000000,1.000000,0.000000,0.000000,-0.000000,-0.000000
2.1600,1,1,2.000000,2.000000,0.000000,0.000000,-0.000000,-0.000000
2.1600,1,2,2.000000,3.000000,0.000000,0.000000,-0.000000,-0.000000
2.1600,1,3,2.000000,4.000000,0.000000,0.000000,-0.000000,-0.000000
2.1600,1,4,2.000748,5.000000,0.001060,0.000000,0.000758,-0.000000
2.1600,1,5,2.000000,6.000000,0.000000,0.000000,-0.000000,-0.000000
2.1600,1,6,2.000000,7.000000,0.000000,0.000000,-0.000000,-0.000000
2.1600,1,7,2.000000,8.000000,0.000000,0.000000,-0.000000,-0.000000
2.1600,2,0,3.000000,1.000000,0.000000,0.000000,-0.000000,-0.000000
2.1600,2,1,3.000000,2.000000,0.000000,0.000000,-0.000000,-0.000000
2.1600,2,2,3.000000,3.000000,0.000000,0.000000,-0.000000,-0.000000
2.1600,2,3,3.000000,4.000000,0.000000,0.000000,-0.000000,-0.000000
2.1600,2,4,3.007504,5.000000,0.005551,0.000000,-0.000345,-0.000000
2.1600,2,5,3.000000,6.000000,0.000000,0.000000,-0.000000,-0.000000
2.1600,2,6,3.000000,7.000000,0.000000,0.000000,-0.000000,-0.000000
2.1600,2,7,3.000000,8.000000,0.000000,0.000000,-0.000000,-0.000000
2.1600,3,0,4.000000,1.000000,0.000000,0.000000,-0.000000,-0.000000
2.1600,3,1,4.000000,2.000000,0.000000,0.000000,-0.000000,-0.000000
2.1600,3,2,4.000000,3.000000,0.000000,0.000000,-0.000000,-0.000000
2.1600,3,3,4.000000,4.000000,0.000000,0.000000,-0.000000,-0.000000
2.1600,3,4,4.041651,5.000000,0.006491,0.000000,-0.008233,-0.000000
2.1600,3,5,4.000000,6.000000,0.000000,0.000000,-0.000000,-0.000000
2.1600,3,6,4.000000,7.000000,0.000000,0.000000,-0.000000,-0.000000
2.1600,3,7,4.000000,8.000000,0.000000,0.000000,-0.000000,-0.000000
2.1600,4,0,5.000000,1.000023,0.000000,0.000050,-0.000000,0.000076
2.1600,4,1,5.000000,2.000374,0.000000,0.000530,-0.000000,0.000379
2.1600,4,2,5.000000,3.003752,0.000000,0.002775,-0.000000,-0.000173
2.1600,4,3,5.000000,4.020826,0.000000,0.003246,-0.000000,-0.004117
2.1600,4,4,5.100096,5.050048,-0.026418,-0.013209,0.015310,0.007655
2.1600,4,5,5.000000,6.020826,0.000000,0.003246,-0.000000,-0.004117
2.1600,4,6,5.000000,7.003752,0.000000,0.002775,-0.000000,-0.000173
2.1600,4,7,5.000000,8.000373,0.000000,0.000527,-0.000000,0.000372
2.1600,5,0,6.000000,1.000000,0.000000,0.000000,-0.000000,-0.000000
2.1600,5,1,6.000000,2.000000,0.000000,0.000000,-0.000000,-0.000000
2.1600,5,2,6.000000,3.000000,0.000000,0.000000,-0.000000,-0.000000
2.1600,5,3,6.000000,4.000000,0.000000,0.000000,-0.000000,-0.000000
2.1600,5,4,6.041651,5.000000,0.006491,0.000000,-0.008233,-0.000000
2.1600,5,5,6.000000,6.000000,0.000000,0.000000,-0.000000,-0.000000
2.1600,5,6,6.000000,7.000000,0.000000,0.000000,-0.000000,-0.000000
2.1600,5,7,6.000000,8.000000,0.000000,0.000000,-0.000000,-0.000000
2.1600,6,0,7.000000,1.000000,0.000000,0.000000,-0.000000,-0.000000
2.1600,6,1,7.000000,2.000000,0.000000,0.000000,-0.000000,-0.000000
2.1600,6,2,7.000000,3.000000,0.000000,0.000000,-0.000000,-0.000000
2.1600,6,3,7.000000,4.000000,0.000000,0.000000,-0.000000,-0.000000
2.1600,6,4,7.007504,5.000000,0.005551,0.000000,-0.000346,-0.000000
2.1600,6,5,7.000000,6.000000,0.000000,0.000000,-0.000000,-0.000000
2.1600,6,6,7.000000,7.000000,0.000000,0.000000,-0.000000,-0.000000
2.1600,6,7,7.000000,8.000000,0.000000,0.000000,-0.000000,-0.000000
2.1600,7,0,8.000000,1.000000,0.000000,0.000000,-0.000000,-0.000000
2.1600,7,1,8.000000,2.000000,0.000000,0.000000,-0.000000,-0.000000
2.1600,7,2,8.000000,3.000000,0.000000,0.000000,-0.000000,-0.000000
2.1600,7,3,8.000000,4.000000,0.000000,0.000000,-0.000000,-0.000000
2.1600,7,4,8.000746,5.000000,0.001054,0.000000,0.000744,-0.000000
2.1600,7,5,8.000000,6.000000,0.000000,0.000000,-0.000000,-0.000000
2.1600,7,6,8.000000,7.000000,0.000000,0.000000,-0.000000,-0.000000
2.1600,7,7,8.000000,8.000000,0.000000,0.000000,-0.000000,-0.000000
2.2100,0,0,1.000000,1.000000,0.000000,0.000000,-0.000000,-0.000000
2.2100,0,1,1.000000,2.000000,0.000000,0.000000,-0.000000,-0.000000
2.2100,0,2,1.000000,3.000000,0.000000,0.000000,-0.000000,-0.000000
2.2100,0,3,1.000000,4.000000,0.000000,0.000000,-0.000000,-0.000000
2.2100,0,4,1.000052,5.000000,0.000108,0.000000,0.000156,-0.000000
2.2100,0,5,1.000000,6.000000,0.000000,0.000000,-0.000000,-0.000000
2.2100,0,6,1.000000,7.000000,0.000000,0.000000,-0.000000,-0.000000
2.2100,0,7,1.000000,8.000000,0.000000,0.000000,-0.000000,-0.000000
2.2100,1,0,2.000000,1.000000,0.000000,0.000000,-0.000000,-0.000000
2.2100,1,1,2.000000,2.000000,0.000000,0.000000,-0.000000,-0.000000
2.2100,1,2,2.000000,3.000000,0.000000,0.000000,-0.000000,-0.000000
2.2100,1,3,2.000000,4.000000,0.000000,0.000000,-0.000000,-0.000000
2.2100,1,4,2.000802,5.000000,0.001098,0.000000,0.000744,-0.000000
2.2100,1,5,2.000000,6.000000,0.000000,0.000000,-0.000000,-0.000000
2.2100,1,6,2.000000,7.000000,0.000000,0.000000,-0.000000,-0.000000
2.2100,1,7,2.000000,8.000000,0.000000,0.000000,-0.000000,-0.000000
2.2100,2,0,3.000000,1.000000,0.000000,0.000000,-0.000000,-0.000000
2.2100,2,1,3.000000,2.000000,0.000000,0.000000,-0.000000,-0.000000
2.2100,2,2,3.000000,3.000000,0.000000,0.000000,-0.000000,-0.000000
2.2100,2,3,3.000000,4.000000,0.000000,0.000000,-0.000000,-0.000000
2.2100,2,4,3.007781,5.000000,0.005531,0.000000,-0.000436,-0.000000
2.2100,2,5,3.000000,6.000000,0.000000,0.000000,-0.000000,-0.000000
2.2100,2,6,3.000000,7.000000,0.000000,0.000000,-0.000000,-0.000000
2.2100,2,7,3.000000,8.000000,0.000000,0.000000,-0.000000,-0.000000
2.2100,3,0,4.000000,1.000000,0.000000,0.000000,-0.000000,-0.000000
2.2100,3,1,4.000000,2.000000,0.000000,0.000000,-0.000000,-0.000000
2.2100,3,2,4.000000,3.000000,0.000000,0.000000,-0.000000,-0.000000
2.2100,3,3,4.000000,4.000000,0.000000,0.000000,-0.000000,-0.000000
2.2100,3,4,4.041964,5.000000,0.006089,0.000000,-0.007864,-0.000000
2.2100,3,5,4.000000,6.000000,0.000000,0.000000,-0.000000,-0.000000
2.2100,3,6,4.000000,7.000000,0.000000,0.000000,-0.000000,-0.000000
2.2100,3,7,4.000000,8.000000,0.000000,0.000000,-0.000000,-0.000000
2.2100,4,0,5.000000,1.000026,0.000000,0.000054,-0.000000,0.000078
2.2100,4,1,5.000000,2.000401,0.000000,0.000549,-0.000000,0.000372
2.2100,4,2,5.000000,3.003891,0.000000,0.002766,-0.000000,-0.000218
2.2100,4,3,5.000000,4.020982,0.000000,0.003044,-0.000000,-0.003932
2.2100,4,4,5.098797,5.049399,-0.025666,-0.012833,0.014768,0.007384
2.2100,4,5,5.000000,6.020982,0.000000,0.003044,-0.000000,-0.003932
2.2100,4,6,5.000000,7.003891,0.000000,0.002766,-0.000000,-0.000219
2.2100,4,7,5.000000,8.000400,0.000000,0.000545,-0.000000,0.000365
2.2100,5,0,6.000000,1.000000,0.000000,0.000000,-0.000000,-0.000000
2.2100,5,1,6.000000,2.000000,0.000000,0.000000,-0.000000,-0.000000
2.2100,5,2,6.000000,3.000000,0.000000,0.000000,-0.000000,-0.000000
2.2100,5,3,6.000000,4.000000,0.000000,0.000000,-0.000000,-0.000000
2.2100,5,4,6.041964,5.000000,0.006089,0.000000,-0.007864,-0.000000
2.2100,5,5,6.000000,6.000000,0.000000,0.000000,-0.000000,-0.000000
2.2100,5,6,6.000000,7.000000,0.000000,0.000000,-0.000000,-0.000000
2.2100,5,7,6.000000,8.000000,0.000000,0.000000,-0.000000,-0.000000
2.2100,6,0,7.000000,1.000000,0.000000,0.000000,-0.000000,-0.000000
2.2100,6,1,7.000000,2.000000,0.000000,0.000000,-0.000000,-0.000000
2.2100,6,2,7.000000,3.000000,0.000000,0.000000,-0.000000,-0.000000
2.2100,6,3,7.000000,4.000000,0.000000,0.000000,-0.000000,-0.000000
2.2100,6,4,7.007781,5.000000,0.005531,0.000000,-0.000437,-0.000000
2.2100,6,5,7.000000,6.000000,0.000000,0.000000,-0.000000,-0.000000
2.2100,6,6,7.000000,7.000000,0.000000,0.000000,-0.000000,-0.000000
2.2100,6,7,7.000000,8.000000,0.000000,0.000000,-0.000000,-0.000000
2.2100,7,0,8.000000,1.000000,0.000000,0.000000,-0.000000,-0.000000
2.2100,7,1,8.000000,2.000000,0.000000,0.000000,-0.000000,-0.000000
2.2100,7,2,8.000000,3.000000,0.000000,0.000000,-0.000000,-0.000000
2.2100,7,3,8.000000,4.000000,0.000000,0.000000,-0.000000,-0.000000
2.2100,7,4,8.000800,5.000000,0.001091,0.000000,0.000730,-0.000000
2.2100,7,5,8.000000,6.000000,0.000000,0.000000,-0.000000,-0.000000
2.2100,7,6,8.000000,7.000000,0.000000,0.000000,-0.000000,-0.000000
2.2100,7,7,8.000000,8.000000,0.000000,0.000000,-0.000000,-0.000000
2.2600,0,0,1.000000,1.000000,0.000000,0.000000,-0.000000,-0.000000
2.2600,0,1,1.000000,2.000000,0.000000,0.000000,-0.000000,-0.000000
2.2600,0,2,1.000000,3.000000,0.000000,0.000000,-0.000000,-0.000000
2.2600,0,3,1.000000,4.000000,0.000000,0.000000,-0.000000,-0.000000
2.2600,0,4,1.000058,5.000000,0.000116,0.000000,0.000161,-0.000000
2.2600,0,5,1.000000,6.000000,0.000000,0.000000,-0.000000,-0.000000
2.2600,0,6,1.000000,7.000000,0.000000,0.000000,-0.000000,-0.000000
2.2600,0,7,1.000000,8.000000,0.000000,0.000000,-0.000000,-0.000000
2.2600,1,0,2.000000,1.000000,0.000000,0.000000,-0.000000,-0.000000
2.2600,1,1,2.000000,2.000000,0.000000,0.000000,-0.000000,-0.000000
2.2600,1,2,2.000000,3.000000,0.000000,0.000000,-0.000000,-0.000000
2.2600,1,3,2.000000,4.000000,0.000000,0.000000,-0.000000,-0.000000
2.2600,1,4,2.000858,5.000000,0.001134,0.000000,0.000730,-0.000000
2.2600,1,5,2.000000,6.000000,0.000000,0.000000,-0.000000,-0.000000
2.2600,1,6,2.000000,7.000000,0.000000,0.000000,-0.000000,-0.000000
2.2600,1,7,2.000000,8.000000,0.000000,0.000000,-0.000000,-0.000000
2.2600,2,0,3.000000,1.000000,0.000000,0.000000,-0.000000,-0.000000
2.2600,2,1,3.000000,2.000000,0.000000,0.000000,-0.000000,-0.000000
2.2600,2,2,3.000000,3.000000,0.000000,0.000000,-0.000000,-0.000000
2.2600,2,3,3.000000,4.000000,0.000000,0.000000,-0.000000,-0.000000
2.2600,2,4,3.008057,5.000000,0.005507,0.000000,-0.000521,-0.000000
2.2600,2,5,3.000000,6.000000,0.000000,0.000000,-0.000000,-0.000000
2.2600,2,6,3.000000,7.000000,0.000000,0.000000,-0.000000,-0.000000
2.2600,2,7,3.000000,8.000000,0.000000,0.000000,-0.000000,-0.000000
2.2600,3,0,4.000000,1.000000,0.000000,0.000000,-0.000000,-0.000000
2.2600,3,1,4.000000,2.000000,0.000000,0.000000,-0.000000,-0.000000
2.2600,3,2,4.000000,3.000000,0.000000,0.000000,-0.000000,-0.000000
2.2600,3,3,4.000000,4.000000,0.000000,0.000000,-0.000000,-0.000000
2.2600,3,4,4.042256,5.000000,0.005704,0.000000,-0.007511,-0.000000
2.2600,3,5,4.000000,6.000000,0.000000,0.000000,-0.000000,-0.000000
2.2600,3,6,4.000000,7.000000,0.000000,0.000000,-0.000000,-0.000000
2.2600,3,7,4.000000,8.000000,0.000000,0.000000,-0.000000,-0.000000
2.2600,4,0,5.000000,1.000029,0.000000,0.000058,-0.000000,0.000081
2.2600,4,1,5.000000,2.000429,0.000000,0.000567,-0.000000,0.000365
2.2600,4,2,5.000000,3.004029,0.000000,0.002754,-0.000000,-0.000260
2.2600,4,3,5.000000,4.021128,0.000000,0.002852,-0.000000,-0.003756
2.2600,4,4,5.097536,5.048768,-0.024941,-0.012470,0.014246,0.007123
2.2600,4,5,5.000000,6.021128,0.000000,0.002852,-0.000000,-0.003756
2.2600,4,6,5.000000,7.004029,0.000000,0.002754,-0.000000,-0.000261
2.2600,4,7,5.000000,8.000428,0.000000,0.000564,-0.000000,0.000357
2.2600,5,0,6.000000,1.000000,0.000000,0.000000,-0.000000,-0.000000
2.2600,5,1,6.000000,2.000000,0.000000,0.000000,-0.000000,-0.000000
2.2600,5,2,6.000000,3.000000,0.000000,0.000000,-0.000000,-0.000000
2.2600,5,3,6.000000,4.000000,0.000000,0.000000,-0.000000,-0.000000
2.2600,5,4,6.042256,5.000000,0.005704,0.000000,-0.007511,-0.000000
2.2600,5,5,6.000000,6.000000,0.000000,0.000000,-0.000000,-0.000000
2.2600,5,6,6.000000,7.000000,0.000000,0.000000,-0.000000,-0.000000
2.2600,5,7,6.000000,8.000000,0.000000,0.000000,-0.000000,-0.000000
2.2600,6,0,7.000000,1.000000,0.000000,0.000000,-0.000000,-0.000000
2.2600,6,1,7.000000,2.000000,0.000000,0.000000,-0.000000,-0.000000
2.2600,6,2,7.000000,3.000000,0.000000,0.000000,-0.000000,-0.000000
2.2600,6,3,7.000000,4.000000,0.000000,0.000000,-0.000000,-0.000000
2.2600,6,4,7.008057,5.000000,0.005507,0.000000,-0.000522,-0.000000
2.2600,6,5,7.000000,6.000000,0.000000,0.000000,-0.000000,-0.000000
2.2600,6,6,7.000000,7.000000,0.000000,0.000000,-0.000000,-0.000000
2.2600,6,7,7.000000,8.000000,0.000000,0.000000,-0.000000,-0.000000
2.2600,7,0,8.000000,1.000000,0.000000,0.000000,-0.000000,-0.000000
2.2600,7,1,8.000000,2.000000,0.000000,0.000000,-0.000000,-0.000000
2.2600,7,2,8.000000,3.000000,0.000000,0.000000,-0.000000,-0.000000
2.2600,7,3,8.000000,4.000000,0.000000,0.000000,-0.000000,-0.000000
2.2600,7,4,8.000856,5.000000,0.001127,0.000000,0.000714,-0.000000
2.2600,7,5,8.000000,6.000000,0.000000,0.000000,-0.000000,-0.000000
2.2600,7,6,8.000000,7.000000,0.000000,0.000000,-0.000000,-0.000000
2.2600,7,7,8.000000,8.000000,0.000000,0.000000,-0.000000,-0.000000
2.3100,0,0,1.000000,1.000000,0.000000,0.000000,-0.000000,-0.000000
2.3100,0,1,1.000000,2.000000,0.000000,0.000000,-0.000000,-0.000000
2.3100,0,2,1.000000,3.000000,0.000000,0.000000,-0.000000,-0.000000
2.3100,0,3,1.000000,4.000000,0.000000,0.000000,-0.000000,-0.000000
2.3100,0,4,1.000064,5.000000,0.000124,0.000000,0.000166,-0.000000
2.3100,0,5,1.000000,6.000000,0.000000,0.000000,-0.000000,-0.000000
2.3100,0,6,1.000000,7.000000,0.000000,0.000000,-0.000000,-0.000000
2.3100,0,7,1.000000,8.000000,0.000000,0.000000,-0.000000,-0.000000
2.3100,1,0,2.000000,1.000000,0.000000,0.000000,-0.000000,-0.000000
2.3100,1,1,2.000000,2.000000,0.000000,0.000000,-0.000000,-0.000000
2.3100,1,2,2.000000,3.000000,0.000000,0.000000,-0.000000,-0.000000
2.3100,1,3,2.000000,4.000000,0.000000,0.000000,-0.000000,-0.000000
2.3100,1,4,2.000916,5.000000,0.001170,0.000000,0.000714,-0.000000
2.3100,1,5,2.000000,6.000000,0.000000,0.000000,-0.000000,-0.000000
2.3100,1,6,2.000000,7.000000,0.000000,0.000000,-0.000000,-0.000000
2.3100,1,7,2.000000,8.000000,0.000000,0.000000,-0.000000,-0.000000
2.3100,2,0,3.000000,1.000000,0.000000,0.000000,-0.000000,-0.000000
2.3100,2,1,3.000000,2.000000,0.000000,0.000000,-0.000000,-0.000000
2.3100,2,2,3.000000,3.000000,0.000000,0.000000,-0.000000,-0.000000
2.3100,2,3,3.000000,4.000000,0.000000,0.000000,-0.000000,-0.000000
2.3100,2,4,3.008332,5.000000,0.005479,0.000000,-0.000599,-0.000000
2.3100,2,5,3.000000,6.000000,0.000000,0.000000,-0.000000,-0.000000
2.3100,2,6,3.000000,7.000000,0.000000,0.000000,-0.000000,-0.000000
2.3100,2,7,3.000000,8.000000,0.000000,0.000000,-0.000000,-0.000000
2.3100,3,0,4.000000,1.000000,0.000000,0.000000,-0.000000,-0.000000
2.3100,3,1,4.000000,2.000000,0.000000,0.000000,-0.000000,-0.000000
2.3100,3,2,4.000000,3.000000,0.000000,0.000000,-0.000000,-0.000000
2.3100,3,3,4.000000,4.000000,0.000000,0.000000,-0.000000,-0.000000
2.3100,3,4,4.042531,5.000000,0.005337,0.000000,-0.007173,-0.000000
2.3100,3,5,4.000000,6.000000,0.000000,0.000000,-0.000000,-0.000000
2.3100,3,6,4.000000,7.000000,0.000000,0.000000,-0.000000,-0.000000
2.3100,3,7,4.000000,8.000000,0.000000,0.000000,-0.000000,-0.000000
2.3100,4,0,5.000000,1.000032,0.000000,0.000062,-0.000000,0.000083
2.3100,4,1,5.000000,2.000458,0.000000,0.000585,-0.000000,0.000357
2.3100,4,2,5.000000,3.004166,0.000000,0.002740,-0.000000,-0.000299
2.3100,4,3,5.000000,4.021265,0.000000,0.002669,-0.000000,-0.003586
2.3100,4,4,5.096310,5.048155,-0.024241,-0.012120,0.013744,0.006872
2.3100,4,5,5.000000,6.021265,0.000000,0.002669,-0.000000,-0.003586
2.3100,4,6,5.000000,7.004166,0.000000,0.002740,-0.000000,-0.000300
2.3100,4,7,5.000000,8.000456,0.000000,0.000581,-0.000000,0.000349
2.3100,5,0,6.000000,1.000000,0.000000,0.000000,-0.000000,-0.000000
2.3100,5,1,6.000000,2.000000,0.000000,0.000000,-0.000000,-0.000000
2.3100,5,2,6.000000,3.000000,0.000000,0.000000,-0.000000,-0.000000
2.3100,5,3,6.000000,4.000000,0.000000,0.000000,-0.000000,-0.000000
2.3100,5,4,6.042531,5.000000,0.005337,0.000000,-0.007173,-0.000000
2.3100,5,5,6.000000,6.000000,0.000000,0.000000,-0.000000,-0.000000
2.3100,5,6,6.000000,7.000000,0.000000,0.000000,-0.000000,-0.000000
2.3100,5,7,6.000000,8.000000,0.000000,0.000000,-0.000000,-0.000000
2.3100,6,0,7.000000,1.000000,0.000000,0.000000,-0.000000,-0.000000
2.3100,6,1,7.000000,2.000000,0.000000,0.000000,-0.000000,-0.000000
2.3100,6,2,7.000000,3.000000,0.000000,0.000000,-0.000000,-0.000000
2.3100,6,3,7.000000,4.000000,0.000000,0.000000,-0.000000,-0.000000
2.3100,6,4,7.008332,5.000000,0.005479,0.000000,-0.000600,-0.000000
2.3100,6,5,7.000000,6.000000,0.000000,0.000000,-0.000000,-0.000000
2.3100,6,6,7.000000,7.000000,0.000000,0.000000,-0.000000,-0.000000
2.3100,6,7,7.000000,8.000000,0.000000,0.000000,-0.000000,-0.000000
2.3100,7,0,8.000000,1.000000,0.000000,0.000000,-0.000000,-0.000000
2.3100,7,1,8.000000,2.000000,0.000000,0.000000,-0.000000,-0.000000
2.3100,7,2,8.000000,3.000000,0.000000,0.000000,-0.000000,-0.000000
2.3100,7,3,8.000000,4.000000,0.000000,0.000000,-0.000000,-0.000000
2.3100,7,4,8.000913,5.000000,0.001162,0.000000,0.000697,-0.000000
2.3100,7,5,8.000000,6.000000,0.000000,0.000000,-0.000000,-0.000000
2.3100,7,6,8.000000,7.000000,0.000000,0.000000,-0.000000,-0.000000
2.3100,7,7,8.000000,8.000000,0.000000,0.000000,-0.000000,-0.000000
2.3600,0,0,1.000000,1.000000,0.000000,0.000000,-0.000000,-0.000000
2.3600,0,1,1.000000,2.000000,0.000000,0.000000,-0.000000,-0.000000
2.3600,0,2,1.000000,3.000000,0.000000,0.000000,-0.000000,-0.000000
2.3600,0,3,1.000000,4.000000,0.000000,0.000000,-0.000000,-0.000000
2.3600,0,4,1.000070,5.000000,0.000133,0.000000,0.000171,-0.000000
2.3600,0,5,1.000000,6.000000,0.000000,0.000000,-0.000000,-0.000000
2.3600,0,6,1.000000,7.000000,0.000000,0.000000,-0.000000,-0.000000
2.3600,0,7,1.000000,8.000000,0.000000,0.000000,-0.000000,-0.000000
2.3600,1,0,2.000000,1.000000,0.000000,0.000000,-0.000000,-0.000000
2.3600,1,1,2.000000,2.000000,0.000000,0.000000,-0.000000,-0.000000
2.3600,1,2,2.000000,3.000000,0.000000,0.000000,-0.000000,-0.000000
2.3600,1,3,2.000000,4.000000,0.000000,0.000000,-0.000000,-0.000000
2.3600,1,4,2.000976,5.000000,0.001206,0.000000,0.000698,-0.000000
2.3600,1,5,2.000000,6.000000,0.000000,0.000000,-0.000000,-0.000000
2.3600,1,6,2.000000,7.000000,0.000000,0.000000,-0.000000,-0.000000
2.3600,1,7,2.000000,8.000000,0.000000,0.000000,-0.000000,-0.000000
2.3600,2,0,3.000000,1.000000,0.000000,0.000000,-0.000000,-0.000000
2.3600,2,1,3.000000,2.000000,0.000000,0.000000,-0.000000,-0.000000
2.3600,2,2,3.000000,3.000000,0.000000,0.000000,-0.000000,-0.000000
2.3600,2,3,3.000000,4.000000,0.000000,0.000000,-0.000000,-0.000000
2.3600,2,4,3.008605,5.000000,0.005448,0.000000,-0.000671,-0.000000
2.3600,2,5,3.000000,6.000000,0.000000,0.000000,-0.000000,-0.000000
2.3600,2,6,3.000000,7.000000,0.000000,0.000000,-0.000000,-0.000000
2.3600,2,7,3.000000,8.000000,0.000000,0.000000,-0.000000,-0.000000
2.3600,3,0,4.000000,1.000000,0.000000,0.000000,-0.000000,-0.000000
2.3600,3,1,4.000000,2.000000,0.000000,0.000000,-0.000000,-0.000000
2.3600,3,2,4.000000,3.000000,0.000000,0.000000,-0.000000,-0.000000
2.3600,3,3,4.000000,4.000000,0.000000,0.000000,-0.000000,-0.000000
2.3600,3,4,4.042787,5.000000,0.004987,0.000000,-0.006849,-0.000000
2.3600,3,5,4.000000,6.000000,0.000000,0.000000,-0.000000,-0.000000
2.3600,3,6,4.000000,7.000000,0.000000,0.000000,-0.000000,-0.000000
2.3600,3,7,4.000000,8.000000,0.000000,0.000000,-0.000000,-0.000000
2.3600,4,0,5.000000,1.000035,0.000000,0.000066,-0.000000,0.000085
2.3600,4,1,5.000000,2.000488,0.000000,0.000603,-0.000000,0.000349
2.3600,4,2,5.000000,3.004302,0.000000,0.002724,-0.000000,-0.000336
2.3600,4,3,5.000000,4.021393,0.000000,0.002493,-0.000000,-0.003424
2.3600,4,4,5.095118,5.047559,-0.023566,-0.011783,0.013261,0.006630
2.3600,4,5,5.000000,6.021393,0.000000,0.002493,-0.000000,-0.003424
2.3600,4,6,5.000000,7.004302,0.000000,0.002724,-0.000000,-0.000336
2.3600,4,7,5.000000,8.000486,0.000000,0.000598,-0.000000,0.000340
2.3600,5,0,6.000000,1.000000,0.000000,0.000000,-0.000000,-0.000000
2.3600,5,1,6.000000,2.000000,0.000000,0.000000,-0.000000,-0.000000
2.3600,5,2,6.000000,3.000000,0.000000,0.000000,-0.000000,-0.000000
2.3600,5,3,6.000000,4.000000,0.000000,0.000000,-0.000000,-0.000000
2.3600,5,4,6.042787,5.000000,0.004987,0.000000,-0.006849,-0.000000
2.3600,5,5,6.000000,6.000000,0.000000,0.000000,-0.000000,-0.000000
2.3600,5,6,6.000000,7.000000,0.000000,0.000000,-0.000000,-0.000000
2.3600,5,7,6.000000,8.000000,0.000000,0.000000,-0.000000,-0.000000
2.3600,6,0,7.000000,1.000000,0.000000,0.000000,-0.000000,-0.000000
2.3600,6,1,7.000000,2.000000,0.000000,0.000000,-0.000000,-0.000000
2.3600,6,2,7.000000,3.000000,0.000000,0.000000,-0.000000,-0.000000
2.3600,6,3,7.000000,4.000000,0.000000,0.000000,-0.000000,-0.000000
2.3600,6,4,7.008605,5.000000,0.005447,0.000000,-0.000673,-0.000000
2.3600,6,5,7.000000,6.000000,0.000000,0.000000,-0.000000,-0.000000
2.3600,6,6,7.000000,7.000000,0.000000,0.000000,-0.000000,-0.000000
2.3600,6,7,7.000000,8.000000,0.000000,0.000000,-0.000000,-0.000000
2.3600,7,0,8.000000,1.000000,0.000000,0.000000,-0.000000,-0.000000
2.3600,7,1,8.000000,2.000000,0.000000,0.000000,-0.000000,-0.000000
2.3600,7,2,8.000000,3.000000,0.000000,0.000000,-0.000000,-0.000000
2.3600,7,3,8.000000,4.000000,0.000000,0.000000,-0.000000,-0.000000
2.3600,7,4,8.000972,5.000000,0.001197,0.000000,0.000680,-0.000000
2.3600,7,5,8.000000,6.000000,0.000000,0.000000,-0.000000,-0.000000
2.3600,7,6,8.000000,7.000000,0.000000,0.000000,-0.000000,-0.000000
2.3600,7,7,8.000000,8.000000,0.000000,0.000000,-0.000000,-0.000000
2.4100,0,0,1.000000,1.000000,0.000000,0.000000,-0.000000,-0.000000
2.4100,0,1,1.000000,2.000000,0.000000,0.000000,-0.000000,-0.000000
2.4100,0,2,1.000000,3.000000,0.000000,0.000000,-0.000000,-0.000000
2.4100,0,3,1.000000,4.000000,0.000000,0.000000,-0.000000,-0.000000
2.4100,0,4,1.000077,5.000000,0.000141,0.000000,0.000175,-0.000000
2.4100,0,5,1.000000,6.000000,0.000000,0.000000,-0.000000,-0.000000
2.4100,0,6,1.000000,7.000000,0.000000,0.000000,-0.000000,-0.000000
2.4100,0,7,1.000000,8.000000,0.000000,0.000000,-0.000000,-0.000000
2.4100,1,0,2.000000,1.000000,0.000000,0.000000,-0.000000,-0.000000
2.4100,1,1,2.000000,2.000000,0.000000,0.000000,-0.000000,-0.000000
2.4100,1,2,2.000000,3.000000,0.000000,0.000000,-0.000000,-0.000000
2.4100,1,3,2.000000,4.000000,0.000000,0.000000,-0.000000,-0.000000
2.4100,1,4,2.001037,5.000000,0.001240,0.000000,0.000681,-0.000000
2.4100,1,5,2.000000,6.000000,0.000000,0.000000,-0.000000,-0.000000
2.4100,1,6,2.000000,7.000000,0.000000,0.000000,-0.000000,-0.000000
2.4100,1,7,2.000000,8.000000,0.000000,0.000000,-0.000000,-0.000000
2.4100,2,0,3.000000,1.000000,0.000000,0.000000,-0.000000,-0.000000
2.4100,2,1,3.000000,2.000000,0.000000,0.000000,-0.000000,-0.000000
2.4100,2,2,3.000000,3.000000,0.000000,0.000000,-0.000000,-0.000000
2.4100,2,3,3.000000,4.000000,0.000000,0.000000,-0.000000,-0.000000
2.4100,2,4,3.008876,5.000000,0.005412,0.000000,-0.000738,-0.000000
2.4100,2,5,3.000000,6.000000,0.000000,0.000000,-0.000000,-0.000000
2.4100,2,6,3.000000,7.000000,0.000000,0.000000,-0.000000,-0.000000
2.4100,2,7,3.000000,8.000000,0.000000,0.000000,-0.000000,-0.000000
2.4100,3,0,4.000000,1.000000,0.000000,0.000000,-0.000000,-0.000000
2.4100,3,1,4.000000,2.000000,0.000000,0.000000,-0.000000,-0.000000
2.4100,3,2,4.000000,3.000000,0.000000,0.000000,-0.000000,-0.000000
2.4100,3,3,4.000000,4.000000,0.000000,0.000000,-0.000000,-0.000000
2.4100,3,4,4.043026,5.000000,0.004652,0.000000,-0.006539,-0.000000
2.4100,3,5,4.000000,6.000000,0.000000,0.000000,-0.000000,-0.000000
2.4100,3,6,4.000000,7.000000,0.000000,0.000000,-0.000000,-0.000000
2.4100,3,7,4.000000,8.000000,0.000000,0.000000,-0.000000,-0.000000
2.4100,4,0,5.000000,1.000038,0.000000,0.000071,-0.000000,0.000088
2.4100,4,1,5.000000,2.000518,0.000000,0.000620,-0.000000,0.000341
2.4100,4,2,5.000000,3.004438,0.000000,0.002706,-0.000000,-0.000369
2.4100,4,3,5.000000,4.021513,0.000000,0.002326,-0.000000,-0.003269
2.4100,4,4,5.093960,5.046980,-0.022915,-0.011457,0.012796,0.006398
2.4100,4,5,5.000000,6.021513,0.000000,0.002326,-0.000000,-0.003269
2.4100,4,6,5.000000,7.004438,0.000000,0.002706,-0.000000,-0.000370
2.4100,4,7,5.000000,8.000516,0.000000,0.000615,-0.000000,0.000331
2.4100,5,0,6.000000,1.000000,0.000000,0.000000,-0.000000,-0.000000
2.4100,5,1,6.000000,2.000000,0.000000,0.000000,-0.000000,-0.000000
2.4100,5,2,6.000000,3.000000,0.000000,0.000000,-0.000000,-0.000000
2.4100,5,3,6.000000,4.000000,0.000000,0.000000,-0.000000,-0.000000
2.4100,5,4,6.043026,5.000000,0.004652,0.000000,-0.006539,-0.000000
2.4100,5,5,6.000000,6.000000,0.000000,0.000000,-0.000000,-0.000000
2.4100,5,6,6.000000,7.000000,0.000000,0.000000,-0.000000,-0.000000
2.4100,5,7,6.000000,8.000000,0.000000,0.000000,-0.000000,-0.000000
2.4100,6,0,7.000000,1.000000,0.000000,0.000000,-0.000000,-0.000000
2.4100,6,1,7.000000,2.000000,0.000000,0.000000,-0.000000,-0.000000
2.4100,6,2,7.000000,3.000000,0.000000,0.000000,-0.000000,-0.000000
2.4100,6,3,7.000000,4.000000,0.000000,0.000000,-0.000000,-0.000000
2.4100,6,4,7.008876,5.000000,0.005412,0.000000,-0.000740,-0.000000
2.4100,6,5,7.000000,6.000000,0.000000,0.000000,-0.000000,-0.000000
2.4100,6,6,7.000000,7.000000,0.000000,0.000000,-0.000000,-0.000000
2.4100,6,7,7.000000,8.000000,0.000000,0.000000,-0.000000,-0.000000
2.4100,7,0,8.000000,1.000000,0.000000,0.000000,-0.000000,-0.000000
2.4100,7,1,8.000000,2.000000,0.000000,0.000000,-0.000000,-0.000000
2.4100,7,2,8.000000,3.000000,0.000000,0.000000,-0.000000,-0.000000
2.4100,7,3,8.000000,4.000000,0.000000,0.000000,-0.000000,-0.000000
2.4100,7,4,8.001033,5.000000,0.001230,0.000000,0.000662,-0.000000
2.4100,7,5,8.000000,6.000000,0.000000,0.000000,-0.000000,-0.000000
2.4100,7,6,8.000000,7.000000,0.000000,0.000000,-0.000000,-0.000000
2.4100,7,7,8.000000,8.000000,0.000000,0.000000,-0.000000,-0.000000
2.4600,0,0,1.000000,1.000000,0.000000,0.000000,-0.000000,-0.000000
2.4600,0,1,1.000000,2.000000,0.000000,0.000000,-0.000000,-0.000000
2.4600,0,2,1.000000,3.000000,0.000000,0.000000,-0.000000,-0.000000
2.4600,0,3,1.000000,4.000000,0.000000,0.000000,-0.000000,-0.000000
2.4600,0,4,1.000084,5.000000,0.000150,0.000000,0.000179,-0.000000
2.4600,0,5,1.000000,6.000000,0.000000,0.000000,-0.000000,-0.000000
2.4600,0,6,1.000000,7.000000,0.000000,0.000000,-0.000000,-0.000000
2.4600,0,7,1.000000,8.000000,0.000000,0.000000,-0.000000,-0.000000
2.4600,1,0,2.000000,1.000000,0.000000,0.000000,-0.000000,-0.000000
2.4600,1,1,2.000000,2.000000,0.000000,0.000000,-0.000000,-0.000000
2.4600,1,2,2.000000,3.000000,0.000000,0.000000,-0.000000,-0.000000
2.4600,1,3,2.000000,4.000000,0.000000,0.000000,-0.000000,-0.000000
2.4600,1,4,2.001100,5.000000,0.001274,0.000000,0.000664,-0.000000
2.4600,1,5,2.000000,6.000000,0.000000,0.000000,-0.000000,-0.000000
2.4600,1,6,2.000000,7.000000,0.000000,0.000000,-0.000000,-0.000000
2.4600,1,7,2.000000,8.000000,0.000000,0.000000,-0.000000,-0.000000
2.4600,2,0,3.000000,1.000000,0.000000,0.000000,-0.000000,-0.000000
2.4600,2,1,3.000000,2.000000,0.000000,0.000000,-0.000000,-0.000000
2.4600,2,2,3.000000,3.000000,0.000000,0.000000,-0.000000,-0.000000
2.4600,2,3,3.000000,4.000000,0.000000,0.000000,-0.000000,-0.000000
2.4600,2,4,3.009146,5.000000,0.005374,0.000000,-0.000800,-0.000000
2.4600,2,5,3.000000,6.000000,0.000000,0.000000,-0.000000,-0.000000
2.4600,2,6,3.000000,7.000000,0.000000,0.000000,-0.000000,-0.000000
2.4600,2,7,3.000000,8.000000,0.000000,0.000000,-0.000000,-0.000000
2.4600,3,0,4.000000,1.000000,0.000000,0.000000,-0.000000,-0.000000
2.4600,3,1,4.000000,2.000000,0.000000,0.000000,-0.000000,-0.000000
2.4600,3,2,4.000000,3.000000,0.000000,0.000000,-0.000000,-0.000000
2.4600,3,3,4.000000,4.000000,0.000000,0.000000,-0.000000,-0.000000
2.4600,3,4,4.043249,5.000000,0.004333,0.000000,-0.006242,-0.000000
2.4600,3,5,4.000000,6.000000,0.000000,0.000000,-0.000000,-0.000000
2.4600,3,6,4.000000,7.000000,0.000000,0.000000,-0.000000,-0.000000
2.4600,3,7,4.000000,8.000000,0.000000,0.000000,-0.000000,-0.000000
2.4600,4,0,5.000000,1.000042,0.000000,0.000075,-0.000000,0.000090
2.4600,4,1,5.000000,2.000550,0.000000,0.000637,-0.000000,0.000332
2.4600,4,2,5.000000,3.004573,0.000000,0.002687,-0.000000,-0.000400
2.4600,4,3,5.000000,4.021625,0.000000,0.002166,-0.000000,-0.003121
2.4600,4,4,5.092833,5.046416,-0.022286,-0.011143,0.012349,0.006175
2.4600,4,5,5.000000,6.021625,0.000000,0.002166,-0.000000,-0.003121
2.4600,4,6,5.000000,7.004573,0.000000,0.002687,-0.000000,-0.000401
2.4600,4,7,5.000000,8.000548,0.000000,0.000631,-0.000000,0.000322
2.4600,5,0,6.000000,1.000000,0.000000,0.000000,-0.000000,-0.000000
2.4600,5,1,6.000000,2.000000,0.000000,0.000000,-0.000000,-0.000000
2.4600,5,2,6.000000,3.000000,0.000000,0.000000,-0.000000,-0.000000
2.4600,5,3,6.000000,4.000000,0.000000,0.000000,-0.000000,-0.000000
2.4600,5,4,6.043249,5.000000,0.004333,0.000000,-0.006242,-0.000000
2.4600,5,5,6.000000,6.000000,0.000000,0.000000,-0.000000,-0.000000
2.4600,5,6,6.000000,7.000000,0.000000,0.000000,-0.000000,-0.000000
2.4600,5,7,6.000000,8.000000,0.000000,0.000000,-0.000000,-0.000000
2.4600,6,0,7.000000,1.000000,0.000000,0.000000,-0.000000,-0.000000
2.4600,6,1,7.000000,2.000000,0.000000,0.000000,-0.000000,-0.000000
2.4600,6,2,7.000000,3.000000,0.000000,0.000000,-0.000000,-0.000000
2.4600,6,3,7.000000,4.000000,0.000000,0.000000,-0.000000,-0.000000
2.4600,6,4,7.009145,5.000000,0.005373,0.000000,-0.000801,-0.000000
2.4600,6,5,7.000000,6.000000,0.000000,0.000000,-0.000000,-0.000000
2.4600,6,6,7.000000,7.000000,0.000000,0.000000,-0.000000,-0.000000
2.4600,6,7,7.000000,8.000000,0.000000,0.000000,-0.000000,-0.000000
2.4600,7,0,8.000000,1.000000,0.000000,0.000000,-0.000000,-0.000000
2.4600,7,1,8.000000,2.000000,0.000000,0.000000,-0.000000,-0.000000
2.4600,7,2,8.000000,3.000000,0.000000,0.000000,-0.000000,-0.000000
2.4600,7,3,8.000000,4.000000,0.000000,0.000000,-0.000000,-0.000000
2.4600,7,4,8.001095,5.000000,0.001263,0.000000,0.000643,-0.000000
2.4600,7,5,8.000000,6.000000,0.000000,0.000000,-0.000000,-0.000000
2.4600,7,6,8.000000,7.000000,0.000000,0.000000,-0.000000,-0.000000
2.4600,7,7,8.000000,8.000000,0.000000,0.000000,-0.000000,-0.000000
2.5100,0,0,1.000000,1.000000,0.000000,0.000000,-0.000000,-0.000000
2.5100,0,1,1.000000,2.000000,0.000000,0.000000,-0.000000,-0.000000
2.5100,0,2,1.000000,3.000000,0.000000,0.000000,-0.000000,-0.000000
2.5100,0,3,1.000000,4.000000,0.000000,0.000000,-0.000000,-0.000000
2.5100,0,4,1.000092,5.000000,0.000159,0.000000,0.000183,-0.000000
2.5100,0,5,1.000000,6.000000,0.000000,0.000000,-0.000000,-0.000000
2.5100,0,6,1.000000,7.000000,0.000000,0.000000,-0.000000,-0.000000
2.5100,0,7,1.000000,8.000000,0.000000,0.000000,-0.000000,-0.000000
2.5100,1,0,2.000000,1.000000,0.000000,0.000000,-0.000000,-0.000000
2.5100,1,1,2.000000,2.000000,0.000000,0.000000,-0.000000,-0.000000
2.5100,1,2,2.000000,3.000000,0.000000,0.000000,-0.000000,-0.000000
2.5100,1,3,2.000000,4.000000,0.000000,0.000000,-0.000000,-0.000000
2.5100,1,4,2.001165,5.000000,0.001307,0.000000,0.000646,-0.000000
2.5100,1,5,2.000000,6.000000,0.000000,0.000000,-0.000000,-0.000000
2.5100,1,6,2.000000,7.000000,0.000000,0.000000,-0.000000,-0.000000
2.5100,1,7,2.000000,8.000000,0.000000,0.000000,-0.000000,-0.000000
2.5100,2,0,3.000000,1.000000,0.000000,0.000000,-0.000000,-0.000000
2.5100,2,1,3.000000,2.000000,0.000000,0.000000,-0.000000,-0.000000
2.5100,2,2,3.000000,3.000000,0.000000,0.000000,-0.000000,-0.000000
2.5100,2,3,3.000000,4.000000,0.000000,0.000000,-0.000000,-0.000000
2.5100,2,4,3.009413,5.000000,0.005332,0.000000,-0.000856,-0.000000
2.5100,2,5,3.000000,6.000000,0.000000,0.000000,-0.000000,-0.000000
2.5100,2,6,3.000000,7.000000,0.000000,0.000000,-0.000000,-0.000000
2.5100,2,7,3.000000,8.000000,0.000000,0.000000,-0.000000,-0.000000
2.5100,3,0,4.000000,1.000000,0.000000,0.000000,-0.000000,-0.000000
2.5100,3,1,4.000000,2.000000,0.000000,0.000000,-0.000000,-0.000000
2.5100,3,2,4.000000,3.000000,0.000000,0.000000,-0.000000,-0.000000
2.5100,3,3,4.000000,4.000000,0.000000,0.000000,-0.000000,-0.000000
2.5100,3,4,4.043456,5.000000,0.004028,0.000000,-0.005958,-0.000000
2.5100,3,5,4.000000,6.000000,0.000000,0.000000,-0.000000,-0.000000
2.5100,3,6,4.000000,7.000000,0.000000,0.000000,-0.000000,-0.000000
2.5100,3,7,4.000000,8.000000,0.000000,0.000000,-0.000000,-0.000000
2.5100,4,0,5.000000,1.000046,0.000000,0.000080,-0.000000,0.000092
2.5100,4,1,5.000000,2.000582,0.000000,0.000653,-0.000000,0.000323
2.5100,4,2,5.000000,3.004706,0.000000,0.002666,-0.000000,-0.000428
2.5100,4,3,5.000000,4.021728,0.000000,0.002014,-0.000000,-0.002979
2.5100,4,4,5.091737,5.045868,-0.021679,-0.010840,0.011920,0.005960
2.5100,4,5,5.000000,6.021728,0.000000,0.002014,-0.000000,-0.002979
2.5100,4,6,5.000000,7.004706,0.000000,0.002666,-0.000000,-0.000429
2.5100,4,7,5.000000,8.000580,0.000000,0.000647,-0.000000,0.000312
2.5100,5,0,6.000000,1.000000,0.000000,0.000000,-0.000000,-0.000000
2.5100,5,1,6.000000,2.000000,0.000000,0.000000,-0.000000,-0.000000
2.5100,5,2,6.000000,3.000000,0.000000,0.000000,-0.000000,-0.000000
2.5100,5,3,6.000000,4.000000,0.000000,0.000000,-0.000000,-0.000000
2.5100,5,4,6.043456,5.000000,0.004028,0.000000,-0.005958,-0.000000
2.5100,5,5,6.000000,6.000000,0.000000,0.000000,-0.000000,-0.000000
2.5100,5,6,6.000000,7.000000,0.000000,0.000000,-0.000000,-0.000000
2.5100,5,7,6.000000,8.000000,0.000000,0.000000,-0.000000,-0.000000
2.5100,6,0,7.000000,1.000000,0.000000,0.000000,-0.000000,-0.000000
2.5100,6,1,7.000000,2.000000,0.000000,0.000000,-0.000000,-0.000000
2.5100,6,2,7.000000,3.000000,0.000000,0.000000,-0.000000,-0.000000
2.5100,6,3,7.000000,4.000000,0.000000,0.000000,-0.000000,-0.000000
2.5100,6,4,7.009413,5.000000,0.005332,0.000000,-0.000858,-0.000000
2.5100,6,5,7.000000,6.000000,0.000000,0.000000,-0.000000,-0.000000
2.5100,6,6,7.000000,7.000000,0.000000,0.000000,-0.000000,-0.000000
2.5100,6,7,7.000000,8.000000,0.000000,0.000000,-0.000000,-0.000000
2.5100,7,0,8.000000,1.000000,0.000000,0.000000,-0.000000,-0.000000
2.5100,7,1,8.000000,2.000000,0.000000,0.000000,-0.000000,-0.000000
2.5100,7,2,8.000000,3.000000,0.000000,0.000000,-0.000000,-0.000000
2.5100,7,3,8.000000,4.000000,0.000000,0.000000,-0.000000,-0.000000
2.5100,7,4,8.001160,5.000000,0.001295,0.000000,0.000624,-0.000000
2.5100,7,5,8.000000,6.000000,0.000000,0.000000,-0.000000,-0.000000
2.5100,7,6,8.000000,7.000000,0.000000,0.000000,-0.000000,-0.000000
2.5100,7,7,8.000000,8.000000,0.000000,0.000000,-0.000000,-0.000000
2.5600,0,0,1.000000,1.000000,0.000000,0.000000,-0.000000,-0.000000
2.5600,0,1,1.000000,2.000000,0.000000,0.000000,-0.000000,-0.000000
2.5600,0,2,1.000000,3.000000,0.000000,0.000000,-0.000000,-0.000000
2.5600,0,3,1.000000,4.000000,0.000000,0.000000,-0.000000,-0.000000
2.5600,0,4,1.000100,5.000000,0.000169,0.000000,0.000187,-0.000000
2.5600,0,5,1.000000,6.000000,0.000000,0.000000,-0.000000,-0.000000
2.5600,0,6,1.000000,7.000000,0.000000,0.000000,-0.000000,-0.000000
2.5600,0,7,1.000000,8.000000,0.000000,0.000000,-0.000000,-0.000000
2.5600,1,0,2.000000,1.000000,0.000000,0.000000,-0.000000,-0.000000
2.5600,1,1,2.000000,2.000000,0.000000,0.000000,-0.000000,-0.000000
2.5600,1,2,2.000000,3.000000,0.000000,0.000000,-0.000000,-0.000000
2.5600,1,3,2.000000,4.000000,0.000000,0.000000,-0.000000,-0.000000
2.5600,1,4,2.001231,5.000000,0.001339,0.000000,0.000628,-0.000000
2.5600,1,5,2.000000,6.000000,0.000000,0.000000,-0.000000,-0.000000
2.5600,1,6,2.000000,7.000000,0.000000,0.000000,-0.000000,-0.000000
2.5600,1,7,2.000000,8.000000,0.000000,0.000000,-0.000000,-0.000000
2.5600,2,0,3.000000,1.000000,0.000000,0.000000,-0.000000,-0.000000
2.5600,2,1,3.000000,2.000000,0.000000,0.000000,-0.000000,-0.000000
2.5600,2,2,3.000000,3.000000,0.000000,0.000000,-0.000000,-0.000000
2.5600,2,3,3.000000,4.000000,0.000000,0.000000,-0.000000,-0.000000
2.5600,2,4,3.009678,5.000000,0.005288,0.000000,-0.000908,-0.000000
2.5600,2,5,3.000000,6.000000,0.000000,0.000000,-0.000000,-0.000000
2.5600,2,6,3.000000,7.000000,0.000000,0.000000,-0.000000,-0.000000
2.5600,2,7,3.000000,8.000000,0.000000,0.000000,-0.000000,-0.000000
2.5600,3,0,4.000000,1.000000,0.000000,0.000000,-0.000000,-0.000000
2.5600,3,1,4.000000,2.000000,0.000000,0.000000,-0.000000,-0.000000
2.5600,3,2,4.000000,3.000000,0.000000,0.000000,-0.000000,-0.000000
2.5600,3,3,4.000000,4.000000,0.000000,0.000000,-0.000000,-0.000000
2.5600,3,4,4.043649,5.000000,0.003737,0.000000,-0.005687,-0.000000
2.5600,3,5,4.000000,6.000000,0.000000,0.000000,-0.000000,-0.000000
2.5600,3,6,4.000000,7.000000,0.000000,0.000000,-0.000000,-0.000000
2.5600,3,7,4.000000,8.000000,0.000000,0.000000,-0.000000,-0.000000
2.5600,4,0,5.000000,1.000050,0.000000,0.000084,-0.000000,0.000093
2.5600,4,1,5.000000,2.000615,0.000000,0.000669,-0.000000,0.000314
2.5600,4,2,5.000000,3.004839,0.000000,0.002644,-0.000000,-0.000454
2.5600,4,3,5.000000,4.021825,0.000000,0.001868,-0.000000,-0.002843
2.5600,4,4,5.090671,5.045335,-0.021094,-0.010547,0.011506,0.005753
2.5600,4,5,5.000000,6.021825,0.000000,0.001868,-0.000000,-0.002843
2.5600,4,6,5.000000,7.004839,0.000000,0.002644,-0.000000,-0.000455
2.5600,4,7,5.000000,8.000613,0.000000,0.000663,-0.000000,0.000302
2.5600,5,0,6.000000,1.000000,0.000000,0.000000,-0.000000,-0.000000
2.5600,5,1,6.000000,2.000000,0.000000,0.000000,-0.000000,-0.000000
2.5600,5,2,6.000000,3.000000,0.000000,0.000000,-0.000000,-0.000000
2.5600,5,3,6.000000,4.000000,0.000000,0.000000,-0.000000,-0.000000
2.5600,5,4,6.043649,5.000000,0.003737,0.000000,-0.005687,-0.000000
2.5600,5,5,6.000000,6.000000,0.000000,0.000000,-0.000000,-0.000000
2.5600,5,6,6.000000,7.000000,0.000000,0.000000,-0.000000,-0.000000
2.5600,5,7,6.000000,8.000000,0.000000,0.000000,-0.000000,-0.000000
2.5600,6,0,7.000000,1.000000,0.000000,0.000000,-0.000000,-0.000000
2.5600,6,1,7.000000,2.000000,0.000000,0.000000,-0.000000,-0.000000
2.5600,6,2,7.000000,3.000000,0.000000,0.000000,-0.000000,-0.000000
2.5600,6,3,7.000000,4.000000,0.000000,0.000000,-0.000000,-0.000000
2.5600,6,4,7.009678,5.000000,0.005288,0.000000,-0.000910,-0.000000
2.5600,6,5,7.000000,6.000000,0.000000,0.000000,-0.000000,-0.000000
2.5600,6,6,7.000000,7.000000,0.000000,0.000000,-0.000000,-0.000000
2.5600,6,7,7.000000,8.000000,0.000000,0.000000,-0.000000,-0.000000
2.5600,7,0,8.000000,1.000000,0.000000,0.000000,-0.000000,-0.000000
2.5600,7,1,8.000000,2.000000,0.000000,0.000000,-0.000000,-0.000000
2.5600,7,2,8.000000,3.000000,0.000000,0.000000,-0.000000,-0.000000
2.5600,7,3,8.000000,4.000000,0.000000,0.000000,-0.000000,-0.000000
2.5600,7,4,8.001225,5.000000,0.001325,0.000000,0.000605,-0.000000
2.5600,7,5,8.000000,6.000000,0.000000,0.000000,-0.000000,-0.000000
2.5600,7,6,8.000000,7.000000,0.000000,0.000000,-0.000000,-0.000000
2.5600,7,7,8.000000,8.000000,0.000000,0.000000,-0.000000,-0.000000
2.6100,0,0,1.000000,1.000000,0.000000,0.000000,-0.000000,-0.000000
2.6100,0,1,1.000000,2.000000,0.000000,0.000000,-0.000000,-0.000000
2.6100,0,2,1.000000,3.000000,0.000000,0.000000,-0.000000,-0.000000
2.6100,0,3,1.000000,4.000000,0.000000,0.000000,-0.000000,-0.000000
2.6100,0,4,1.000109,5.000000,0.000178,0.000000,0.000190,-0.000000
2.6100,0,5,1.000000,6.000000,0.000000,0.000000,-0.000000,-0.000000
2.6100,0,6,1.000000,7.000000,0.000000,0.000000,-0.000000,-0.000000
2.6100,0,7,1.000000,8.000000,0.000000,0.000000,-0.000000,-0.000000
2.6100,1,0,2.000000,1.000000,0.000000,0.000000,-0.000000,-0.000000
2.6100,1,1,2.000000,2.000000,0.000000,0.000000,-0.000000,-0.000000
2.6100,1,2,2.000000,3.000000,0.000000,0.000000,-0.000000,-0.000000
2.6100,1,3,2.000000,4.000000,0.000000,0.000000,-0.000000,-0.000000
2.6100,1,4,2.001299,5.000000,0.001369,0.000000,0.000609,-0.000000
2.6100,1,5,2.000000,6.000000,0.000000,0.000000,-0.000000,-0.000000
2.6100,1,6,2.000000,7.000000,0.000000,0.000000,-0.000000,-0.000000
2.6100,1,7,2.000000,8.000000,0.000000,0.000000,-0.000000,-0.000000
2.6100,2,0,3.000000,1.000000,0.000000,0.000000,-0.000000,-0.000000
2.6100,2,1,3.000000,2.000000,0.000000,0.000000,-0.000000,-0.000000
2.6100,2,2,3.000000,3.000000,0.000000,0.000000,-0.000000,-0.000000
2.6100,2,3,3.000000,4.000000,0.000000,0.000000,-0.000000,-0.000000
2.6100,2,4,3.009941,5.000000,0.005242,0.000000,-0.000956,-0.000000
2.6100,2,5,3.000000,6.000000,0.000000,0.000000,-0.000000,-0.000000
2.6100,2,6,3.000000,7.000000,0.000000,0.000000,-0.000000,-0.000000
2.6100,2,7,3.000000,8.000000,0.000000,0.000000,-0.000000,-0.000000
2.6100,3,0,4.000000,1.000000,0.000000,0.000000,-0.000000,-0.000000
2.6100,3,1,4.000000,2.000000,0.000000,0.000000,-0.000000,-0.000000
2.6100,3,2,4.000000,3.000000,0.000000,0.000000,-0.000000,-0.000000
2.6100,3,3,4.000000,4.000000,0.000000,0.000000,-0.000000,-0.000000
2.6100,3,4,4.043828,5.000000,0.003459,0.000000,-0.005427,-0.000000
2.6100,3,5,4.000000,6.000000,0.000000,0.000000,-0.000000,-0.000000
2.6100,3,6,4.000000,7.000000,0.000000,0.000000,-0.000000,-0.000000
2.6100,3,7,4.000000,8.000000,0.000000,0.000000,-0.000000,-0.000000
2.6100,4,0,5.000000,1.000055,0.000000,0.000089,-0.000000,0.000095
2.6100,4,1,5.000000,2.000649,0.000000,0.000685,-0.000000,0.000305
2.6100,4,2,5.000000,3.004971,0.000000,0.002621,-0.000000,-0.000478
2.6100,4,3,5.000000,4.021914,0.000000,0.001730,-0.000000,-0.002713
2.6100,4,4,5.089633,5.044816,-0.020528,-0.010264,0.011109,0.005554
2.6100,4,5,5.000000,6.021914,0.000000,0.001730,-0.000000,-0.002713
2.6100,4,6,5.000000,7.004971,0.000000,0.002620,-0.000000,-0.000479
2.6100,4,7,5.000000,8.000646,0.000000,0.000678,-0.000000,0.000292
2.6100,5,0,6.000000,1.000000,0.000000,0.000000,-0.000000,-0.000000
2.6100,5,1,6.000000,2.000000,0.000000,0.000000,-0.000000,-0.000000
2.6100,5,2,6.000000,3.000000,0.000000,0.000000,-0.000000,-0.000000
2.6100,5,3,6.000000,4.000000,0.000000,0.000000,-0.000000,-0.000000
2.6100,5,4,6.043828,5.000000,0.003459,0.000000,-0.005427,-0.000000
2.6100,5,5,6.000000,6.000000,0.000000,0.000000,-0.000000,-0.000000
2.6100,5,6,6.000000,7.000000,0.000000,0.000000,-0.000000,-0.000000
2.6100,5,7,6.000000,8.000000,0.000000,0.000000,-0.000000,-0.000000
2.6100,6,0,7.000000,1.000000,0.000000,0.000000,-0.000000,-0.000000
2.6100,6,1,7.000000,2.000000,0.000000,0.000000,-0.000000,-0.000000
2.6100,6,2,7.000000,3.000000,0.000000,0.000000,-0.000000,-0.000000
2.6100,6,3,7.000000,4.000000,0.000000,0.000000,-0.000000,-0.000000
2.6100,6,4,7.009941,5.000000,0.005241,0.000000,-0.000958,-0.000000
2.6100,6,5,7.000000,6.000000,0.000000,0.000000,-0.000000,-0.000000
2.6100,6,6,7.000000,7.000000,0.000000,0.000000,-0.000000,-0.000000
2.6100,6,7,7.000000,8.000000,0.000000,0.000000,-0.000000,-0.000000
2.6100,7,0,8.000000,1.000000,0.000000,0.000000,-0.000000,-0.000000
2.6100,7,1,8.000000,2.000000,0.000000,0.000000,-0.000000,-0.000000
2.6100,7,2,8.000000,3.000000,0.000000,0.000000,-0.000000,-0.000000
2.6100,7,3,8.000000,4.000000,0.000000,0.000000,-0.000000,-0.000000
2.6100,7,4,8.001292,5.000000,0.001355,0.000000,0.000585,-0.000000
2.6100,7,5,8.000000,6.000000,0.000000,0.000000,-0.000000,-0.000000
2.6100,7,6,8.000000,7.000000,0.000000,0.000000,-0.000000,-0.000000
2.6100,7,7,8.000000,8.000000,0.000000,0.000000,-0.000000,-0.000000
2.6600,0,0,1.000000,1.000000,0.000000,0.000000,-0.000000,-0.000000
2.6600,0,1,1.000000,2.000000,0.000000,0.000000,-0.000000,-0.000000
2.6600,0,2,1.000000,3.000000,0.000000,0.000000,-0.000000,-0.000000
2.6600,0,3,1.000000,4.000000,0.000000,0.000000,-0.000000,-0.000000
2.6600,0,4,1.000118,5.000000,0.000188,0.000000,0.000193,-0.000000
2.6600,0,5,1.000000,6.000000,0.000000,0.000000,-0.000000,-0.000000
2.6600,0,6,1.000000,7.000000,0.000000,0.000000,-0.000000,-0.000000
2.6600,0,7,1.000000,8.000000,0.000000,0.000000,-0.000000,-0.000000
2.6600,1,0,2.000000,1.000000,0.000000,0.000000,-0.000000,-0.000000
2.6600,1,1,2.000000,2.000000,0.000000,0.000000,-0.000000,-0.000000
2.6600,1,2,2.000000,3.000000,0.000000,0.000000,-0.000000,-0.000000
2.6600,1,3,2.000000,4.000000,0.000000,0.000000,-0.000000,-0.000000
2.6600,1,4,2.001368,5.000000,0.001399,0.000000,0.000591,-0.000000
2.6600,1,5,2.000000,6.000000,0.000000,0.000000,-0.000000,-0.000000
2.6600,1,6,2.000000,7.000000,0.000000,0.000000,-0.000000,-0.000000
2.6600,1,7,2.000000,8.000000,0.000000,0.000000,-0.000000,-0.000000
2.6600,2,0,3.000000,1.000000,0.000000,0.000000,-0.000000,-0.000000
2.6600,2,1,3.000000,2.000000,0.000000,0.000000,-0.000000,-0.000000
2.6600,2,2,3.000000,3.000000,0.000000,0.000000,-0.000000,-0.000000
2.6600,2,3,3.000000,4.000000,0.000000,0.000000,-0.000000,-0.000000
2.6600,2,4,3.010202,5.000000,0.005193,0.000000,-0.000999,-0.000000
2.6600,2,5,3.000000,6.000000,0.000000,0.000000,-0.000000,-0.000000
2.6600,2,6,3.000000,7.000000,0.000000,0.000000,-0.000000,-0.000000
2.6600,2,7,3.000000,8.000000,0.000000,0.000000,-0.000000,-0.000000
2.6600,3,0,4.000000,1.000000,0.000000,0.000000,-0.000000,-0.000000
2.6600,3,1,4.000000,2.000000,0.000000,0.000000,-0.000000,-0.000000
2.6600,3,2,4.000000,3.000000,0.000000,0.000000,-0.000000,-0.000000
2.6600,3,3,4.000000,4.000000,0.000000,0.000000,-0.000000,-0.000000
2.6600,3,4,4.043992,5.000000,0.003194,0.000000,-0.005178,-0.000000
2.6600,3,5,4.000000,6.000000,0.000000,0.000000,-0.000000,-0.000000
2.6600,3,6,4.000000,7.000000,0.000000,0.000000,-0.000000,-0.000000
2.6600,3,7,4.000000,8.000000,0.000000,0.000000,-0.000000,-0.000000
2.6600,4,0,5.000000,1.000059,0.000000,0.000094,-0.000000,0.000097
2.6600,4,1,5.000000,2.000684,0.000000,0.000700,-0.000000,0.000295
2.6600,4,2,5.000000,3.005101,0.000000,0.002596,-0.000000,-0.000500
2.6600,4,3,5.000000,4.021996,0.000000,0.001597,-0.000000,-0.002589
2.6600,4,4,5.088623,5.044311,-0.019983,-0.009991,0.010727,0.005363
2.6600,4,5,5.000000,6.021996,0.000000,0.001597,-0.000000,-0.002589
2.6600,4,6,5.000000,7.005101,0.000000,0.002596,-0.000000,-0.000501
2.6600,4,7,5.000000,8.000680,0.000000,0.000692,-0.000000,0.000282
2.6600,5,0,6.000000,1.000000,0.000000,0.000000,-0.000000,-0.000000
2.6600,5,1,6.000000,2.000000,0.000000,0.000000,-0.000000,-0.000000
2.6600,5,2,6.000000,3.000000,0.000000,0.000000,-0.000000,-0.000000
2.6600,5,3,6.000000,4.000000,0.000000,0.000000,-0.000000,-0.000000
2.6600,5,4,6.043992,5.000000,0.003194,0.000000,-0.005179,-0.000000
2.6600,5,5,6.000000,6.000000,0.000000,0.000000,-0.000000,-0.000000
2.6600,5,6,6.000000,7.000000,0.000000,0.000000,-0.000000,-0.000000
2.6600,5,7,6.000000,8.000000,0.000000,0.000000,-0.000000,-0.000000
2.6600,6,0,7.000000,1.000000,0.000000,0.000000,-0.000000,-0.000000
2.6600,6,1,7.000000,2.000000,0.000000,0.000000,-0.000000,-0.000000
2.6600,6,2,7.000000,3.000000,0.000000,0.000000,-0.000000,-0.000000
2.6600,6,3,7.000000,4.000000,0.000000,0.000000,-0.000000,-0.000000
2.6600,6,4,7.010202,5.000000,0.005192,0.000000,-0.001001,-0.000000
2.6600,6,5,7.000000,6.000000,0.000000,0.000000,-0.000000,-0.000000
2.6600,6,6,7.000000,7.000000,0.000000,0.000000,-0.000000,-0.000000
2.6600,6,7,7.000000,8.000000,0.000000,0.000000,-0.000000,-0.000000
2.6600,7,0,8.000000,1.000000,0.000000,0.000000,-0.000000,-0.000000
2.6600,7,1,8.000000,2.000000,0.000000,0.000000,-0.000000,-0.000000
2.6600,7,2,8.000000,3.000000,0.000000,0.000000,-0.000000,-0.000000
2.6600,7,3,8.000000,4.000000,0.000000,0.000000,-0.000000,-0.000000
2.6600,7,4,8.001361,5.000000,0.001384,0.000000,0.000564,-0.000000
2.6600,7,5,8.000000,6.000000,0.000000,0.000000,-0.000000,-0.000000
2.6600,7,6,8.000000,7.000000,0.000000,0.000000,-0.000000,-0.000000
2.6600,7,7,8.000000,8.000000,0.000000,0.000000,-0.000000,-0.000000
2.7100,0,0,1.000000,1.000000,0.000000,0.000000,-0.000000,-0.000000
2.7100,0,1,1.000000,2.000000,0.000000,0.000000,-0.000000,-0.000000
2.7100,0,2,1.000000,3.000000,0.000000,0.000000,-0.000000,-0.000000
2.7100,0,3,1.000000,4.000000,0.000000,0.000000,-0.000000,-0.000000
2.7100,0,4,1.000128,5.000000,0.000197,0.000000,0.000196,-0.000000
2.7100,0,5,1.000000,6.000000,0.000000,0.000000,-0.000000,-0.000000
2.7100,0,6,1.000000,7.000000,0.000000,0.000000,-0.000000,-0.000000
2.7100,0,7,1.000000,8.000000,0.000000,0.000000,-0.000000,-0.000000
2.7100,1,0,2.000000,1.000000,0.000000,0.000000,-0.000000,-0.000000
2.7100,1,1,2.000000,2.000000,0.000000,0.000000,-0.000000,-0.000000
2.7100,1,2,2.000000,3.000000,0.000000,0.000000,-0.000000,-0.000000
2.7100,1,3,2.000000,4.000000,0.000000,0.000000,-0.000000,-0.000000
2.7100,1,4,2.001439,5.000000,0.001429,0.000000,0.000571,-0.000000
2.7100,1,5,2.000000,6.000000,0.000000,0.000000,-0.000000,-0.000000
2.7100,1,6,2.000000,7.000000,0.000000,0.000000,-0.000000,-0.000000
2.7100,1,7,2.000000,8.000000,0.000000,0.000000,-0.000000,-0.000000
2.7100,2,0,3.000000,1.000000,0.000000,0.000000,-0.000000,-0.000000
2.7100,2,1,3.000000,2.000000,0.000000,0.000000,-0.000000,-0.000000
2.7100,2,2,3.000000,3.000000,0.000000,0.000000,-0.000000,-0.000000
2.7100,2,3,3.000000,4.000000,0.000000,0.000000,-0.000000,-0.000000
2.7100,2,4,3.010460,5.000000,0.005142,0.000000,-0.001038,-0.000000
2.7100,2,5,3.000000,6.000000,0.000000,0.000000,-0.000000,-0.000000
2.7100,2,6,3.000000,7.000000,0.000000,0.000000,-0.000000,-0.000000
2.7100,2,7,3.000000,8.000000,0.000000,0.000000,-0.000000,-0.000000
2.7100,3,0,4.000000,1.000000,0.000000,0.000000,-0.000000,-0.000000
2.7100,3,1,4.000000,2.000000,0.000000,0.000000,-0.000000,-0.000000
2.7100,3,2,4.000000,3.000000,0.000000,0.000000,-0.000000,-0.000000
2.7100,3,3,4.000000,4.000000,0.000000,0.000000,-0.000000,-0.000000
2.7100,3,4,4.044145,5.000000,0.002941,0.000000,-0.004941,-0.000000
2.7100,3,5,4.000000,6.000000,0.000000,0.000000,-0.000000,-0.000000
2.7100,3,6,4.000000,7.000000,0.000000,0.000000,-0.000000,-0.000000
2.7100,3,7,4.000000,8.000000,0.000000,0.000000,-0.000000,-0.000000
2.7100,4,0,5.000000,1.000064,0.000000,0.000099,-0.000000,0.000098
2.7100,4,1,5.000000,2.000719,0.000000,0.000714,-0.000000,0.000286
2.7100,4,2,5.000000,3.005230,0.000000,0.002571,-0.000000,-0.000519
2.7100,4,3,5.000000,4.022072,0.000000,0.001471,-0.000000,-0.002470
2.7100,4,4,5.087640,5.043820,-0.019455,-0.009728,0.010359,0.005179
2.7100,4,5,5.000000,6.022072,0.000000,0.001471,-0.000000,-0.002471
2.7100,4,6,5.000000,7.005230,0.000000,0.002570,-0.000000,-0.000520
2.7100,4,7,5.000000,8.000716,0.000000,0.000706,-0.000000,0.000272
2.7100,5,0,6.000000,1.000000,0.000000,0.000000,-0.000000,-0.000000
2.7100,5,1,6.000000,2.000000,0.000000,0.000000,-0.000000,-0.000000
2.7100,5,2,6.000000,3.000000,0.000000,0.000000,-0.000000,-0.000000
2.7100,5,3,6.000000,4.000000,0.000000,0.000000,-0.000000,-0.000000
2.7100,5,4,6.044145,5.000000,0.002941,0.000000,-0.004941,-0.000000
2.7100,5,5,6.000000,6.000000,0.000000,0.000000,-0.000000,-0.000000
2.7100,5,6,6.000000,7.000000,0.000000,0.000000,-0.000000,-0.000000
2.7100,5,7,6.000000,8.000000,0.000000,0.000000,-0.000000,-0.000000
2.7100,6,0,7.000000,1.000000,0.000000,0.000000,-0.000000,-0.000000
2.7100,6,1,7.000000,2.000000,0.000000,0.000000,-0.000000,-0.000000
2.7100,6,2,7.000000,3.000000,0.000000,0.000000,-0.000000,-0.000000
2.7100,6,3,7.000000,4.000000,0.000000,0.000000,-0.000000,-0.000000
2.7100,6,4,7.010460,5.000000,0.005141,0.000000,-0.001041,-0.000000
2.7100,6,5,7.000000,6.000000,0.000000,0.000000,-0.000000,-0.000000
2.7100,6,6,7.000000,7.000000,0.000000,0.000000,-0.000000,-0.000000
2.7100,6,7,7.000000,8.000000,0.000000,0.000000,-0.000000,-0.000000
2.7100,7,0,8.000000,1.000000,0.000000,0.000000,-0.000000,-0.000000
2.7100,7,1,8.000000,2.000000,0.000000,0.000000,-0.000000,-0.000000
2.7100,7,2,8.000000,3.000000,0.000000,0.000000,-0.000000,-0.000000
2.7100,7,3,8.000000,4.000000,0.000000,0.000000,-0.000000,-0.000000
2.7100,7,4,8.001431,5.000000,0.001412,0.000000,0.000544,-0.000000
2.7100,7,5,8.000000,6.000000,0.000000,0.000000,-0.000000,-0.000000
2.7100,7,6,8.000000,7.000000,0.000000,0.000000,-0.000000,-0.000000
2.7100,7,7,8.000000,8.000000,0.000000,0.000000,-0.000000,-0.000000
2.7600,0,0,1.000000,1.000000,0.000000,0.000000,-0.000000,-0.000000
2.7600,0,1,1.000000,2.000000,0.000000,0.000000,-0.000000,-0.000000
2.7600,0,2,1.000000,3.000000,0.000000,0.000000,-0.000000,-0.000000
2.7600,0,3,1.000000,4.000000,0.000000,0.000000,-0.000000,-0.000000
2.7600,0,4,1.000138,5.000000,0.000207,0.000000,0.000199,-0.000000
2.7600,0,5,1.000000,6.000000,0.000000,0.000000,-0.000000,-0.000000
2.7600,0,6,1.000000,7.000000,0.000000,0.000000,-0.000000,-0.000000
2.7600,0,7,1.000000,8.000000,0.000000,0.000000,-0.000000,-0.000000
2.7600,1,0,2.000000,1.000000,0.000000,0.000000,-0.000000,-0.000000
2.7600,1,1,2.000000,2.000000,0.000000,0.000000,-0.000000,-0.000000
2.7600,1,2,2.000000,3.000000,0.000000,0.000000,-0.000000,-0.000000
2.7600,1,3,2.000000,4.000000,0.000000,0.000000,-0.000000,-0.000000
2.7600,1,4,2.001511,5.000000,0.001457,0.000000,0.000552,-0.000000
2.7600,1,5,2.000000,6.000000,0.000000,0.000000,-0.000000,-0.000000
2.7600,1,6,2.000000,7.000000,0.000000,0.000000,-0.000000,-0.000000
2.7600,1,7,2.000000,8.000000,0.000000,0.000000,-0.000000,-0.000000
2.7600,2,0,3.000000,1.000000,0.000000,0.000000,-0.000000,-0.000000
2.7600,2,1,3.000000,2.000000,0.000000,0.000000,-0.000000,-0.000000
2.7600,2,2,3.000000,3.000000,0.000000,0.000000,-0.000000,-0.000000
2.7600,2,3,3.000000,4.000000,0.000000,0.000000,-0.000000,-0.000000
2.7600,2,4,3.010716,5.000000,0.005089,0.000000,-0.001074,-0.000000
2.7600,2,5,3.000000,6.000000,0.000000,0.000000,-0.000000,-0.000000
2.7600,2,6,3.000000,7.000000,0.000000,0.000000,-0.000000,-0.000000
2.7600,2,7,3.000000,8.000000,0.000000,0.000000,-0.000000,-0.000000
2.7600,3,0,4.000000,1.000000,0.000000,0.000000,-0.000000,-0.000000
2.7600,3,1,4.000000,2.000000,0.000000,0.000000,-0.000000,-0.000000
2.7600,3,2,4.000000,3.000000,0.000000,0.000000,-0.000000,-0.000000
2.7600,3,3,4.000000,4.000000,0.000000,0.000000,-0.000000,-0.000000
2.7600,3,4,4.044284,5.000000,0.002700,0.000000,-0.004714,-0.000000
2.7600,3,5,4.000000,6.000000,0.000000,0.000000,-0.000000,-0.000000
2.7600,3,6,4.000000,7.000000,0.000000,0.000000,-0.000000,-0.000000
2.7600,3,7,4.000000,8.000000,0.000000,0.000000,-0.000000,-0.000000
2.7600,4,0,5.000000,1.000069,0.000000,0.000104,-0.000000,0.000099
2.7600,4,1,5.000000,2.000756,0.000000,0.000728,-0.000000,0.000276
2.7600,4,2,5.000000,3.005358,0.000000,0.002545,-0.000000,-0.000537
2.7600,4,3,5.000000,4.022142,0.000000,0.001350,-0.000000,-0.002357
2.7600,4,4,5.086682,5.043341,-0.018946,-0.009473,0.010005,0.005003
2.7600,4,5,5.000000,6.022142,0.000000,0.001350,-0.000000,-0.002357
2.7600,4,6,5.000000,7.005358,0.000000,0.002544,-0.000000,-0.000538
2.7600,4,7,5.000000,8.000751,0.000000,0.000719,-0.000000,0.000262
2.7600,5,0,6.000000,1.000000,0.000000,0.000000,-0.000000,-0.000000
2.7600,5,1,6.000000,2.000000,0.000000,0.000000,-0.000000,-0.000000
2.7600,5,2,6.000000,3.000000,0.000000,0.000000,-0.000000,-0.000000
2.7600,5,3,6.000000,4.000000,0.000000,0.000000,-0.000000,-0.000000
2.7600,5,4,6.044284,5.000000,0.002700,0.000000,-0.004714,-0.000000
2.7600,5,5,6.000000,6.000000,0.000000,0.000000,-0.000000,-0.000000
2.7600,5,6,6.000000,7.000000,0.000000,0.000000,-0.000000,-0.000000
2.7600,5,7,6.000000,8.000000,0.000000,0.000000,-0.000000,-0.000000
2.7600,6,0,7.000000,1.000000,0.000000,0.000000,-0.000000,-0.000000
2.7600,6,1,7.000000,2.000000,0.000000,0.000000,-0.000000,-0.000000
2.7600,6,2,7.000000,3.000000,0.000000,0.000000,-0.000000,-0.000000
2.7600,6,3,7.000000,4.000000,0.000000,0.000000,-0.000000,-0.000000
2.7600,6,4,7.010715,5.000000,0.005088,0.000000,-0.001076,-0.000000
2.7600,6,5,7.000000,6.000000,0.000000,0.000000,-0.000000,-0.000000
2.7600,6,6,7.000000,7.000000,0.000000,0.000000,-0.000000,-0.000000
2.7600,6,7,7.000000,8.000000,0.000000,0.000000,-0.000000,-0.000000
2.7600,7,0,8.000000,1.000000,0.000000,0.000000,-0.000000,-0.000000
2.7600,7,1,8.000000,2.000000,0.000000,0.000000,-0.000000,-0.000000
2.7600,7,2,8.000000,3.000000,0.000000,0.000000,-0.000000,-0.000000
2.7600,7,3,8.000000,4.000000,0.000000,0.000000,-0.000000,-0.000000
2.7600,7,4,8.001502,5.000000,0.001438,0.000000,0.000523,-0.000000
2.7600,7,5,8.000000,6.000000,0.000000,0.000000,-0.000000,-0.000000
2.7600,7,6,8.000000,7.000000,0.000000,0.000000,-0.000000,-0.000000
2.7600,7,7,8.000000,8.000000,0.000000,0.000000,-0.000000,-0.000000
2.8100,0,0,1.000000,1.000000,0.000000,0.000000,-0.000000,-0.000000
2.8100,0,1,1.000000,2.000000,0.000000,0.000000,-0.000000,-0.000000
2.8100,0,2,1.000000,3.000000,0.000000,0.000000,-0.000000,-0.000000
2.8100,0,3,1.000000,4.000000,0.000000,0.000000,-0.000000,-0.000000
2.8100,0,4,1.000149,5.000000,0.000217,0.000000,0.000201,-0.000000
2.8100,0,5,1.000000,6.000000,0.000000,0.000000,-0.000000,-0.000000
2.8100,0,6,1.000000,7.000000,0.000000,0.000000,-0.000000,-0.000000
2.8100,0,7,1.000000,8.000000,0.000000,0.000000,-0.000000,-0.000000
2.8100,1,0,2.000000,1.000000,0.000000,0.000000,-0.000000,-0.000000
2.8100,1,1,2.000000,2.000000,0.000000,0.000000,-0.000000,-0.000000
2.8100,1,2,2.000000,3.000000,0.000000,0.000000,-0.000000,-0.000000
2.8100,1,3,2.000000,4.000000,0.000000,0.000000,-0.000000,-0.000000
2.8100,1,4,2.001585,5.000000,0.001484,0.000000,0.000533,-0.000000
2.8100,1,5,2.000000,6.000000,0.000000,0.000000,-0.000000,-0.000000
2.8100,1,6,2.000000,7.000000,0.000000,0.000000,-0.000000,-0.000000
2.8100,1,7,2.000000,8.000000,0.000000,0.000000,-0.000000,-0.000000
2.8100,2,0,3.000000,1.000000,0.000000,0.000000,-0.000000,-0.000000
2.8100,2,1,3.000000,2.000000,0.000000,0.000000,-0.000000,-0.000000
2.8100,2,2,3.000000,3.000000,0.000000,0.000000,-0.000000,-0.000000
2.8100,2,3,3.000000,4.000000,0.000000,0.000000,-0.000000,-0.000000
2.8100,2,4,3.010968,5.000000,0.005035,0.000000,-0.001106,-0.000000
2.8100,2,5,3.000000,6.000000,0.000000,0.000000,-0.000000,-0.000000
2.8100,2,6,3.000000,7.000000,0.000000,0.000000,-0.000000,-0.000000
2.8100,2,7,3.000000,8.000000,0.000000,0.000000,-0.000000,-0.000000
2.8100,3,0,4.000000,1.000000,0.000000,0.000000,-0.000000,-0.000000
2.8100,3,1,4.000000,2.000000,0.000000,0.000000,-0.000000,-0.000000
2.8100,3,2,4.000000,3.000000,0.000000,0.000000,-0.000000,-0.000000
2.8100,3,3,4.000000,4.000000,0.000000,0.000000,-0.000000,-0.000000
2.8100,3,4,4.044412,5.000000,0.002470,0.000000,-0.004496,-0.000000
2.8100,3,5,4.000000,6.000000,0.000000,0.000000,-0.000000,-0.000000
2.8100,3,6,4.000000,7.000000,0.000000,0.000000,-0.000000,-0.000000
2.8100,3,7,4.000000,8.000000,0.000000,0.000000,-0.000000,-0.000000
2.8100,4,0,5.000000,1.000074,0.000000,0.000109,-0.000000,0.000101
2.8100,4,1,5.000000,2.000792,0.000000,0.000742,-0.000000,0.000266
2.8100,4,2,5.000000,3.005484,0.000000,0.002517,-0.000000,-0.000553
2.8100,4,3,5.000000,4.022206,0.000000,0.001235,-0.000000,-0.002248
2.8100,4,4,5.085750,5.042875,-0.018455,-0.009227,0.009665,0.004833
2.8100,4,5,5.000000,6.022206,0.000000,0.001235,-0.000000,-0.002248
2.8100,4,6,5.000000,7.005484,0.000000,0.002517,-0.000000,-0.000554
2.8100,4,7,5.000000,8.000788,0.000000,0.000732,-0.000000,0.000251
2.8100,5,0,6.000000,1.000000,0.000000,0.000000,-0.000000,-0.000000
2.8100,5,1,6.000000,2.000000,0.000000,0.000000,-0.000000,-0.000000
2.8100,5,2,6.000000,3.000000,0.000000,0.000000,-0.000000,-0.000000
2.8100,5,3,6.000000,4.000000,0.000000,0.000000,-0.000000,-0.000000
2.8100,5,4,6.044412,5.000000,0.002469,0.000000,-0.004497,-0.000000
2.8100,5,5,6.000000,6.000000,0.000000,0.000000,-0.000000,-0.000000
2.8100,5,6,6.000000,7.000000,0.000000,0.000000,-0.000000,-0.000000
2.8100,5,7,6.000000,8.000000,0.000000,0.000000,-0.000000,-0.000000
2.8100,6,0,7.000000,1.000000,0.000000,0.000000,-0.000000,-0.000000
2.8100,6,1,7.000000,2.000000,0.000000,0.000000,-0.000000,-0.000000
2.8100,6,2,7.000000,3.000000,0.000000,0.000000,-0.000000,-0.000000
2.8100,6,3,7.000000,4.000000,0.000000,0.000000,-0.000000,-0.000000
2.8100,6,4,7.010968,5.000000,0.005033,0.000000,-0.001109,-0.000000
2.8100,6,5,7.000000,6.000000,0.000000,0.000000,-0.000000,-0.000000
2.8100,6,6,7.000000,7.000000,0.000000,0.000000,-0.000000,-0.000000
2.8100,6,7,7.000000,8.000000,0.000000,0.000000,-0.000000,-0.000000
2.8100,7,0,8.000000,1.000000,0.000000,0.000000,-0.000000,-0.000000
2.8100,7,1,8.000000,2.000000,0.000000,0.000000,-0.000000,-0.000000
2.8100,7,2,8.000000,3.000000,0.000000,0.000000,-0.000000,-0.000000
2.8100,7,3,8.000000,4.000000,0.000000,0.000000,-0.000000,-0.000000
2.8100,7,4,8.001575,5.000000,0.001464,0.000000,0.000502,-0.000000
2.8100,7,5,8.000000,6.000000,0.000000,0.000000,-0.000000,-0.000000
2.8100,7,6,8.000000,7.000000,0.000000,0.000000,-0.000000,-0.000000
2.8100,7,7,8.000000,8.000000,0.000000,0.000000,-0.000000,-0.000000
2.8600,0,0,1.000000,1.000000,0.000000,0.000000,-0.000000,-0.000000
2.8600,0,1,1.000000,2.000000,0.000000,0.000000,-0.000000,-0.000000
2.8600,0,2,1.000000,3.000000,0.000000,0.000000,-0.000000,-0.000000
2.8600,0,3,1.000000,4.000000,0.000000,0.000000,-0.000000,-0.000000
2.8600,0,4,1.000160,5.000000,0.000227,0.000000,0.000203,-0.000000
2.8600,0,5,1.000000,6.000000,0.000000,0.000000,-0.000000,-0.000000
2.8600,0,6,1.000000,7.000000,0.000000,0.000000,-0.000000,-0.000000
2.8600,0,7,1.000000,8.000000,0.000000,0.000000,-0.000000,-0.000000
2.8600,1,0,2.000000,1.000000,0.000000,0.000000,-0.000000,-0.000000
2.8600,1,1,2.000000,2.000000,0.000000,0.000000,-0.000000,-0.000000
2.8600,1,2,2.000000,3.000000,0.000000,0.000000,-0.000000,-0.000000
2.8600,1,3,2.000000,4.000000,0.000000,0.000000,-0.000000,-0.000000
2.8600,1,4,2.001660,5.000000,0.001510,0.000000,0.000513,-0.000000
2.8600,1,5,2.000000,6.000000,0.000000,0.000000,-0.000000,-0.000000
2.8600,1,6,2.000000,7.000000,0.000000,0.000000,-0.000000,-0.000000
2.8600,1,7,2.000000,8.000000,0.000000,0.000000,-0.000000,-0.000000
2.8600,2,0,3.000000,1.000000,0.000000,0.000000,-0.000000,-0.000000
2.8600,2,1,3.000000,2.000000,0.000000,0.000000,-0.000000,-0.000000
2.8600,2,2,3.000000,3.000000,0.000000,0.000000,-0.000000,-0.000000
2.8600,2,3,3.000000,4.000000,0.000000,0.000000,-0.000000,-0.000000
2.8600,2,4,3.011218,5.000000,0.004978,0.000000,-0.001135,-0.000000
2.8600,2,5,3.000000,6.000000,0.000000,0.000000,-0.000000,-0.000000
2.8600,2,6,3.000000,7.000000,0.000000,0.000000,-0.000000,-0.000000
2.8600,2,7,3.000000,8.000000,0.000000,0.000000,-0.000000,-0.000000
2.8600,3,0,4.000000,1.000000,0.000000,0.000000,-0.000000,-0.000000
2.8600,3,1,4.000000,2.000000,0.000000,0.000000,-0.000000,-0.000000
2.8600,3,2,4.000000,3.000000,0.000000,0.000000,-0.000000,-0.000000
2.8600,3,3,4.000000,4.000000,0.000000,0.000000,-0.000000,-0.000000
2.8600,3,4,4.044529,5.000000,0.002250,0.000000,-0.004289,-0.000000
2.8600,3,5,4.000000,6.000000,0.000000,0.000000,-0.000000,-0.000000
2.8600,3,6,4.000000,7.000000,0.000000,0.000000,-0.000000,-0.000000
2.8600,3,7,4.000000,8.000000,0.000000,0.000000,-0.000000,-0.000000
2.8600,4,0,5.000000,1.000080,0.000000,0.000114,-0.000000,0.000102
2.8600,4,1,5.000000,2.000830,0.000000,0.000755,-0.000000,0.000257
2.8600,4,2,5.000000,3.005609,0.000000,0.002489,-0.000000,-0.000567
2.8600,4,3,5.000000,4.022265,0.000000,0.001125,-0.000000,-0.002144
2.8600,4,4,5.084841,5.042421,-0.017980,-0.008990,0.009338,0.004669
2.8600,4,5,5.000000,6.022265,0.000000,0.001125,-0.000000,-0.002144
2.8600,4,6,5.000000,7.005609,0.000000,0.002489,-0.000000,-0.000569
2.8600,4,7,5.000000,8.000825,0.000000,0.000744,-0.000000,0.000241
2.8600,5,0,6.000000,1.000000,0.000000,0.000000,-0.000000,-0.000000
2.8600,5,1,6.000000,2.000000,0.000000,0.000000,-0.000000,-0.000000
2.8600,5,2,6.000000,3.000000,0.000000,0.000000,-0.000000,-0.000000
2.8600,5,3,6.000000,4.000000,0.000000,0.000000,-0.000000,-0.000000
2.8600,5,4,6.044529,5.000000,0.002250,0.000000,-0.004289,-0.000000
2.8600,5,5,6.000000,6.000000,0.000000,0.000000,-0.000000,-0.000000
2.8600,5,6,6.000000,7.000000,0.000000,0.000000,-0.000000,-0.000000
2.8600,5,7,6.000000,8.000000,0.000000,0.000000,-0.000000,-0.000000
2.8600,6,0,7.000000,1.000000,0.000000,0.000000,-0.000000,-0.000000
2.8600,6,1,7.000000,2.000000,0.000000,0.000000,-0.000000,-0.000000
2.8600,6,2,7.000000,3.000000,0.000000,0.000000,-0.000000,-0.000000
2.8600,6,3,7.000000,4.000000,0.000000,0.000000,-0.000000,-0.000000
2.8600,6,4,7.011218,5.000000,0.004977,0.000000,-0.001138,-0.000000
2.8600,6,5,7.000000,6.000000,0.000000,0.000000,-0.000000,-0.000000
2.8600,6,6,7.000000,7.000000,0.000000,0.000000,-0.000000,-0.000000
2.8600,6,7,7.000000,8.000000,0.000000,0.000000,-0.000000,-0.000000
2.8600,7,0,8.000000,1.000000,0.000000,0.000000,-0.000000,-0.000000
2.8600,7,1,8.000000,2.000000,0.000000,0.000000,-0.000000,-0.000000
2.8600,7,2,8.000000,3.000000,0.000000,0.000000,-0.000000,-0.000000
2.8600,7,3,8.000000,4.000000,0.000000,0.000000,-0.000000,-0.000000
2.8600,7,4,8.001649,5.000000,0.001488,0.000000,0.000482,-0.000000
2.8600,7,5,8.000000,6.000000,0.000000,0.000000,-0.000000,-0.000000
2.8600,7,6,8.000000,7.000000,0.000000,0.000000,-0.000000,-0.000000
2.8600,7,7,8.000000,8.000000,0.000000,0.000000,-0.000000,-0.000000
2.9100,0,0,1.000000,1.000000,0.000000,0.000000,-0.000000,-0.000000
2.9100,0,1,1.000000,2.000000,0.000000,0.000000,-0.000000,-0.000000
2.9100,0,2,1.000000,3.000000,0.000000,0.000000,-0.000000,-0.000000
2.9100,0,3,1.000000,4.000000,0.000000,0.000000,-0.000000,-0.000000
2.9100,0,4,1.000172,5.000000,0.000237,0.000000,0.000205,-0.000000
2.9100,0,5,1.000000,6.000000,0.000000,0.000000,-0.000000,-0.000000
2.9100,0,6,1.000000,7.000000,0.000000,0.000000,-0.000000,-0.000000
2.9100,0,7,1.000000,8.000000,0.000000,0.000000,-0.000000,-0.000000
2.9100,1,0,2.000000,1.000000,0.000000,0.000000,-0.000000,-0.000000
2.9100,1,1,2.000000,2.000000,0.000000,0.000000,-0.000000,-0.000000
2.9100,1,2,2.000000,3.000000,0.000000,0.000000,-0.000000,-0.000000
2.9100,1,3,2.000000,4.000000,0.000000,0.000000,-0.000000,-0.000000
2.9100,1,4,2.001736,5.000000,0.001535,0.000000,0.000494,-0.000000
2.9100,1,5,2.000000,6.000000,0.000000,0.000000,-0.000000,-0.000000
2.9100,1,6,2.000000,7.000000,0.000000,0.000000,-0.000000,-0.000000
2.9100,1,7,2.000000,8.000000,0.000000,0.000000,-0.000000,-0.000000
2.9100,2,0,3.000000,1.000000,0.000000,0.000000,-0.000000,-0.000000
2.9100,2,1,3.000000,2.000000,0.000000,0.000000,-0.000000,-0.000000
2.9100,2,2,3.000000,3.000000,0.000000,0.000000,-0.000000,-0.000000
2.9100,2,3,3.000000,4.000000,0.000000,0.000000,-0.000000,-0.000000
2.9100,2,4,3.011466,5.000000,0.004921,0.000000,-0.001160,-0.000000
2.9100,2,5,3.000000,6.000000,0.000000,0.000000,-0.000000,-0.000000
2.9100,2,6,3.000000,7.000000,0.000000,0.000000,-0.000000,-0.000000
2.9100,2,7,3.000000,8.000000,0.000000,0.000000,-0.000000,-0.000000
2.9100,3,0,4.000000,1.000000,0.000000,0.000000,-0.000000,-0.000000
2.9100,3,1,4.000000,2.000000,0.000000,0.000000,-0.000000,-0.000000
2.9100,3,2,4.000000,3.000000,0.000000,0.000000,-0.000000,-0.000000
2.9100,3,3,4.000000,4.000000,0.000000,0.000000,-0.000000,-0.000000
2.9100,3,4,4.044635,5.000000,0.002040,0.000000,-0.004090,-0.000000
2.9100,3,5,4.000000,6.000000,0.000000,0.000000,-0.000000,-0.000000
2.9100,3,6,4.000000,7.000000,0.000000,0.000000,-0.000000,-0.000000
2.9100,3,7,4.000000,8.000000,0.000000,0.000000,-0.000000,-0.000000
2.9100,4,0,5.000000,1.000086,0.000000,0.000119,-0.000000,0.000103
2.9100,4,1,5.000000,2.000868,0.000000,0.000768,-0.000000,0.000247
2.9100,4,2,5.000000,3.005733,0.000000,0.002461,-0.000000,-0.000580
2.9100,4,3,5.000000,4.022318,0.000000,0.001020,-0.000000,-0.002045
2.9100,4,4,5.083956,5.041978,-0.017521,-0.008760,0.009023,0.004512
2.9100,4,5,5.000000,6.022318,0.000000,0.001020,-0.000000,-0.002045
2.9100,4,6,5.000000,7.005733,0.000000,0.002460,-0.000000,-0.000582
2.9100,4,7,5.000000,8.000862,0.000000,0.000756,-0.000000,0.000230
2.9100,5,0,6.000000,1.000000,0.000000,0.000000,-0.000000,-0.000000
2.9100,5,1,6.000000,2.000000,0.000000,0.000000,-0.000000,-0.000000
2.9100,5,2,6.000000,3.000000,0.000000,0.000000,-0.000000,-0.000000
2.9100,5,3,6.000000,4.000000,0.000000,0.000000,-0.000000,-0.000000
2.9100,5,4,6.044635,5.000000,0.002040,0.000000,-0.004090,-0.000000
2.9100,5,5,6.000000,6.000000,0.000000,0.000000,-0.000000,-0.000000
2.9100,5,6,6.000000,7.000000,0.000000,0.000000,-0.000000,-0.000000
2.9100,5,7,6.000000,8.000000,0.000000,0.000000,-0.000000,-0.000000
2.9100,6,0,7.000000,1.000000,0.000000,0.000000,-0.000000,-0.000000
2.9100,6,1,7.000000,2.000000,0.000000,0.000000,-0.000000,-0.000000
2.9100,6,2,7.000000,3.000000,0.000000,0.000000,-0.000000,-0.000000
2.9100,6,3,7.000000,4.000000,0.000000,0.000000,-0.000000,-0.000000
2.9100,6,4,7.011465,5.000000,0.004920,0.000000,-0.001164,-0.000000
2.9100,6,5,7.000000,6.000000,0.000000,0.000000,-0.000000,-0.000000
2.9100,6,6,7.000000,7.000000,0.000000,0.000000,-0.000000,-0.000000
2.9100,6,7,7.000000,8.000000,0.000000,0.000000,-0.000000,-0.000000
2.9100,7,0,8.000000,1.000000,0.000000,0.000000,-0.000000,-0.000000
2.9100,7,1,8.000000,2.000000,0.000000,0.000000,-0.000000,-0.000000
2.9100,7,2,8.000000,3.000000,0.000000,0.000000,-0.000000,-0.000000
2.9100,7,3,8.000000,4.000000,0.000000,0.000000,-0.000000,-0.000000
2.9100,7,4,8.001724,5.000000,0.001512,0.000000,0.000461,-0.000000
2.9100,7,5,8.000000,6.000000,0.000000,0.000000,-0.000000,-0.000000
2.9100,7,6,8.000000,7.000000,0.000000,0.000000,-0.000000,-0.000000
2.9100,7,7,8.000000,8.000000,0.000000,0.000000,-0.000000,-0.000000
2.9600,0,0,1.000000,1.000000,0.000000,0.000000,-0.000000,-0.000000
2.9600,0,1,1.000000,2.000000,0.000000,0.000000,-0.000000,-0.000000
2.9600,0,2,1.000000,3.000000,0.000000,0.000000,-0.000000,-0.000000
2.9600,0,3,1.000000,4.000000,0.000000,0.000000,-0.000000,-0.000000
2.9600,0,4,1.000184,5.000000,0.000248,0.000000,0.000207,-0.000000
2.9600,0,5,1.000000,6.000000,0.000000,0.000000,-0.000000,-0.000000
2.9600,0,6,1.000000,7.000000,0.000000,0.000000,-0.000000,-0.000000
2.9600,0,7,1.000000,8.000000,0.000000,0.000000,-0.000000,-0.000000
2.9600,1,0,2.000000,1.000000,0.000000,0.000000,-0.000000,-0.000000
2.9600,1,1,2.000000,2.000000,0.000000,0.000000,-0.000000,-0.000000
2.9600,1,2,2.000000,3.000000,0.000000,0.000000,-0.000000,-0.000000
2.9600,1,3,2.000000,4.000000,0.000000,0.000000,-0.000000,-0.000000
2.9600,1,4,2.001814,5.000000,0.001559,0.000000,0.000474,-0.000000
2.9600,1,5,2.000000,6.000000,0.000000,0.000000,-0.000000,-0.000000
2.9600,1,6,2.000000,7.000000,0.000000,0.000000,-0.000000,-0.000000
2.9600,1,7,2.000000,8.000000,0.000000,0.000000,-0.000000,-0.000000
2.9600,2,0,3.000000,1.000000,0.000000,0.000000,-0.000000,-0.000000
2.9600,2,1,3.000000,2.000000,0.000000,0.000000,-0.000000,-0.000000
2.9600,2,2,3.000000,3.000000,0.000000,0.000000,-0.000000,-0.000000
2.9600,2,3,3.000000,4.000000,0.000000,0.000000,-0.000000,-0.000000
2.9600,2,4,3.011710,5.000000,0.004862,0.000000,-0.001183,-0.000000
2.9600,2,5,3.000000,6.000000,0.000000,0.000000,-0.000000,-0.000000
2.9600,2,6,3.000000,7.000000,0.000000,0.000000,-0.000000,-0.000000
2.9600,2,7,3.000000,8.000000,0.000000,0.000000,-0.000000,-0.000000
2.9600,3,0,4.000000,1.000000,0.000000,0.000000,-0.000000,-0.000000
2.9600,3,1,4.000000,2.000000,0.000000,0.000000,-0.000000,-0.000000
2.9600,3,2,4.000000,3.000000,0.000000,0.000000,-0.000000,-0.000000
2.9600,3,3,4.000000,4.000000,0.000000,0.000000,-0.000000,-0.000000
2.9600,3,4,4.044731,5.000000,0.001841,0.000000,-0.003900,-0.000000
2.9600,3,5,4.000000,6.000000,0.000000,0.000000,-0.000000,-0.000000
2.9600,3,6,4.000000,7.000000,0.000000,0.000000,-0.000000,-0.000000
2.9600,3,7,4.000000,8.000000,0.000000,0.000000,-0.000000,-0.000000
2.9600,4,0,5.000000,1.000092,0.000000,0.000124,-0.000000,0.000103
2.9600,4,1,5.000000,2.000907,0.000000,0.000780,-0.000000,0.000237
2.9600,4,2,5.000000,3.005855,0.000000,0.002431,-0.000000,-0.000592
2.9600,4,3,5.000000,4.022366,0.000000,0.000920,-0.000000,-0.001950
2.9600,4,4,5.083093,5.041547,-0.017077,-0.008539,0.008721,0.004360
2.9600,4,5,5.000000,6.022366,0.000000,0.000920,-0.000000,-0.001950
2.9600,4,6,5.000000,7.005855,0.000000,0.002430,-0.000000,-0.000593
2.9600,4,7,5.000000,8.000900,0.000000,0.000767,-0.000000,0.000220
2.9600,5,0,6.000000,1.000000,0.000000,0.000000,-0.000000,-0.000000
2.9600,5,1,6.000000,2.000000,0.000000,0.000000,-0.000000,-0.000000
2.9600,5,2,6.000000,3.000000,0.000000,0.000000,-0.000000,-0.000000
2.9600,5,3,6.000000,4.000000,0.000000,0.000000,-0.000000,-0.000000
2.9600,5,4,6.044731,5.000000,0.001841,0.000000,-0.003900,-0.000000
2.9600,5,5,6.000000,6.000000,0.000000,0.000000,-0.000000,-0.000000
2.9600,5,6,6.000000,7.000000,0.000000,0.000000,-0.000000,-0.000000
2.9600,5,7,6.000000,8.000000,0.000000,0.000000,-0.000000,-0.000000
2.9600,6,0,7.000000,1.000000,0.000000,0.000000,-0.000000,-0.000000
2.9600,6,1,7.000000,2.000000,0.000000,0.000000,-0.000000,-0.000000
2.9600,6,2,7.000000,3.000000,0.000000,0.000000,-0.000000,-0.000000
2.9600,6,3,7.000000,4.000000,0.000000,0.000000,-0.000000,-0.000000
2.9600,6,4,7.011709,5.000000,0.004861,0.000000,-0.001186,-0.000000
2.9600,6,5,7.000000,6.000000,0.000000,0.000000,-0.000000,-0.000000
2.9600,6,6,7.000000,7.000000,0.000000,0.000000,-0.000000,-0.000000
2.9600,6,7,7.000000,8.000000,0.000000,0.000000,-0.000000,-0.000000
2.9600,7,0,8.000000,1.000000,0.000000,0.000000,-0.000000,-0.000000
2.9600,7,1,8.000000,2.000000,0.000000,0.000000,-0.000000,-0.000000
2.9600,7,2,8.000000,3.000000,0.000000,0.000000,-0.000000,-0.000000
2.9600,7,3,8.000000,4.000000,0.000000,0.000000,-0.000000,-0.000000
2.9600,7,4,8.001800,5.000000,0.001535,0.000000,0.000440,-0.000000
2.9600,7,5,8.000000,6.000000,0.000000,0.000000,-0.000000,-0.000000
2.9600,7,6,8.000000,7.000000,0.000000,0.000000,-0.000000,-0.000000
2.9600,7,7,8.000000,8.000000,0.000000,0.000000,-0.000000,-0.000000
3.0100,0,0,1.000000,1.000000,0.000000,0.000000,-0.000000,-0.000000
3.0100,0,1,1.000000,2.000000,0.000000,0.000000,-0.000000,-0.000000
3.0100,0,2,1.000000,3.000000,0.000000,0.000000,-0.000000,-0.000000
3.0100,0,3,1.000000,4.000000,0.000000,0.000000,-0.000000,-0.000000
3.0100,0,4,1.000196,5.000000,0.000258,0.000000,0.000208,-0.000000
3.0100,0,5,1.000000,6.000000,0.000000,0.000000,-0.000000,-0.000000
3.0100,0,6,1.000000,7.000000,0.000000,0.000000,-0.000000,-0.000000
3.0100,0,7,1.000000,8.000000,0.000000,0.000000,-0.000000,-0.000000
3.0100,1,0,2.000000,1.000000,0.000000,0.000000,-0.000000,-0.000000
3.0100,1,1,2.000000,2.000000,0.000000,0.000000,-0.000000,-0.000000
3.0100,1,2,2.000000,3.000000,0.000000,0.000000,-0.000000,-0.000000
3.0100,1,3,2.000000,4.000000,0.000000,0.000000,-0.000000,-0.000000
3.0100,1,4,2.001892,5.000000,0.001582,0.000000,0.000455,-0.000000
3.0100,1,5,2.000000,6.000000,0.000000,0.000000,-0.000000,-0.000000
3.0100,1,6,2.000000,7.000000,0.000000,0.000000,-0.000000,-0.000000
3.0100,1,7,2.000000,8.000000,0.000000,0.000000,-0.000000,-0.000000
3.0100,2,0,3.000000,1.000000,0.000000,0.000000,-0.000000,-0.000000
3.0100,2,1,3.000000,2.000000,0.000000,0.000000,-0.000000,-0.000000
3.0100,2,2,3.000000,3.000000,0.000000,0.000000,-0.000000,-0.000000
3.0100,2,3,3.000000,4.000000,0.000000,0.000000,-0.000000,-0.000000
3.0100,2,4,3.011951,5.000000,0.004803,0.000000,-0.001203,-0.000000
3.0100,2,5,3.000000,6.000000,0.000000,0.000000,-0.000000,-0.000000
3.0100,2,6,3.000000,7.000000,0.000000,0.000000,-0.000000,-0.000000
3.0100,2,7,3.000000,8.000000,0.000000,0.000000,-0.000000,-0.000000
3.0100,3,0,4.000000,1.000000,0.000000,0.000000,-0.000000,-0.000000
3.0100,3,1,4.000000,2.000000,0.000000,0.000000,-0.000000,-0.000000
3.0100,3,2,4.000000,3.000000,0.000000,0.000000,-0.000000,-0.000000
3.0100,3,3,4.000000,4.000000,0.000000,0.000000,-0.000000,-0.000000
3.0100,3,4,4.044818,5.000000,0.001650,0.000000,-0.003719,-0.000000
3.0100,3,5,4.000000,6.000000,0.000000,0.000000,-0.000000,-0.000000
3.0100,3,6,4.000000,7.000000,0.000000,0.000000,-0.000000,-0.000000
3.0100,3,7,4.000000,8.000000,0.000000,0.000000,-0.000000,-0.000000
3.0100,4,0,5.000000,1.000098,0.000000,0.000129,-0.000000,0.000104
3.0100,4,1,5.000000,2.000946,0.000000,0.000791,-0.000000,0.000227
3.0100,4,2,5.000000,3.005976,0.000000,0.002401,-0.000000,-0.000602
3.0100,4,3,5.000000,4.022409,0.000000,0.000825,-0.000000,-0.001859
3.0100,4,4,5.082253,5.041126,-0.016648,-0.008324,0.008429,0.004215
3.0100,4,5,5.000000,6.022409,0.000000,0.000825,-0.000000,-0.001859
3.0100,4,6,5.000000,7.005975,0.000000,0.002400,-0.000000,-0.000603
3.0100,4,7,5.000000,8.000939,0.000000,0.000778,-0.000000,0.000209
3.0100,5,0,6.000000,1.000000,0.000000,0.000000,-0.000000,-0.000000
3.0100,5,1,6.000000,2.000000,0.000000,0.000000,-0.000000,-0.000000
3.0100,5,2,6.000000,3.000000,0.000000,0.000000,-0.000000,-0.000000
3.0100,5,3,6.000000,4.000000,0.000000,0.000000,-0.000000,-0.000000
3.0100,5,4,6.044818,5.000000,0.001650,0.000000,-0.003719,-0.000000
3.0100,5,5,6.000000,6.000000,0.000000,0.000000,-0.000000,-0.000000
3.0100,5,6,6.000000,7.000000,0.000000,0.000000,-0.000000,-0.000000
3.0100,5,7,6.000000,8.000000,0.000000,0.000000,-0.000000,-0.000000
3.0100,6,0,7.000000,1.000000,0.000000,0.000000,-0.000000,-0.000000
3.0100,6,1,7.000000,2.000000,0.000000,0.000000,-0.000000,-0.000000
3.0100,6,2,7.000000,3.000000,0.000000,0.000000,-0.000000,-0.000000
3.0100,6,3,7.000000,4.000000,0.000000,0.000000,-0.000000,-0.000000
3.0100,6,4,7.011951,5.000000,0.004801,0.000000,-0.001207,-0.000000
3.0100,6,5,7.000000,6.000000,0.000000,0.000000,-0.000000,-0.000000
3.0100,6,6,7.000000,7.000000,0.000000,0.000000,-0.000000,-0.000000
3.0100,6,7,7.000000,8.000000,0.000000,0.000000,-0.000000,-0.000000
3.0100,7,0,8.000000,1.000000,0.000000,0.000000,-0.000000,-0.000000
3.0100,7,1,8.000000,2.000000,0.000000,0.000000,-0.000000,-0.000000
3.0100,7,2,8.000000,3.000000,0.000000,0.000000,-0.000000,-0.000000
3.0100,7,3,8.000000,4.000000,0.000000,0.000000,-0.000000,-0.000000
3.0100,7,4,8.001878,5.000000,0.001556,0.000000,0.000419,-0.000000
3.0100,7,5,8.000000,6.000000,0.000000,0.000000,-0.000000,-0.000000
3.0100,7,6,8.000000,7.000000,0.000000,0.000000,-0.000000,-0.000000
3.0100,7,7,8.000000,8.000000,0.000000,0.000000,-0.000000,-0.000000
3.0600,0,0,1.000000,1.000000,0.000000,0.000000,-0.000000,-0.000000
3.0600,0,1,1.000000,2.000000,0.000000,0.000000,-0.000000,-0.000000
3.0600,0,2,1.000000,3.000000,0.000000,0.000000,-0.000000,-0.000000
3.0600,0,3,1.000000,4.000000,0.000000,0.000000,-0.000000,-0.000000
3.0600,0,4,1.000210,5.000000,0.000269,0.000000,0.000209,-0.000000
3.0600,0,5,1.000000,6.000000,0.000000,0.000000,-0.000000,-0.000000
3.0600,0,6,1.000000,7.000000,0.000000,0.000000,-0.000000,-0.000000
3.0600,0,7,1.000000,8.000000,0.000000,0.000000,-0.000000,-0.000000
3.0600,1,0,2.000000,1.000000,0.000000,0.000000,-0.000000,-0.000000
3.0600,1,1,2.000000,2.000000,0.000000,0.000000,-0.000000,-0.000000
3.0600,1,2,2.000000,3.000000,0.000000,0.000000,-0.000000,-0.000000
3.0600,1,3,2.000000,4.000000,0.000000,0.000000,-0.000000,-0.000000
3.0600,1,4,2.001972,5.000000,0.001605,0.000000,0.000435,-0.000000
3.0600,1,5,2.000000,6.000000,0.000000,0.000000,-0.000000,-0.000000
3.0600,1,6,2.000000,7.000000,0.000000,0.000000,-0.000000,-0.000000
3.0600,1,7,2.000000,8.000000,0.000000,0.000000,-0.000000,-0.000000
3.0600,2,0,3.000000,1.000000,0.000000,0.000000,-0.000000,-0.000000
3.0600,2,1,3.000000,2.000000,0.000000,0.000000,-0.000000,-0.000000
3.0600,2,2,3.000000,3.000000,0.000000,0.000000,-0.000000,-0.000000
3.0600,2,3,3.000000,4.000000,0.000000,0.000000,-0.000000,-0.000000
3.0600,2,4,3.012190,5.000000,0.004742,0.000000,-0.001220,-0.000000
3.0600,2,5,3.000000,6.000000,0.000000,0.000000,-0.000000,-0.000000
3.0600,2,6,3.000000,7.000000,0.000000,0.000000,-0.000000,-0.000000
3.0600,2,7,3.000000,8.000000,0.000000,0.000000,-0.000000,-0.000000
3.0600,3,0,4.000000,1.000000,0.000000,0.000000,-0.000000,-0.000000
3.0600,3,1,4.000000,2.000000,0.000000,0.000000,-0.000000,-0.000000
3.0600,3,2,4.000000,3.000000,0.000000,0.000000,-0.000000,-0.000000
3.0600,3,3,4.000000,4.000000,0.000000,0.000000,-0.000000,-0.000000
3.0600,3,4,4.044895,5.000000,0.001469,0.000000,-0.003545,-0.000000
3.0600,3,5,4.000000,6.000000,0.000000,0.000000,-0.000000,-0.000000
3.0600,3,6,4.000000,7.000000,0.000000,0.000000,-0.000000,-0.000000
3.0600,3,7,4.000000,8.000000,0.000000,0.000000,-0.000000,-0.000000
3.0600,4,0,5.000000,1.000105,0.000000,0.000134,-0.000000,0.000105
3.0600,4,1,5.000000,2.000986,0.000000,0.000802,-0.000000,0.000218
3.0600,4,2,5.000000,3.006095,0.000000,0.002371,-0.000000,-0.000610
3.0600,4,3,5.000000,4.022447,0.000000,0.000734,-0.000000,-0.001772
3.0600,4,4,5.081433,5.040716,-0.016234,-0.008117,0.008149,0.004075
3.0600,4,5,5.000000,6.022447,0.000000,0.000734,-0.000000,-0.001773
3.0600,4,6,5.000000,7.006094,0.000000,0.002370,-0.000000,-0.000612
3.0600,4,7,5.000000,8.000978,0.000000,0.000788,-0.000000,0.000199
3.0600,5,0,6.000000,1.000000,0.000000,0.000000,-0.000000,-0.000000
3.0600,5,1,6.000000,2.000000,0.000000,0.000000,-0.000000,-0.000000
3.0600,5,2,6.000000,3.000000,0.000000,0.000000,-0.000000,-0.000000
3.0600,5,3,6.000000,4.000000,0.000000,0.000000,-0.000000,-0.000000
3.0600,5,4,6.044895,5.000000,0.001469,0.000000,-0.003545,-0.000000
3.0600,5,5,6.000000,6.000000,0.000000,0.000000,-0.000000,-0.000000
3.0600,5,6,6.000000,7.000000,0.000000,0.000000,-0.000000,-0.000000
3.0600,5,7,6.000000,8.000000,0.000000,0.000000,-0.000000,-0.000000
3.0600,6,0,7.000000,1.000000,0.000000,0.000000,-0.000000,-0.000000
3.0600,6,1,7.000000,2.000000,0.000000,0.000000,-0.000000,-0.000000
3.0600,6,2,7.000000,3.000000,0.000000,0.000000,-0.000000,-0.000000
3.0600,6,3,7.000000,4.000000,0.000000,0.000000,-0.000000,-0.000000
3.0600,6,4,7.012189,5.000000,0.004740,0.000000,-0.001224,-0.000000
3.0600,6,5,7.000000,6.000000,0.000000,0.000000,-0.000000,-0.000000
3.0600,6,6,7.000000,7.000000,0.000000,0.000000,-0.000000,-0.000000
3.0600,6,7,7.000000,8.000000,0.000000,0.000000,-0.000000,-0.000000
3.0600,7,0,8.000000,1.000000,0.000000,0.000000,-0.000000,-0.000000
3.0600,7,1,8.000000,2.000000,0.000000,0.000000,-0.000000,-0.000000
3.0600,7,2,8.000000,3.000000,0.000000,0.000000,-0.000000,-0.000000
3.0600,7,3,8.000000,4.000000,0.000000,0.000000,-0.000000,-0.000000
3.0600,7,4,8.001956,5.000000,0.001576,0.000000,0.000398,-0.000000
3.0600,7,5,8.000000,6.000000,0.000000,0.000000,-0.000000,-0.000000
3.0600,7,6,8.000000,7.000000,0.000000,0.000000,-0.000000,-0.000000
3.0600,7,7,8.000000,8.000000,0.000000,0.000000,-0.000000,-0.000000
3.1100,0,0,1.000000,1.000000,0.000000,0.000000,-0.000000,-0.000000
3.1100,0,1,1.000000,2.000000,0.000000,0.000000,-0.000000,-0.000000
3.1100,0,2,1.000000,3.000000,0.000000,0.000000,-0.000000,-0.000000
3.1100,0,3,1.000000,4.000000,0.000000,0.000000,-0.000000,-0.000000
3.1100,0,4,1.000223,5.000000,0.000279,0.000000,0.000210,-0.000000
3.1100,0,5,1.000000,6.000000,0.000000,0.000000,-0.000000,-0.000000
3.1100,0,6,1.000000,7.000000,0.000000,0.000000,-0.000000,-0.000000
3.1100,0,7,1.000000,8.000000,0.000000,0.000000,-0.000000,-0.000000
3.1100,1,0,2.000000,1.000000,0.000000,0.000000,-0.000000,-0.000000
3.1100,1,1,2.000000,2.000000,0.000000,0.000000,-0.000000,-0.000000
3.1100,1,2,2.000000,3.000000,0.000000,0.000000,-0.000000,-0.000000
3.1100,1,3,2.000000,4.000000,0.000000,0.000000,-0.000000,-0.000000
3.1100,1,4,2.002053,5.000000,0.001626,0.000000,0.000416,-0.000000
3.1100,1,5,2.000000,6.000000,0.000000,0.000000,-0.000000,-0.000000
3.1100,1,6,2.000000,7.000000,0.000000,0.000000,-0.000000,-0.000000
3.1100,1,7,2.000000,8.000000,0.000000,0.000000,-0.000000,-0.000000
3.1100,2,0,3.000000,1.000000,0.000000,0.000000,-0.000000,-0.000000
3.1100,2,1,3.000000,2.000000,0.000000,0.000000,-0.000000,-0.000000
3.1100,2,2,3.000000,3.000000,0.000000,0.000000,-0.000000,-0.000000
3.1100,2,3,3.000000,4.000000,0.000000,0.000000,-0.000000,-0.000000
3.1100,2,4,3.012425,5.000000,0.004681,0.000000,-0.001235,-0.000000
3.1100,2,5,3.000000,6.000000,0.000000,0.000000,-0.000000,-0.000000
3.1100,2,6,3.000000,7.000000,0.000000,0.000000,-0.000000,-0.000000
3.1100,2,7,3.000000,8.000000,0.000000,0.000000,-0.000000,-0.000000
3.1100,3,0,4.000000,1.000000,0.000000,0.000000,-0.000000,-0.000000
3.1100,3,1,4.000000,2.000000,0.000000,0.000000,-0.000000,-0.000000
3.1100,3,2,4.000000,3.000000,0.000000,0.000000,-0.000000,-0.000000
3.1100,3,3,4.000000,4.000000,0.000000,0.000000,-0.000000,-0.000000
3.1100,3,4,4.044963,5.000000,0.001296,0.000000,-0.003379,-0.000000
3.1100,3,5,4.000000,6.000000,0.000000,0.000000,-0.000000,-0.000000
3.1100,3,6,4.000000,7.000000,0.000000,0.000000,-0.000000,-0.000000
3.1100,3,7,4.000000,8.000000,0.000000,0.000000,-0.000000,-0.000000
3.1100,4,0,5.000000,1.000112,0.000000,0.000140,-0.000000,0.000105
3.1100,4,1,5.000000,2.001026,0.000000,0.000813,-0.000000,0.000208
3.1100,4,2,5.000000,3.006212,0.000000,0.002340,-0.000000,-0.000618
3.1100,4,3,5.000000,4.022481,0.000000,0.000648,-0.000000,-0.001689
3.1100,4,4,5.080633,5.040316,-0.015833,-0.007917,0.007879,0.003940
3.1100,4,5,5.000000,6.022481,0.000000,0.000648,-0.000000,-0.001690
3.1100,4,6,5.000000,7.006212,0.000000,0.002339,-0.000000,-0.000620
3.1100,4,7,5.000000,8.001018,0.000000,0.000798,-0.000000,0.000189
3.1100,5,0,6.000000,1.000000,0.000000,0.000000,-0.000000,-0.000000
3.1100,5,1,6.000000,2.000000,0.000000,0.000000,-0.000000,-0.000000
3.1100,5,2,6.000000,3.000000,0.000000,0.000000,-0.000000,-0.000000
3.1100,5,3,6.000000,4.000000,0.000000,0.000000,-0.000000,-0.000000
3.1100,5,4,6.044963,5.000000,0.001296,0.000000,-0.003379,-0.000000
3.1100,5,5,6.000000,6.000000,0.000000,0.000000,-0.000000,-0.000000
3.1100,5,6,6.000000,7.000000,0.000000,0.000000,-0.000000,-0.000000
3.1100,5,7,6.000000,8.000000,0.000000,0.000000,-0.000000,-0.000000
3.1100,6,0,7.000000,1.000000,0.000000,0.000000,-0.000000,-0.000000
3.1100,6,1,7.000000,2.000000,0.000000,0.000000,-0.000000,-0.000000
3.1100,6,2,7.000000,3.000000,0.000000,0.000000,-0.000000,-0.000000
3.1100,6,3,7.000000,4.000000,0.000000,0.000000,-0.000000,-0.000000
3.1100,6,4,7.012424,5.000000,0.004679,0.000000,-0.001239,-0.000000
3.1100,6,5,7.000000,6.000000,0.000000,0.000000,-0.000000,-0.000000
3.1100,6,6,7.000000,7.000000,0.000000,0.000000,-0.000000,-0.000000
3.1100,6,7,7.000000,8.000000,0.000000,0.000000,-0.000000,-0.000000
3.1100,7,0,8.000000,1.000000,0.000000,0.000000,-0.000000,-0.000000
3.1100,7,1,8.000000,2.000000,0.000000,0.000000,-0.000000,-0.000000
3.1100,7,2,8.000000,3.000000,0.000000,0.000000,-0.000000,-0.000000
3.1100,7,3,8.000000,4.000000,0.000000,0.000000,-0.000000,-0.000000
3.1100,7,4,8.002036,5.000000,0.001596,0.000000,0.000378,-0.000000
3.1100,7,5,8.000000,6.000000,0.000000,0.000000,-0.000000,-0.000000
3.1100,7,6,8.000000,7.000000,0.000000,0.000000,-0.000000,-0.000000
3.1100,7,7,8.000000,8.000000,0.000000,0.000000,-0.000000,-0.000000
3.1600,0,0,1.000000,1.000000,0.000000,0.000000,-0.000000,-0.000000
3.1600,0,1,1.000000,2.000000,0.000000,0.000000,-0.000000,-0.000000
3.1600,0,2,1.000000,3.000000,0.000000,0.000000,-0.000000,-0.000000
3.1600,0,3,1.000000,4.000000,0.000000,0.000000,-0.000000,-0.000000
3.1600,0,4,1.000238,5.000000,0.000290,0.000000,0.000211,-0.000000
3.1600,0,5,1.000000,6.000000,0.000000,0.000000,-0.000000,-0.000000
3.1600,0,6,1.000000,7.000000,0.000000,0.000000,-0.000000,-0.000000
3.1600,0,7,1.000000,8.000000,0.000000,0.000000,-0.000000,-0.000000
3.1600,1,0,2.000000,1.000000,0.000000,0.000000,-0.000000,-0.000000
3.1600,1,1,2.000000,2.000000,0.000000,0.000000,-0.000000,-0.000000
3.1600,1,2,2.000000,3.000000,0.000000,0.000000,-0.000000,-0.000000
3.1600,1,3,2.000000,4.000000,0.000000,0.000000,-0.000000,-0.000000
3.1600,1,4,2.002135,5.000000,0.001646,0.000000,0.000397,-0.000000
3.1600,1,5,2.000000,6.000000,0.000000,0.000000,-0.000000,-0.000000
3.1600,1,6,2.000000,7.000000,0.000000,0.000000,-0.000000,-0.000000
3.1600,1,7,2.000000,8.000000,0.000000,0.000000,-0.000000,-0.000000
3.1600,2,0,3.000000,1.000000,0.000000,0.000000,-0.000000,-0.000000
3.1600,2,1,3.000000,2.000000,0.000000,0.000000,-0.000000,-0.000000
3.1600,2,2,3.000000,3.000000,0.000000,0.000000,-0.000000,-0.000000
3.1600,2,3,3.000000,4.000000,0.000000,0.000000,-0.000000,-0.000000
3.1600,2,4,3.012657,5.000000,0.004619,0.000000,-0.001248,-0.000000
3.1600,2,5,3.000000,6.000000,0.000000,0.000000,-0.000000,-0.000000
3.1600,2,6,3.000000,7.000000,0.000000,0.000000,-0.000000,-0.000000
3.1600,2,7,3.000000,8.000000,0.000000,0.000000,-0.000000,-0.000000
3.1600,3,0,4.000000,1.000000,0.000000,0.000000,-0.000000,-0.000000
3.1600,3,1,4.000000,2.000000,0.000000,0.000000,-0.000000,-0.000000
3.1600,3,2,4.000000,3.000000,0.000000,0.000000,-0.000000,-0.000000
3.1600,3,3,4.000000,4.000000,0.000000,0.000000,-0.000000,-0.000000
3.1600,3,4,4.045023,5.000000,0.001131,0.000000,-0.003220,-0.000000
3.1600,3,5,4.000000,6.000000,0.000000,0.000000,-0.000000,-0.000000
3.1600,3,6,4.000000,7.000000,0.000000,0.000000,-0.000000,-0.000000
3.1600,3,7,4.000000,8.000000,0.000000,0.000000,-0.000000,-0.000000
3.1600,4,0,5.000000,1.000119,0.000000,0.000145,-0.000000,0.000106
3.1600,4,1,5.000000,2.001067,0.000000,0.000823,-0.000000,0.000199
3.1600,4,2,5.000000,3.006329,0.000000,0.002309,-0.000000,-0.000624
3.1600,4,3,5.000000,4.022511,0.000000,0.000565,-0.000000,-0.001610
3.1600,4,4,5.079853,5.039926,-0.015446,-0.007723,0.007620,0.003810
3.1600,4,5,5.000000,6.022511,0.000000,0.000565,-0.000000,-0.001610
3.1600,4,6,5.000000,7.006328,0.000000,0.002308,-0.000000,-0.000626
3.1600,4,7,5.000000,8.001058,0.000000,0.000807,-0.000000,0.000179
3.1600,5,0,6.000000,1.000000,0.000000,0.000000,-0.000000,-0.000000
3.1600,5,1,6.000000,2.000000,0.000000,0.000000,-0.000000,-0.000000
3.1600,5,2,6.000000,3.000000,0.000000,0.000000,-0.000000,-0.000000
3.1600,5,3,6.000000,4.000000,0.000000,0.000000,-0.000000,-0.000000
3.1600,5,4,6.045023,5.000000,0.001131,0.000000,-0.003220,-0.000000
3.1600,5,5,6.000000,6.000000,0.000000,0.000000,-0.000000,-0.000000
3.1600,5,6,6.000000,7.000000,0.000000,0.000000,-0.000000,-0.000000
3.1600,5,7,6.000000,8.000000,0.000000,0.000000,-0.000000,-0.000000
3.1600,6,0,7.000000,1.000000,0.000000,0.000000,-0.000000,-0.000000
3.1600,6,1,7.000000,2.000000,0.000000,0.000000,-0.000000,-0.000000
3.1600,6,2,7.000000,3.000000,0.000000,0.000000,-0.000000,-0.000000
3.1600,6,3,7.000000,4.000000,0.000000,0.000000,-0.000000,-0.000000
3.1600,6,4,7.012656,5.000000,0.004616,0.000000,-0.001252,-0.000000
3.1600,6,5,7.000000,6.000000,0.000000,0.000000,-0.000000,-0.000000
3.1600,6,6,7.000000,7.000000,0.000000,0.000000,-0.000000,-0.000000
3.1600,6,7,7.000000,8.000000,0.000000,0.000000,-0.000000,-0.000000
3.1600,7,0,8.000000,1.000000,0.000000,0.000000,-0.000000,-0.000000
3.1600,7,1,8.000000,2.000000,0.000000,0.000000,-0.000000,-0.000000
3.1600,7,2,8.000000,3.000000,0.000000,0.000000,-0.000000,-0.000000
3.1600,7,3,8.000000,4.000000,0.000000,0.000000,-0.000000,-0.000000
3.1600,7,4,8.002116,5.000000,0.001614,0.000000,0.000357,-0.000000
3.1600,7,5,8.000000,6.000000,0.000000,0.000000,-0.000000,-0.000000
3.1600,7,6,8.000000,7.000000,0.000000,0.000000,-0.000000,-0.000000
3.1600,7,7,8.000000,8.000000,0.000000,0.000000,-0.000000,-0.000000
3.2100,0,0,1.000000,1.000000,0.000000,0.000000,-0.000000,-0.000000
3.2100,0,1,1.000000,2.000000,0.000000,0.000000,-0.000000,-0.000000
3.2100,0,2,1.000000,3.000000,0.000000,0.000000,-0.000000,-0.000000
3.2100,0,3,1.000000,4.000000,0.000000,0.000000,-0.000000,-0.000000
3.2100,0,4,1.000252,5.000000,0.000300,0.000000,0.000212,-0.000000
3.2100,0,5,1.000000,6.000000,0.000000,0.000000,-0.000000,-0.000000
3.2100,0,6,1.000000,7.000000,0.000000,0.000000,-0.000000,-0.000000
3.2100,0,7,1.000000,8.000000,0.000000,0.000000,-0.000000,-0.000000
3.2100,1,0,2.000000,1.000000,0.000000,0.000000,-0.000000,-0.000000
3.2100,1,1,2.000000,2.000000,0.000000,0.000000,-0.000000,-0.000000
3.2100,1,2,2.000000,3.000000,0.000000,0.000000,-0.000000,-0.000000
3.2100,1,3,2.000000,4.000000,0.000000,0.000000,-0.000000,-0.000000
3.2100,1,4,2.002218,5.000000,0.001666,0.000000,0.000378,-0.000000
3.2100,1,5,2.000000,6.000000,0.000000,0.000000,-0.000000,-0.000000
3.2100,1,6,2.000000,7.000000,0.000000,0.000000,-0.000000,-0.000000
3.2100,1,7,2.000000,8.000000,0.000000,0.000000,-0.000000,-0.000000
3.2100,2,0,3.000000,1.000000,0.000000,0.000000,-0.000000,-0.000000
3.2100,2,1,3.000000,2.000000,0.000000,0.000000,-0.000000,-0.000000
3.2100,2,2,3.000000,3.000000,0.000000,0.000000,-0.000000,-0.000000
3.2100,2,3,3.000000,4.000000,0.000000,0.000000,-0.000000,-0.000000
3.2100,2,4,3.012886,5.000000,0.004556,0.000000,-0.001258,-0.000000
3.2100,2,5,3.000000,6.000000,0.000000,0.000000,-0.000000,-0.000000
3.2100,2,6,3.000000,7.000000,0.000000,0.000000,-0.000000,-0.000000
3.2100,2,7,3.000000,8.000000,0.000000,0.000000,-0.000000,-0.000000
3.2100,3,0,4.000000,1.000000,0.000000,0.000000,-0.000000,-0.000000
3.2100,3,1,4.000000,2.000000,0.000000,0.000000,-0.000000,-0.000000
3.2100,3,2,4.000000,3.000000,0.000000,0.000000,-0.000000,-0.000000
3.2100,3,3,4.000000,4.000000,0.000000,0.000000,-0.000000,-0.000000
3.2100,3,4,4.045075,5.000000,0.000974,0.000000,-0.003068,-0.000000
3.2100,3,5,4.000000,6.000000,0.000000,0.000000,-0.000000,-0.000000
3.2100,3,6,4.000000,7.000000,0.000000,0.000000,-0.000000,-0.000000
3.2100,3,7,4.000000,8.000000,0.000000,0.000000,-0.000000,-0.000000
3.2100,4,0,5.000000,1.000126,0.000000,0.000150,-0.000000,0.000106
3.2100,4,1,5.000000,2.001109,0.000000,0.000833,-0.000000,0.000189
3.2100,4,2,5.000000,3.006443,0.000000,0.002278,-0.000000,-0.000629
3.2100,4,3,5.000000,4.022537,0.000000,0.000487,-0.000000,-0.001534
3.2100,4,4,5.079092,5.039546,-0.015071,-0.007536,0.007370,0.003685
3.2100,4,5,5.000000,6.022537,0.000000,0.000487,-0.000000,-0.001534
3.2100,4,6,5.000000,7.006442,0.000000,0.002277,-0.000000,-0.000632
3.2100,4,7,5.000000,8.001099,0.000000,0.000816,-0.000000,0.000168
3.2100,5,0,6.000000,1.000000,0.000000,0.000000,-0.000000,-0.000000
3.2100,5,1,6.000000,2.000000,0.000000,0.000000,-0.000000,-0.000000
3.2100,5,2,6.000000,3.000000,0.000000,0.000000,-0.000000,-0.000000
3.2100,5,3,6.000000,4.000000,0.000000,0.000000,-0.000000,-0.000000
3.2100,5,4,6.045074,5.000000,0.000973,0.000000,-0.003069,-0.000000
3.2100,5,5,6.000000,6.000000,0.000000,0.000000,-0.000000,-0.000000
3.2100,5,6,6.000000,7.000000,0.000000,0.000000,-0.000000,-0.000000
3.2100,5,7,6.000000,8.000000,0.000000,0.000000,-0.000000,-0.000000
3.2100,6,0,7.000000,1.000000,0.000000,0.000000,-0.000000,-0.000000
3.2100,6,1,7.000000,2.000000,0.000000,0.000000,-0.000000,-0.000000
3.2100,6,2,7.000000,3.000000,0.000000,0.000000,-0.000000,-0.000000
3.2100,6,3,7.000000,4.000000,0.000000,0.000000,-0.000000,-0.000000
3.2100,6,4,7.012885,5.000000,0.004553,0.000000,-0.001263,-0.000000
3.2100,6,5,7.000000,6.000000,0.000000,0.000000,-0.000000,-0.000000
3.2100,6,6,7.000000,7.000000,0.000000,0.000000,-0.000000,-0.000000
3.2100,6,7,7.000000,8.000000,0.000000,0.000000,-0.000000,-0.000000
3.2100,7,0,8.000000,1.000000,0.000000,0.000000,-0.000000,-0.000000
3.2100,7,1,8.000000,2.000000,0.000000,0.000000,-0.000000,-0.000000
3.2100,7,2,8.000000,3.000000,0.000000,0.000000,-0.000000,-0.000000
3.2100,7,3,8.000000,4.000000,0.000000,0.000000,-0.000000,-0.000000
3.2100,7,4,8.002197,5.000000,0.001632,0.000000,0.000337,-0.000000
3.2100,7,5,8.000000,6.000000,0.000000,0.000000,-0.000000,-0.000000
3.2100,7,6,8.000000,7.000000,0.000000,0.000000,-0.000000,-0.000000
3.2100,7,7,8.000000,8.000000,0.000000,0.000000,-0.000000,-0.000000
3.2600,0,0,1.000000,1.000000,0.000000,0.000000,-0.000000,-0.000000
3.2600,0,1,1.000000,2.000000,0.000000,0.000000,-0.000000,-0.000000
3.2600,0,2,1.000000,3.000000,0.000000,0.000000,-0.000000,-0.000000
3.2600,0,3,1.000000,4.000000,0.000000,0.000000,-0.000000,-0.000000
3.2600,0,4,1.000268,5.000000,0.000311,0.000000,0.000212,-0.000000
3.2600,0,5,1.000000,6.000000,0.000000,0.000000,-0.000000,-0.000000
3.2600,0,6,1.000000,7.000000,0.000000,0.000000,-0.000000,-0.000000
3.2600,0,7,1.000000,8.000000,0.000000,0.000000,-0.000000,-0.000000
3.2600,1,0,2.000000,1.000000,0.000000,0.000000,-0.000000,-0.000000
3.2600,1,1,2.000000,2.000000,0.000000,0.000000,-0.000000,-0.000000
3.2600,1,2,2.000000,3.000000,0.000000,0.000000,-0.000000,-0.000000
3.2600,1,3,2.000000,4.000000,0.000000,0.000000,-0.000000,-0.000000
3.2600,1,4,2.002302,5.000000,0.001684,0.000000,0.000360,-0.000000
3.2600,1,5,2.000000,6.000000,0.000000,0.000000,-0.000000,-0.000000
3.2600,1,6,2.000000,7.000000,0.000000,0.000000,-0.000000,-0.000000
3.2600,1,7,2.000000,8.000000,0.000000,0.000000,-0.000000,-0.000000
3.2600,2,0,3.000000,1.000000,0.000000,0.000000,-0.000000,-0.000000
3.2600,2,1,3.000000,2.000000,0.000000,0.000000,-0.000000,-0.000000
3.2600,2,2,3.000000,3.000000,0.000000,0.000000,-0.000000,-0.000000
3.2600,2,3,3.000000,4.000000,0.000000,0.000000,-0.000000,-0.000000
3.2600,2,4,3.013112,5.000000,0.004493,0.000000,-0.001267,-0.000000
3.2600,2,5,3.000000,6.000000,0.000000,0.000000,-0.000000,-0.000000
3.2600,2,6,3.000000,7.000000,0.000000,0.000000,-0.000000,-0.000000
3.2600,2,7,3.000000,8.000000,0.000000,0.000000,-0.000000,-0.000000
3.2600,3,0,4.000000,1.000000,0.000000,0.000000,-0.000000,-0.000000
3.2600,3,1,4.000000,2.000000,0.000000,0.000000,-0.000000,-0.000000
3.2600,3,2,4.000000,3.000000,0.000000,0.000000,-0.000000,-0.000000
3.2600,3,3,4.000000,4.000000,0.000000,0.000000,-0.000000,-0.000000
3.2600,3,4,4.045119,5.000000,0.000824,0.000000,-0.002923,-0.000000
3.2600,3,5,4.000000,6.000000,0.000000,0.000000,-0.000000,-0.000000
3.2600,3,6,4.000000,7.000000,0.000000,0.000000,-0.000000,-0.000000
3.2600,3,7,4.000000,8.000000,0.000000,0.000000,-0.000000,-0.000000
3.2600,4,0,5.000000,1.000134,0.000000,0.000155,-0.000000,0.000106
3.2600,4,1,5.000000,2.001151,0.000000,0.000842,-0.000000,0.000180
3.2600,4,2,5.000000,3.006556,0.000000,0.002246,-0.000000,-0.000633
3.2600,4,3,5.000000,4.022559,0.000000,0.000412,-0.000000,-0.001462
3.2600,4,4,5.078349,5.039175,-0.014709,-0.007354,0.007129,0.003565
3.2600,4,5,5.000000,6.022559,0.000000,0.000412,-0.000000,-0.001462
3.2600,4,6,5.000000,7.006555,0.000000,0.002245,-0.000000,-0.000636
3.2600,4,7,5.000000,8.001140,0.000000,0.000824,-0.000000,0.000158
3.2600,5,0,6.000000,1.000000,0.000000,0.000000,-0.000000,-0.000000
3.2600,5,1,6.000000,2.000000,0.000000,0.000000,-0.000000,-0.000000
3.2600,5,2,6.000000,3.000000,0.000000,0.000000,-0.000000,-0.000000
3.2600,5,3,6.000000,4.000000,0.000000,0.000000,-0.000000,-0.000000
3.2600,5,4,6.045119,5.000000,0.000824,0.000000,-0.002924,-0.000000
3.2600,5,5,6.000000,6.000000,0.000000,0.000000,-0.000000,-0.000000
3.2600,5,6,6.000000,7.000000,0.000000,0.000000,-0.000000,-0.000000
3.2600,5,7,6.000000,8.000000,0.000000,0.000000,-0.000000,-0.000000
3.2600,6,0,7.000000,1.000000,0.000000,0.000000,-0.000000,-0.000000
3.2600,6,1,7.000000,2.000000,0.000000,0.000000,-0.000000,-0.000000
3.2600,6,2,7.000000,3.000000,0.000000,0.000000,-0.000000,-0.000000
3.2600,6,3,7.000000,4.000000,0.000000,0.000000,-0.000000,-0.000000
3.2600,6,4,7.013111,5.000000,0.004490,0.000000,-0.001272,-0.000000
3.2600,6,5,7.000000,6.000000,0.000000,0.000000,-0.000000,-0.000000
3.2600,6,6,7.000000,7.000000,0.000000,0.000000,-0.000000,-0.000000
3.2600,6,7,7.000000,8.000000,0.000000,0.000000,-0.000000,-0.000000
3.2600,7,0,8.000000,1.000000,0.000000,0.000000,-0.000000,-0.000000
3.2600,7,1,8.000000,2.000000,0.000000,0.000000,-0.000000,-0.000000
3.2600,7,2,8.000000,3.000000,0.000000,0.000000,-0.000000,-0.000000
3.2600,7,3,8.000000,4.000000,0.000000,0.000000,-0.000000,-0.000000
3.2600,7,4,8.002279,5.000000,0.001648,0.000000,0.000317,-0.000000
3.2600,7,5,8.000000,6.000000,0.000000,0.000000,-0.000000,-0.000000
3.2600,7,6,8.000000,7.000000,0.000000,0.000000,-0.000000,-0.000000
3.2600,7,7,8.000000,8.000000,0.000000,0.000000,-0.000000,-0.000000
3.3100,0,0,1.000000,1.000000,0.000000,0.000000,-0.000000,-0.000000
3.3100,0,1,1.000000,2.000000,0.000000,0.000000,-0.000000,-0.000000
3.3100,0,2,1.000000,3.000000,0.000000,0.000000,-0.000000,-0.000000
3.3100,0,3,1.000000,4.000000,0.000000,0.000000,-0.000000,-0.000000
3.3100,0,4,1.000284,5.000000,0.000321,0.000000,0.000212,-0.000000
3.3100,0,5,1.000000,6.000000,0.000000,0.000000,-0.000000,-0.000000
3.3100,0,6,1.000000,7.000000,0.000000,0.000000,-0.000000,-0.000000
3.3100,0,7,1.000000,8.000000,0.000000,0.000000,-0.000000,-0.000000
3.3100,1,0,2.000000,1.000000,0.000000,0.000000,-0.000000,-0.000000
3.3100,1,1,2.000000,2.000000,0.000000,0.000000,-0.000000,-0.000000
3.3100,1,2,2.000000,3.000000,0.000000,0.000000,-0.000000,-0.000000
3.3100,1,3,2.000000,4.000000,0.000000,0.000000,-0.000000,-0.000000
3.3100,1,4,2.002386,5.000000,0.001702,0.000000,0.000341,-0.000000
3.3100,1,5,2.000000,6.000000,0.000000,0.000000,-0.000000,-0.000000
3.3100,1,6,2.000000,7.000000,0.000000,0.000000,-0.000000,-0.000000
3.3100,1,7,2.000000,8.000000,0.000000,0.000000,-0.000000,-0.000000
3.3100,2,0,3.000000,1.000000,0.000000,0.000000,-0.000000,-0.000000
3.3100,2,1,3.000000,2.000000,0.000000,0.000000,-0.000000,-0.000000
3.3100,2,2,3.000000,3.000000,0.000000,0.000000,-0.000000,-0.000000
3.3100,2,3,3.000000,4.000000,0.000000,0.000000,-0.000000,-0.000000
3.3100,2,4,3.013335,5.000000,0.004429,0.000000,-0.001274,-0.000000
3.3100,2,5,3.000000,6.000000,0.000000,0.000000,-0.000000,-0.000000
3.3100,2,6,3.000000,7.000000,0.000000,0.000000,-0.000000,-0.000000
3.3100,2,7,3.000000,8.000000,0.000000,0.000000,-0.000000,-0.000000
3.3100,3,0,4.000000,1.000000,0.000000,0.000000,-0.000000,-0.000000
3.3100,3,1,4.000000,2.000000,0.000000,0.000000,-0.000000,-0.000000
3.3100,3,2,4.000000,3.000000,0.000000,0.000000,-0.000000,-0.000000
3.3100,3,3,4.000000,4.000000,0.000000,0.000000,-0.000000,-0.000000
3.3100,3,4,4.045156,5.000000,0.000681,0.000000,-0.002785,-0.000000
3.3100,3,5,4.000000,6.000000,0.000000,0.000000,-0.000000,-0.000000
3.3100,3,6,4.000000,7.000000,0.000000,0.000000,-0.000000,-0.000000
3.3100,3,7,4.000000,8.000000,0.000000,0.000000,-0.000000,-0.000000
3.3100,4,0,5.000000,1.000142,0.000000,0.000161,-0.000000,0.000106
3.3100,4,1,5.000000,2.001193,0.000000,0.000851,-0.000000,0.000171
3.3100,4,2,5.000000,3.006667,0.000000,0.002215,-0.000000,-0.000637
3.3100,4,3,5.000000,4.022578,0.000000,0.000341,-0.000000,-0.001392
3.3100,4,4,5.077624,5.038812,-0.014358,-0.007179,0.006898,0.003449
3.3100,4,5,5.000000,6.022578,0.000000,0.000340,-0.000000,-0.001393
3.3100,4,6,5.000000,7.006667,0.000000,0.002213,-0.000000,-0.000639
3.3100,4,7,5.000000,8.001181,0.000000,0.000832,-0.000000,0.000148
3.3100,5,0,6.000000,1.000000,0.000000,0.000000,-0.000000,-0.000000
3.3100,5,1,6.000000,2.000000,0.000000,0.000000,-0.000000,-0.000000
3.3100,5,2,6.000000,3.000000,0.000000,0.000000,-0.000000,-0.000000
3.3100,5,3,6.000000,4.000000,0.000000,0.000000,-0.000000,-0.000000
3.3100,5,4,6.045155,5.000000,0.000681,0.000000,-0.002785,-0.000000
3.3100,5,5,6.000000,6.000000,0.000000,0.000000,-0.000000,-0.000000
3.3100,5,6,6.000000,7.000000,0.000000,0.000000,-0.000000,-0.000000
3.3100,5,7,6.000000,8.000000,0.000000,0.000000,-0.000000,-0.000000
3.3100,6,0,7.000000,1.000000,0.000000,0.000000,-0.000000,-0.000000
3.3100,6,1,7.000000,2.000000,0.000000,0.000000,-0.000000,-0.000000
3.3100,6,2,7.000000,3.000000,0.000000,0.000000,-0.000000,-0.000000
3.3100,6,3,7.000000,4.000000,0.000000,0.000000,-0.000000,-0.000000
3.3100,6,4,7.013333,5.000000,0.004426,0.000000,-0.001279,-0.000000
3.3100,6,5,7.000000,6.000000,0.000000,0.000000,-0.000000,-0.000000
3.3100,6,6,7.000000,7.000000,0.000000,0.000000,-0.000000,-0.000000
3.3100,6,7,7.000000,8.000000,0.000000,0.000000,-0.000000,-0.000000
3.3100,7,0,8.000000,1.000000,0.000000,0.000000,-0.000000,-0.000000
3.3100,7,1,8.000000,2.000000,0.000000,0.000000,-0.000000,-0.000000
3.3100,7,2,8.000000,3.000000,0.000000,0.000000,-0.000000,-0.000000
3.3100,7,3,8.000000,4.000000,0.000000,0.000000,-0.000000,-0.000000
3.3100,7,4,8.002362,5.000000,0.001663,0.000000,0.000297,-0.000000
3.3100,7,5,8.000000,6.000000,0.000000,0.000000,-0.000000,-0.000000
3.3100,7,6,8.000000,7.000000,0.000000,0.000000,-0.000000,-0.000000
3.3100,7,7,8.000000,8.000000,0.000000,0.000000,-0.000000,-0.000000
3.3600,0,0,1.000000,1.000000,0.000000,0.000000,-0.000000,-0.000000
3.3600,0,1,1.000000,2.000000,0.000000,0.000000,-0.000000,-0.000000
3.3600,0,2,1.000000,3.000000,0.000000,0.000000,-0.000000,-0.000000
3.3600,0,3,1.000000,4.000000,0.000000,0.000000,-0.000000,-0.000000
3.3600,0,4,1.000300,5.000000,0.000332,0.000000,0.000212,-0.000000
3.3600,0,5,1.000000,6.000000,0.000000,0.000000,-0.000000,-0.000000
3.3600,0,6,1.000000,7.000000,0.000000,0.000000,-0.000000,-0.000000
3.3600,0,7,1.000000,8.000000,0.000000,0.000000,-0.000000,-0.000000
3.3600,1,0,2.000000,1.000000,0.000000,0.000000,-0.000000,-0.000000
3.3600,1,1,2.000000,2.000000,0.000000,0.000000,-0.000000,-0.000000
3.3600,1,2,2.000000,3.000000,0.000000,0.000000,-0.000000,-0.000000
3.3600,1,3,2.000000,4.000000,0.000000,0.000000,-0.000000,-0.000000
3.3600,1,4,2.002472,5.000000,0.001718,0.000000,0.000323,-0.000000
3.3600,1,5,2.000000,6.000000,0.000000,0.000000,-0.000000,-0.000000
3.3600,1,6,2.000000,7.000000,0.000000,0.000000,-0.000000,-0.000000
3.3600,1,7,2.000000,8.000000,0.000000,0.000000,-0.000000,-0.000000
3.3600,2,0,3.000000,1.000000,0.000000,0.000000,-0.000000,-0.000000
3.3600,2,1,3.000000,2.000000,0.000000,0.000000,-0.000000,-0.000000
3.3600,2,2,3.000000,3.000000,0.000000,0.000000,-0.000000,-0.000000
3.3600,2,3,3.000000,4.000000,0.000000,0.000000,-0.000000,-0.000000
3.3600,2,4,3.013554,5.000000,0.004366,0.000000,-0.001278,-0.000000
3.3600,2,5,3.000000,6.000000,0.000000,0.000000,-0.000000,-0.000000
3.3600,2,6,3.000000,7.000000,0.000000,0.000000,-0.000000,-0.000000
3.3600,2,7,3.000000,8.000000,0.000000,0.000000,-0.000000,-0.000000
3.3600,3,0,4.000000,1.000000,0.000000,0.000000,-0.000000,-0.000000
3.3600,3,1,4.000000,2.000000,0.000000,0.000000,-0.000000,-0.000000
3.3600,3,2,4.000000,3.000000,0.000000,0.000000,-0.000000,-0.000000
3.3600,3,3,4.000000,4.000000,0.000000,0.000000,-0.000000,-0.000000
3.3600,3,4,4.045186,5.000000,0.000545,0.000000,-0.002652,-0.000000
3.3600,3,5,4.000000,6.000000,0.000000,0.000000,-0.000000,-0.000000
3.3600,3,6,4.000000,7.000000,0.000000,0.000000,-0.000000,-0.000000
3.3600,3,7,4.000000,8.000000,0.000000,0.000000,-0.000000,-0.000000
3.3600,4,0,5.000000,1.000150,0.000000,0.000166,-0.000000,0.000106
3.3600,4,1,5.000000,2.001236,0.000000,0.000859,-0.000000,0.000161
3.3600,4,2,5.000000,3.006777,0.000000,0.002183,-0.000000,-0.000639
3.3600,4,3,5.000000,4.022593,0.000000,0.000273,-0.000000,-0.001326
3.3600,4,4,5.076917,5.038458,-0.014019,-0.007009,0.006675,0.003338
3.3600,4,5,5.000000,6.022593,0.000000,0.000273,-0.000000,-0.001326
3.3600,4,6,5.000000,7.006776,0.000000,0.002181,-0.000000,-0.000642
3.3600,4,7,5.000000,8.001223,0.000000,0.000839,-0.000000,0.000139
3.3600,5,0,6.000000,1.000000,0.000000,0.000000,-0.000000,-0.000000
3.3600,5,1,6.000000,2.000000,0.000000,0.000000,-0.000000,-0.000000
3.3600,5,2,6.000000,3.000000,0.000000,0.000000,-0.000000,-0.000000
3.3600,5,3,6.000000,4.000000,0.000000,0.000000,-0.000000,-0.000000
3.3600,5,4,6.045185,5.000000,0.000545,0.000000,-0.002652,-0.000000
3.3600,5,5,6.000000,6.000000,0.000000,0.000000,-0.000000,-0.000000
3.3600,5,6,6.000000,7.000000,0.000000,0.000000,-0.000000,-0.000000
3.3600,5,7,6.000000,8.000000,0.000000,0.000000,-0.000000,-0.000000
3.3600,6,0,7.000000,1.000000,0.000000,0.000000,-0.000000,-0.000000
3.3600,6,1,7.000000,2.000000,0.000000,0.000000,-0.000000,-0.000000
3.3600,6,2,7.000000,3.000000,0.000000,0.000000,-0.000000,-0.000000
3.3600,6,3,7.000000,4.000000,0.000000,0.000000,-0.000000,-0.000000
3.3600,6,4,7.013553,5.000000,0.004362,0.000000,-0.001284,-0.000000
3.3600,6,5,7.000000,6.000000,0.000000,0.000000,-0.000000,-0.000000
3.3600,6,6,7.000000,7.000000,0.000000,0.000000,-0.000000,-0.000000
3.3600,6,7,7.000000,8.000000,0.000000,0.000000,-0.000000,-0.000000
3.3600,7,0,8.000000,1.000000,0.000000,0.000000,-0.000000,-0.000000
3.3600,7,1,8.000000,2.000000,0.000000,0.000000,-0.000000,-0.000000
3.3600,7,2,8.000000,3.000000,0.000000,0.000000,-0.000000,-0.000000
3.3600,7,3,8.000000,4.000000,0.000000,0.000000,-0.000000,-0.000000
3.3600,7,4,8.002446,5.000000,0.001678,0.000000,0.000277,-0.000000
3.3600,7,5,8.000000,6.000000,0.000000,0.000000,-0.000000,-0.000000
3.3600,7,6,8.000000,7.000000,0.000000,0.000000,-0.000000,-0.000000
3.3600,7,7,8.000000,8.000000,0.000000,0.000000,-0.000000,-0.000000
3.4100,0,0,1.000000,1.000000,0.000000,0.000000,-0.000000,-0.000000
3.4100,0,1,1.000000,2.000000,0.000000,0.000000,-0.000000,-0.000000
3.4100,0,2,1.000000,3.000000,0.000000,0.000000,-0.000000,-0.000000
3.4100,0,3,1.000000,4.000000,0.000000,0.000000,-0.000000,-0.000000
3.4100,0,4,1.000317,5.000000,0.000343,0.000000,0.000212,-0.000000
3.4100,0,5,1.000000,6.000000,0.000000,0.000000,-0.000000,-0.000000
3.4100,0,6,1.000000,7.000000,0.000000,0.000000,-0.000000,-0.000000
3.4100,0,7,1.000000,8.000000,0.000000,0.000000,-0.000000,-0.000000
3.4100,1,0,2.000000,1.000000,0.000000,0.000000,-0.000000,-0.000000
3.4100,1,1,2.000000,2.000000,0.000000,0.000000,-0.000000,-0.000000
3.4100,1,2,2.000000,3.000000,0.000000,0.000000,-0.000000,-0.000000
3.4100,1,3,2.000000,4.000000,0.000000,0.000000,-0.000000,-0.000000
3.4100,1,4,2.002558,5.000000,0.001734,0.000000,0.000305,-0.000000
3.4100,1,5,2.000000,6.000000,0.000000,0.000000,-0.000000,-0.000000
3.4100,1,6,2.000000,7.000000,0.000000,0.000000,-0.000000,-0.000000
3.4100,1,7,2.000000,8.000000,0.000000,0.000000,-0.000000,-0.000000
3.4100,2,0,3.000000,1.000000,0.000000,0.000000,-0.000000,-0.000000
3.4100,2,1,3.000000,2.000000,0.000000,0.000000,-0.000000,-0.000000
3.4100,2,2,3.000000,3.000000,0.000000,0.000000,-0.000000,-0.000000
3.4100,2,3,3.000000,4.000000,0.000000,0.000000,-0.000000,-0.000000
3.4100,2,4,3.013771,5.000000,0.004302,0.000000,-0.001282,-0.000000
3.4100,2,5,3.000000,6.000000,0.000000,0.000000,-0.000000,-0.000000
3.4100,2,6,3.000000,7.000000,0.000000,0.000000,-0.000000,-0.000000
3.4100,2,7,3.000000,8.000000,0.000000,0.000000,-0.000000,-0.000000
3.4100,3,0,4.000000,1.000000,0.000000,0.000000,-0.000000,-0.000000
3.4100,3,1,4.000000,2.000000,0.000000,0.000000,-0.000000,-0.000000
3.4100,3,2,4.000000,3.000000,0.000000,0.000000,-0.000000,-0.000000
3.4100,3,3,4.000000,4.000000,0.000000,0.000000,-0.000000,-0.000000
3.4100,3,4,4.045209,5.000000,0.000416,0.000000,-0.002525,-0.000000
3.4100,3,5,4.000000,6.000000,0.000000,0.000000,-0.000000,-0.000000
3.4100,3,6,4.000000,7.000000,0.000000,0.000000,-0.000000,-0.000000
3.4100,3,7,4.000000,8.000000,0.000000,0.000000,-0.000000,-0.000000
3.4100,4,0,5.000000,1.000158,0.000000,0.000171,-0.000000,0.000106
3.4100,4,1,5.000000,2.001279,0.000000,0.000867,-0.000000,0.000152
3.4100,4,2,5.000000,3.006885,0.000000,0.002151,-0.000000,-0.000641
3.4100,4,3,5.000000,4.022604,0.000000,0.000208,-0.000000,-0.001263
3.4100,4,4,5.076226,5.038113,-0.013690,-0.006845,0.006460,0.003230
3.4100,4,5,5.000000,6.022604,0.000000,0.000208,-0.000000,-0.001263
3.4100,4,6,5.000000,7.006884,0.000000,0.002149,-0.000000,-0.000644
3.4100,4,7,5.000000,8.001265,0.000000,0.000845,-0.000000,0.000129
3.4100,5,0,6.000000,1.000000,0.000000,0.000000,-0.000000,-0.000000
3.4100,5,1,6.000000,2.000000,0.000000,0.000000,-0.000000,-0.000000
3.4100,5,2,6.000000,3.000000,0.000000,0.000000,-0.000000,-0.000000
3.4100,5,3,6.000000,4.000000,0.000000,0.000000,-0.000000,-0.000000
3.4100,5,4,6.045209,5.000000,0.000416,0.000000,-0.002526,-0.000000
3.4100,5,5,6.000000,6.000000,0.000000,0.000000,-0.000000,-0.000000
3.4100,5,6,6.000000,7.000000,0.000000,0.000000,-0.000000,-0.000000
3.4100,5,7,6.000000,8.000000,0.000000,0.000000,-0.000000,-0.000000
3.4100,6,0,7.000000,1.000000,0.000000,0.000000,-0.000000,-0.000000
3.4100,6,1,7.000000,2.000000,0.000000,0.000000,-0.000000,-0.000000
3.4100,6,2,7.000000,3.000000,0.000000,0.000000,-0.000000,-0.000000
3.4100,6,3,7.000000,4.000000,0.000000,0.000000,-0.000000,-0.000000
3.4100,6,4,7.013769,5.000000,0.004298,0.000000,-0.001288,-0.000000
3.4100,6,5,7.000000,6.000000,0.000000,0.000000,-0.000000,-0.000000
3.4100,6,6,7.000000,7.000000,0.000000,0.000000,-0.000000,-0.000000
3.4100,6,7,7.000000,8.000000,0.000000,0.000000,-0.000000,-0.000000
3.4100,7,0,8.000000,1.000000,0.000000,0.000000,-0.000000,-0.000000
3.4100,7,1,8.000000,2.000000,0.000000,0.000000,-0.000000,-0.000000
3.4100,7,2,8.000000,3.000000,0.000000,0.000000,-0.000000,-0.000000
3.4100,7,3,8.000000,4.000000,0.000000,0.000000,-0.000000,-0.000000
3.4100,7,4,8.002530,5.000000,0.001691,0.000000,0.000258,-0.000000
3.4100,7,5,8.000000,6.000000,0.000000,0.000000,-0.000000,-0.000000
3.4100,7,6,8.000000,7.000000,0.000000,0.000000,-0.000000,-0.000000
3.4100,7,7,8.000000,8.000000,0.000000,0.000000,-0.000000,-0.000000
3.4600,0,0,1.000000,1.000000,0.000000,0.000000,-0.000000,-0.000000
3.4600,0,1,1.000000,2.000000,0.000000,0.000000,-0.000000,-0.000000
3.4600,0,2,1.000000,3.000000,0.000000,0.000000,-0.000000,-0.000000
3.4600,0,3,1.000000,4.000000,0.000000,0.000000,-0.000000,-0.000000
3.4600,0,4,1.000334,5.000000,0.000353,0.000000,0.000211,-0.000000
3.4600,0,5,1.000000,6.000000,0.000000,0.000000,-0.000000,-0.000000
3.4600,0,6,1.000000,7.000000,0.000000,0.000000,-0.000000,-0.000000
3.4600,0,7,1.000000,8.000000,0.000000,0.000000,-0.000000,-0.000000
3.4600,1,0,2.000000,1.000000,0.000000,0.000000,-0.000000,-0.000000
3.4600,1,1,2.000000,2.000000,0.000000,0.000000,-0.000000,-0.000000
3.4600,1,2,2.000000,3.000000,0.000000,0.000000,-0.000000,-0.000000
3.4600,1,3,2.000000,4.000000,0.000000,0.000000,-0.000000,-0.000000
3.4600,1,4,2.002645,5.000000,0.001749,0.000000,0.000287,-0.000000
3.4600,1,5,2.000000,6.000000,0.000000,0.000000,-0.000000,-0.000000
3.4600,1,6,2.000000,7.000000,0.000000,0.000000,-0.000000,-0.000000
3.4600,1,7,2.000000,8.000000,0.000000,0.000000,-0.000000,-0.000000
3.4600,2,0,3.000000,1.000000,0.000000,0.000000,-0.000000,-0.000000
3.4600,2,1,3.000000,2.000000,0.000000,0.000000,-0.000000,-0.000000
3.4600,2,2,3.000000,3.000000,0.000000,0.000000,-0.000000,-0.000000
3.4600,2,3,3.000000,4.000000,0.000000,0.000000,-0.000000,-0.000000
3.4600,2,4,3.013984,5.000000,0.004237,0.000000,-0.001283,-0.000000
3.4600,2,5,3.000000,6.000000,0.000000,0.000000,-0.000000,-0.000000
3.4600,2,6,3.000000,7.000000,0.000000,0.000000,-0.000000,-0.000000
3.4600,2,7,3.000000,8.000000,0.000000,0.000000,-0.000000,-0.000000
3.4600,3,0,4.000000,1.000000,0.000000,0.000000,-0.000000,-0.000000
3.4600,3,1,4.000000,2.000000,0.000000,0.000000,-0.000000,-0.000000
3.4600,3,2,4.000000,3.000000,0.000000,0.000000,-0.000000,-0.000000
3.4600,3,3,4.000000,4.000000,0.000000,0.000000,-0.000000,-0.000000
3.4600,3,4,4.045226,5.000000,0.000293,0.000000,-0.002404,-0.000000
3.4600,3,5,4.000000,6.000000,0.000000,0.000000,-0.000000,-0.000000
3.4600,3,6,4.000000,7.000000,0.000000,0.000000,-0.000000,-0.000000
3.4600,3,7,4.000000,8.000000,0.000000,0.000000,-0.000000,-0.000000
3.4600,4,0,5.000000,1.000167,0.000000,0.000177,-0.000000,0.000105
3.4600,4,1,5.000000,2.001323,0.000000,0.000874,-0.000000,0.000144
3.4600,4,2,5.000000,3.006992,0.000000,0.002119,-0.000000,-0.000642
3.4600,4,3,5.000000,4.022613,0.000000,0.000146,-0.000000,-0.001202
3.4600,4,4,5.075551,5.037775,-0.013373,-0.006686,0.006254,0.003127
3.4600,4,5,5.000000,6.022613,0.000000,0.000146,-0.000000,-0.001202
3.4600,4,6,5.000000,7.006991,0.000000,0.002117,-0.000000,-0.000645
3.4600,4,7,5.000000,8.001307,0.000000,0.000852,-0.000000,0.000119
3.4600,5,0,6.000000,1.000000,0.000000,0.000000,-0.000000,-0.000000
3.4600,5,1,6.000000,2.000000,0.000000,0.000000,-0.000000,-0.000000
3.4600,5,2,6.000000,3.000000,0.000000,0.000000,-0.000000,-0.000000
3.4600,5,3,6.000000,4.000000,0.000000,0.000000,-0.000000,-0.000000
3.4600,5,4,6.045226,5.000000,0.000292,0.000000,-0.002405,-0.000000
3.4600,5,5,6.000000,6.000000,0.000000,0.000000,-0.000000,-0.000000
3.4600,5,6,6.000000,7.000000,0.000000,0.000000,-0.000000,-0.000000
3.4600,5,7,6.000000,8.000000,0.000000,0.000000,-0.000000,-0.000000
3.4600,6,0,7.000000,1.000000,0.000000,0.000000,-0.000000,-0.000000
3.4600,6,1,7.000000,2.000000,0.000000,0.000000,-0.000000,-0.000000
3.4600,6,2,7.000000,3.000000,0.000000,0.000000,-0.000000,-0.000000
3.4600,6,3,7.000000,4.000000,0.000000,0.000000,-0.000000,-0.000000
3.4600,6,4,7.013982,5.000000,0.004233,0.000000,-0.001290,-0.000000
3.4600,6,5,7.000000,6.000000,0.000000,0.000000,-0.000000,-0.000000
3.4600,6,6,7.000000,7.000000,0.000000,0.000000,-0.000000,-0.000000
3.4600,6,7,7.000000,8.000000,0.000000,0.000000,-0.000000,-0.000000
3.4600,7,0,8.000000,1.000000,0.000000,0.000000,-0.000000,-0.000000
3.4600,7,1,8.000000,2.000000,0.000000,0.000000,-0.000000,-0.000000
3.4600,7,2,8.000000,3.000000,0.000000,0.000000,-0.000000,-0.000000
3.4600,7,3,8.000000,4.000000,0.000000,0.000000,-0.000000,-0.000000
3.4600,7,4,8.002615,5.000000,0.001703,0.000000,0.000239,-0.000000
3.4600,7,5,8.000000,6.000000,0.000000,0.000000,-0.000000,-0.000000
3.4600,7,6,8.000000,7.000000,0.000000,0.000000,-0.000000,-0.000000
3.4600,7,7,8.000000,8.000000,0.000000,0.000000,-0.000000,-0.000000
3.5100,0,0,1.000000,1.000000,0.000000,0.000000,-0.000000,-0.000000
3.5100,0,1,1.000000,2.000000,0.000000,0.000000,-0.000000,-0.000000
3.5100,0,2,1.000000,3.000000,0.000000,0.000000,-0.000000,-0.000000
3.5100,0,3,1.000000,4.000000,0.000000,0.000000,-0.000000,-0.000000
3.5100,0,4,1.000352,5.000000,0.000364,0.000000,0.000210,-0.000000
3.5100,0,5,1.000000,6.000000,0.000000,0.000000,-0.000000,-0.000000
3.5100,0,6,1.000000,7.000000,0.000000,0.000000,-0.000000,-0.000000
3.5100,0,7,1.000000,8.000000,0.000000,0.000000,-0.000000,-0.000000
3.5100,1,0,2.000000,1.000000,0.000000,0.000000,-0.000000,-0.000000
3.5100,1,1,2.000000,2.000000,0.000000,0.000000,-0.000000,-0.000000
3.5100,1,2,2.000000,3.000000,0.000000,0.000000,-0.000000,-0.000000
3.5100,1,3,2.000000,4.000000,0.000000,0.000000,-0.000000,-0.000000
3.5100,1,4,2.002733,5.000000,0.001763,0.000000,0.000270,-0.000000
3.5100,1,5,2.000000,6.000000,0.000000,0.000000,-0.000000,-0.000000
3.5100,1,6,2.000000,7.000000,0.000000,0.000000,-0.000000,-0.000000
3.5100,1,7,2.000000,8.000000,0.000000,0.000000,-0.000000,-0.000000
3.5100,2,0,3.000000,1.000000,0.000000,0.000000,-0.000000,-0.000000
3.5100,2,1,3.000000,2.000000,0.000000,0.000000,-0.000000,-0.000000
3.5100,2,2,3.000000,3.000000,0.000000,0.000000,-0.000000,-0.000000
3.5100,2,3,3.000000,4.000000,0.000000,0.000000,-0.000000,-0.000000
3.5100,2,4,3.014194,5.000000,0.004173,0.000000,-0.001284,-0.000000
3.5100,2,5,3.000000,6.000000,0.000000,0.000000,-0.000000,-0.000000
3.5100,2,6,3.000000,7.000000,0.000000,0.000000,-0.000000,-0.000000
3.5100,2,7,3.000000,8.000000,0.000000,0.000000,-0.000000,-0.000000
3.5100,3,0,4.000000,1.000000,0.000000,0.000000,-0.000000,-0.000000
3.5100,3,1,4.000000,2.000000,0.000000,0.000000,-0.000000,-0.000000
3.5100,3,2,4.000000,3.000000,0.000000,0.000000,-0.000000,-0.000000
3.5100,3,3,4.000000,4.000000,0.000000,0.000000,-0.000000,-0.000000
3.5100,3,4,4.045237,5.000000,0.000175,0.000000,-0.002288,-0.000000
3.5100,3,5,4.000000,6.000000,0.000000,0.000000,-0.000000,-0.000000
3.5100,3,6,4.000000,7.000000,0.000000,0.000000,-0.000000,-0.000000
3.5100,3,7,4.000000,8.000000,0.000000,0.000000,-0.000000,-0.000000
3.5100,4,0,5.000000,1.000176,0.000000,0.000182,-0.000000,0.000105
3.5100,4,1,5.000000,2.001367,0.000000,0.000881,-0.000000,0.000135
3.5100,4,2,5.000000,3.007097,0.000000,0.002087,-0.000000,-0.000642
3.5100,4,3,5.000000,4.022619,0.000000,0.000088,-0.000000,-0.001144
3.5100,4,4,5.074891,5.037446,-0.013065,-0.006532,0.006055,0.003027
3.5100,4,5,5.000000,6.022618,0.000000,0.000088,-0.000000,-0.001144
3.5100,4,6,5.000000,7.007096,0.000000,0.002084,-0.000000,-0.000645
3.5100,4,7,5.000000,8.001350,0.000000,0.000857,-0.000000,0.000110
3.5100,5,0,6.000000,1.000000,0.000000,0.000000,-0.000000,-0.000000
3.5100,5,1,6.000000,2.000000,0.000000,0.000000,-0.000000,-0.000000
3.5100,5,2,6.000000,3.000000,0.000000,0.000000,-0.000000,-0.000000
3.5100,5,3,6.000000,4.000000,0.000000,0.000000,-0.000000,-0.000000
3.5100,5,4,6.045237,5.000000,0.000175,0.000000,-0.002289,-0.000000
3.5100,5,5,6.000000,6.000000,0.000000,0.000000,-0.000000,-0.000000
3.5100,5,6,6.000000,7.000000,0.000000,0.000000,-0.000000,-0.000000
3.5100,5,7,6.000000,8.000000,0.000000,0.000000,-0.000000,-0.000000
3.5100,6,0,7.000000,1.000000,0.000000,0.000000,-0.000000,-0.000000
3.5100,6,1,7.000000,2.000000,0.000000,0.000000,-0.000000,-0.000000
3.5100,6,2,7.000000,3.000000,0.000000,0.000000,-0.000000,-0.000000
3.5100,6,3,7.000000,4.000000,0.000000,0.000000,-0.000000,-0.000000
3.5100,6,4,7.014192,5.000000,0.004169,0.000000,-0.001290,-0.000000
3.5100,6,5,7.000000,6.000000,0.000000,0.000000,-0.000000,-0.000000
3.5100,6,6,7.000000,7.000000,0.000000,0.000000,-0.000000,-0.000000
3.5100,6,7,7.000000,8.000000,0.000000,0.000000,-0.000000,-0.000000
3.5100,7,0,8.000000,1.000000,0.000000,0.000000,-0.000000,-0.000000
3.5100,7,1,8.000000,2.000000,0.000000,0.000000,-0.000000,-0.000000
3.5100,7,2,8.000000,3.000000,0.000000,0.000000,-0.000000,-0.000000
3.5100,7,3,8.000000,4.000000,0.000000,0.000000,-0.000000,-0.000000
3.5100,7,4,8.002700,5.000000,0.001715,0.000000,0.000220,-0.000000
3.5100,7,5,8.000000,6.000000,0.000000,0.000000,-0.000000,-0.000000
3.5100,7,6,8.000000,7.000000,0.000000,0.000000,-0.000000,-0.000000
3.5100,7,7,8.000000,8.000000,0.000000,0.000000,-0.000000,-0.000000
3.5600,0,0,1.000000,1.000000,0.000000,0.000000,-0.000000,-0.000000
3.5600,0,1,1.000000,2.000000,0.000000,0.000000,-0.000000,-0.000000
3.5600,0,2,1.000000,3.000000,0.000000,0.000000,-0.000000,-0.000000
3.5600,0,3,1.000000,4.000000,0.000000,0.000000,-0.000000,-0.000000
3.5600,0,4,1.000371,5.000000,0.000374,0.000000,0.000209,-0.000000
3.5600,0,5,1.000000,6.000000,0.000000,0.000000,-0.000000,-0.000000
3.5600,0,6,1.000000,7.000000,0.000000,0.000000,-0.000000,-0.000000
3.5600,0,7,1.000000,8.000000,0.000000,0.000000,-0.000000,-0.000000
3.5600,1,0,2.000000,1.000000,0.000000,0.000000,-0.000000,-0.000000
3.5600,1,1,2.000000,2.000000,0.000000,0.000000,-0.000000,-0.000000
3.5600,1,2,2.000000,3.000000,0.000000,0.000000,-0.000000,-0.000000
3.5600,1,3,2.000000,4.000000,0.000000,0.000000,-0.000000,-0.000000
3.5600,1,4,2.002822,5.000000,0.001776,0.000000,0.000252,-0.000000
3.5600,1,5,2.000000,6.000000,0.000000,0.000000,-0.000000,-0.000000
3.5600,1,6,2.000000,7.000000,0.000000,0.000000,-0.000000,-0.000000
3.5600,1,7,2.000000,8.000000,0.000000,0.000000,-0.000000,-0.000000
3.5600,2,0,3.000000,1.000000,0.000000,0.000000,-0.000000,-0.000000
3.5600,2,1,3.000000,2.000000,0.000000,0.000000,-0.000000,-0.000000
3.5600,2,2,3.000000,3.000000,0.000000,0.000000,-0.000000,-0.000000
3.5600,2,3,3.000000,4.000000,0.000000,0.000000,-0.000000,-0.000000
3.5600,2,4,3.014401,5.000000,0.004109,0.000000,-0.001283,-0.000000
3.5600,2,5,3.000000,6.000000,0.000000,0.000000,-0.000000,-0.000000
3.5600,2,6,3.000000,7.000000,0.000000,0.000000,-0.000000,-0.000000
3.5600,2,7,3.000000,8.000000,0.000000,0.000000,-0.000000,-0.000000
3.5600,3,0,4.000000,1.000000,0.000000,0.000000,-0.000000,-0.000000
3.5600,3,1,4.000000,2.000000,0.000000,0.000000,-0.000000,-0.000000
3.5600,3,2,4.000000,3.000000,0.000000,0.000000,-0.000000,-0.000000
3.5600,3,3,4.000000,4.000000,0.000000,0.000000,-0.000000,-0.000000
3.5600,3,4,4.045242,5.000000,0.000064,0.000000,-0.002177,-0.000000
3.5600,3,5,4.000000,6.000000,0.000000,0.000000,-0.000000,-0.000000
3.5600,3,6,4.000000,7.000000,0.000000,0.000000,-0.000000,-0.000000
3.5600,3,7,4.000000,8.000000,0.000000,0.000000,-0.000000,-0.000000
3.5600,4,0,5.000000,1.000185,0.000000,0.000187,-0.000000,0.000105
3.5600,4,1,5.000000,2.001411,0.000000,0.000888,-0.000000,0.000126
3.5600,4,2,5.000000,3.007200,0.000000,0.002055,-0.000000,-0.000641
3.5600,4,3,5.000000,4.022621,0.000000,0.000032,-0.000000,-0.001089
3.5600,4,4,5.074247,5.037124,-0.012767,-0.006384,0.005863,0.002932
3.5600,4,5,5.000000,6.022621,0.000000,0.000032,-0.000000,-0.001089
3.5600,4,6,5.000000,7.007199,0.000000,0.002052,-0.000000,-0.000645
3.5600,4,7,5.000000,8.001393,0.000000,0.000863,-0.000000,0.000101
3.5600,5,0,6.000000,1.000000,0.000000,0.000000,-0.000000,-0.000000
3.5600,5,1,6.000000,2.000000,0.000000,0.000000,-0.000000,-0.000000
3.5600,5,2,6.000000,3.000000,0.000000,0.000000,-0.000000,-0.000000
3.5600,5,3,6.000000,4.000000,0.000000,0.000000,-0.000000,-0.000000
3.5600,5,4,6.045242,5.000000,0.000063,0.000000,-0.002178,-0.000000
3.5600,5,5,6.000000,6.000000,0.000000,0.000000,-0.000000,-0.000000
3.5600,5,6,6.000000,7.000000,0.000000,0.000000,-0.000000,-0.000000
3.5600,5,7,6.000000,8.000000,0.000000,0.000000,-0.000000,-0.000000
3.5600,6,0,7.000000,1.000000,0.000000,0.000000,-0.000000,-0.000000
3.5600,6,1,7.000000,2.000000,0.000000,0.000000,-0.000000,-0.000000
3.5600,6,2,7.000000,3.000000,0.000000,0.000000,-0.000000,-0.000000
3.5600,6,3,7.000000,4.000000,0.000000,0.000000,-0.000000,-0.000000
3.5600,6,4,7.014398,5.000000,0.004104,0.000000,-0.001290,-0.000000
3.5600,6,5,7.000000,6.000000,0.000000,0.000000,-0.000000,-0.000000
3.5600,6,6,7.000000,7.000000,0.000000,0.000000,-0.000000,-0.000000
3.5600,6,7,7.000000,8.000000,0.000000,0.000000,-0.000000,-0.000000
3.5600,7,0,8.000000,1.000000,0.000000,0.000000,-0.000000,-0.000000
3.5600,7,1,8.000000,2.000000,0.000000,0.000000,-0.000000,-0.000000
3.5600,7,2,8.000000,3.000000,0.000000,0.000000,-0.000000,-0.000000
3.5600,7,3,8.000000,4.000000,0.000000,0.000000,-0.000000,-0.000000
3.5600,7,4,8.002787,5.000000,0.001725,0.000000,0.000202,-0.000000
3.5600,7,5,8.000000,6.000000,0.000000,0.000000,-0.000000,-0.000000
3.5600,7,6,8.000000,7.000000,0.000000,0.000000,-0.000000,-0.000000
3.5600,7,7,8.000000,8.000000,0.000000,0.000000,-0.000000,-0.000000
3.6100,0,0,1.000000,1.000000,0.000000,0.000000,-0.000000,-0.000000
3.6100,0,1,1.000000,2.000000,0.000000,0.000000,-0.000000,-0.000000
3.6100,0,2,1.000000,3.000000,0.000000,0.000000,-0.000000,-0.000000
3.6100,0,3,1.000000,4.000000,0.000000,0.000000,-0.000000,-0.000000
3.6100,0,4,1.000390,5.000000,0.000385,0.000000,0.000208,-0.000000
3.6100,0,5,1.000000,6.000000,0.000000,0.000000,-0.000000,-0.000000
3.6100,0,6,1.000000,7.000000,0.000000,0.000000,-0.000000,-0.000000
3.6100,0,7,1.000000,8.000000,0.000000,0.000000,-0.000000,-0.000000
3.6100,1,0,2.000000,1.000000,0.000000,0.000000,-0.000000,-0.000000
3.6100,1,1,2.000000,2.000000,0.000000,0.000000,-0.000000,-0.000000
3.6100,1,2,2.000000,3.000000,0.000000,0.000000,-0.000000,-0.000000
3.6100,1,3,2.000000,4.000000,0.000000,0.000000,-0.000000,-0.000000
3.6100,1,4,2.002911,5.000000,0.001788,0.000000,0.000236,-0.000000
3.6100,1,5,2.000000,6.000000,0.000000,0.000000,-0.000000,-0.000000
3.6100,1,6,2.000000,7.000000,0.000000,0.000000,-0.000000,-0.000000
3.6100,1,7,2.000000,8.000000,0.000000,0.000000,-0.000000,-0.000000
3.6100,2,0,3.000000,1.000000,0.000000,0.000000,-0.000000,-0.000000
3.6100,2,1,3.000000,2.000000,0.000000,0.000000,-0.000000,-0.000000
3.6100,2,2,3.000000,3.000000,0.000000,0.000000,-0.000000,-0.000000
3.6100,2,3,3.000000,4.000000,0.000000,0.000000,-0.000000,-0.000000
3.6100,2,4,3.014604,5.000000,0.004045,0.000000,-0.001280,-0.000000
3.6100,2,5,3.000000,6.000000,0.000000,0.000000,-0.000000,-0.000000
3.6100,2,6,3.000000,7.000000,0.000000,0.000000,-0.000000,-0.000000
3.6100,2,7,3.000000,8.000000,0.000000,0.000000,-0.000000,-0.000000
3.6100,3,0,4.000000,1.000000,0.000000,0.000000,-0.000000,-0.000000
3.6100,3,1,4.000000,2.000000,0.000000,0.000000,-0.000000,-0.000000
3.6100,3,2,4.000000,3.000000,0.000000,0.000000,-0.000000,-0.000000
3.6100,3,3,4.000000,4.000000,0.000000,0.000000,-0.000000,-0.000000
3.6100,3,4,4.045242,5.000000,-0.000042,0.000000,-0.002072,-0.000000
3.6100,3,5,4.000000,6.000000,0.000000,0.000000,-0.000000,-0.000000
3.6100,3,6,4.000000,7.000000,0.000000,0.000000,-0.000000,-0.000000
3.6100,3,7,4.000000,8.000000,0.000000,0.000000,-0.000000,-0.000000
3.6100,4,0,5.000000,1.000195,0.000000,0.000192,-0.000000,0.000104
3.6100,4,1,5.000000,2.001455,0.000000,0.000894,-0.000000,0.000118
3.6100,4,2,5.000000,3.007302,0.000000,0.002023,-0.000000,-0.000640
3.6100,4,3,5.000000,4.022621,0.000000,-0.000021,-0.000000,-0.001036
3.6100,4,4,5.073618,5.036809,-0.012479,-0.006239,0.005678,0.002839
3.6100,4,5,5.000000,6.022621,0.000000,-0.000021,-0.000000,-0.001036
3.6100,4,6,5.000000,7.007301,0.000000,0.002020,-0.000000,-0.000644
3.6100,4,7,5.000000,8.001437,0.000000,0.000868,-0.000000,0.000092
3.6100,5,0,6.000000,1.000000,0.000000,0.000000,-0.000000,-0.000000
3.6100,5,1,6.000000,2.000000,0.000000,0.000000,-0.000000,-0.000000
3.6100,5,2,6.000000,3.000000,0.000000,0.000000,-0.000000,-0.000000
3.6100,5,3,6.000000,4.000000,0.000000,0.000000,-0.000000,-0.000000
3.6100,5,4,6.045242,5.000000,-0.000043,0.000000,-0.002072,-0.000000
3.6100,5,5,6.000000,6.000000,0.000000,0.000000,-0.000000,-0.000000
3.6100,5,6,6.000000,7.000000,0.000000,0.000000,-0.000000,-0.000000
3.6100,5,7,6.000000,8.000000,0.000000,0.000000,-0.000000,-0.000000
3.6100,6,0,7.000000,1.000000,0.000000,0.000000,-0.000000,-0.000000
3.6100,6,1,7.000000,2.000000,0.000000,0.000000,-0.000000,-0.000000
3.6100,6,2,7.000000,3.000000,0.000000,0.000000,-0.000000,-0.000000
3.6100,6,3,7.000000,4.000000,0.000000,0.000000,-0.000000,-0.000000
3.6100,6,4,7.014601,5.000000,0.004040,0.000000,-0.001288,-0.000000
3.6100,6,5,7.000000,6.000000,0.000000,0.000000,-0.000000,-0.000000
3.6100,6,6,7.000000,7.000000,0.000000,0.000000,-0.000000,-0.000000
3.6100,6,7,7.000000,8.000000,0.000000,0.000000,-0.000000,-0.000000
3.6100,7,0,8.000000,1.000000,0.000000,0.000000,-0.000000,-0.000000
3.6100,7,1,8.000000,2.000000,0.000000,0.000000,-0.000000,-0.000000
3.6100,7,2,8.000000,3.000000,0.000000,0.000000,-0.000000,-0.000000
3.6100,7,3,8.000000,4.000000,0.000000,0.000000,-0.000000,-0.000000
3.6100,7,4,8.002873,5.000000,0.001735,0.000000,0.000184,-0.000000
3.6100,7,5,8.000000,6.000000,0.000000,0.000000,-0.000000,-0.000000
3.6100,7,6,8.000000,7.000000,0.000000,0.000000,-0.000000,-0.000000
3.6100,7,7,8.000000,8.000000,0.000000,0.000000,-0.000000,-0.000000
3.6600,0,0,1.000000,1.000000,0.000000,0.000000,-0.000000,-0.000000
3.6600,0,1,1.000000,2.000000,0.000000,0.000000,-0.000000,-0.000000
3.6600,0,2,1.000000,3.000000,0.000000,0.000000,-0.000000,-0.000000
3.6600,0,3,1.000000,4.000000,0.000000,0.000000,-0.000000,-0.000000
3.6600,0,4,1.000409,5.000000,0.000395,0.000000,0.000207,-0.000000
3.6600,0,5,1.000000,6.000000,0.000000,0.000000,-0.000000,-0.000000
3.6600,0,6,1.000000,7.000000,0.000000,0.000000,-0.000000,-0.000000
3.6600,0,7,1.000000,8.000000,0.000000,0.000000,-0.000000,-0.000000
3.6600,1,0,2.000000,1.000000,0.000000,0.000000,-0.000000,-0.000000
3.6600,1,1,2.000000,2.000000,0.000000,0.000000,-0.000000,-0.000000
3.6600,1,2,2.000000,3.000000,0.000000,0.000000,-0.000000,-0.000000
3.6600,1,3,2.000000,4.000000,0.000000,0.000000,-0.000000,-0.000000
3.6600,1,4,2.003001,5.000000,0.001799,0.000000,0.000219,-0.000000
3.6600,1,5,2.000000,6.000000,0.000000,0.000000,-0.000000,-0.000000
3.6600,1,6,2.000000,7.000000,0.000000,0.000000,-0.000000,-0.000000
3.6600,1,7,2.000000,8.000000,0.000000,0.000000,-0.000000,-0.000000
3.6600,2,0,3.000000,1.000000,0.000000,0.000000,-0.000000,-0.000000
3.6600,2,1,3.000000,2.000000,0.000000,0.000000,-0.000000,-0.000000
3.6600,2,2,3.000000,3.000000,0.000000,0.000000,-0.000000,-0.000000
3.6600,2,3,3.000000,4.000000,0.000000,0.000000,-0.000000,-0.000000
3.6600,2,4,3.014804,5.000000,0.003981,0.000000,-0.001277,-0.000000
3.6600,2,5,3.000000,6.000000,0.000000,0.000000,-0.000000,-0.000000
3.6600,2,6,3.000000,7.000000,0.000000,0.000000,-0.000000,-0.000000
3.6600,2,7,3.000000,8.000000,0.000000,0.000000,-0.000000,-0.000000
3.6600,3,0,4.000000,1.000000,0.000000,0.000000,-0.000000,-0.000000
3.6600,3,1,4.000000,2.000000,0.000000,0.000000,-0.000000,-0.000000
3.6600,3,2,4.000000,3.000000,0.000000,0.000000,-0.000000,-0.000000
3.6600,3,3,4.000000,4.000000,0.000000,0.000000,-0.000000,-0.000000
3.6600,3,4,4.045237,5.000000,-0.000143,0.000000,-0.001970,-0.000000
3.6600,3,5,4.000000,6.000000,0.000000,0.000000,-0.000000,-0.000000
3.6600,3,6,4.000000,7.000000,0.000000,0.000000,-0.000000,-0.000000
3.6600,3,7,4.000000,8.000000,0.000000,0.000000,-0.000000,-0.000000
3.6600,4,0,5.000000,1.000205,0.000000,0.000198,-0.000000,0.000104
3.6600,4,1,5.000000,2.001500,0.000000,0.000900,-0.000000,0.000110
3.6600,4,2,5.000000,3.007402,0.000000,0.001991,-0.000000,-0.000639
3.6600,4,3,5.000000,4.022619,0.000000,-0.000072,-0.000000,-0.000985
3.6600,4,4,5.073002,5.036501,-0.012199,-0.006100,0.005501,0.002750
3.6600,4,5,5.000000,6.022619,0.000000,-0.000072,-0.000000,-0.000986
3.6600,4,6,5.000000,7.007401,0.000000,0.001988,-0.000000,-0.000642
3.6600,4,7,5.000000,8.001480,0.000000,0.000872,-0.000000,0.000083
3.6600,5,0,6.000000,1.000000,0.000000,0.000000,-0.000000,-0.000000
3.6600,5,1,6.000000,2.000000,0.000000,0.000000,-0.000000,-0.000000
3.6600,5,2,6.000000,3.000000,0.000000,0.000000,-0.000000,-0.000000
3.6600,5,3,6.000000,4.000000,0.000000,0.000000,-0.000000,-0.000000
3.6600,5,4,6.045237,5.000000,-0.000144,0.000000,-0.001971,-0.000000
3.6600,5,5,6.000000,6.000000,0.000000,0.000000,-0.000000,-0.000000
3.6600,5,6,6.000000,7.000000,0.000000,0.000000,-0.000000,-0.000000
3.6600,5,7,6.000000,8.000000,0.000000,0.000000,-0.000000,-0.000000
3.6600,6,0,7.000000,1.000000,0.000000,0.000000,-0.000000,-0.000000
3.6600,6,1,7.000000,2.000000,0.000000,0.000000,-0.000000,-0.000000
3.6600,6,2,7.000000,3.000000,0.000000,0.000000,-0.000000,-0.000000
3.6600,6,3,7.000000,4.000000,0.000000,0.000000,-0.000000,-0.000000
3.6600,6,4,7.014801,5.000000,0.003976,0.000000,-0.001285,-0.000000
3.6600,6,5,7.000000,6.000000,0.000000,0.000000,-0.000000,-0.000000
3.6600,6,6,7.000000,7.000000,0.000000,0.000000,-0.000000,-0.000000
3.6600,6,7,7.000000,8.000000,0.000000,0.000000,-0.000000,-0.000000
3.6600,7,0,8.000000,1.000000,0.000000,0.000000,-0.000000,-0.000000
3.6600,7,1,8.000000,2.000000,0.000000,0.000000,-0.000000,-0.000000
3.6600,7,2,8.000000,3.000000,0.000000,0.000000,-0.000000,-0.000000
3.6600,7,3,8.000000,4.000000,0.000000,0.000000,-0.000000,-0.000000
3.6600,7,4,8.002960,5.000000,0.001744,0.000000,0.000166,-0.000000
3.6600,7,5,8.000000,6.000000,0.000000,0.000000,-0.000000,-0.000000
3.6600,7,6,8.000000,7.000000,0.000000,0.000000,-0.000000,-0.000000
3.6600,7,7,8.000000,8.000000,0.000000,0.000000,-0.000000,-0.000000
3.7100,0,0,1.000000,1.000000,0.000000,0.000000,-0.000000,-0.000000
3.7100,0,1,1.000000,2.000000,0.000000,0.000000,-0.000000,-0.000000
3.7100,0,2,1.000000,3.000000,0.000000,0.000000,-0.000000,-0.000000
3.7100,0,3,1.000000,4.000000,0.000000,0.000000,-0.000000,-0.000000
3.7100,0,4,1.000430,5.000000,0.000405,0.000000,0.000206,-0.000000
3.7100,0,5,1.000000,6.000000,0.000000,0.000000,-0.000000,-0.000000
3.7100,0,6,1.000000,7.000000,0.000000,0.000000,-0.000000,-0.000000
3.7100,0,7,1.000000,8.000000,0.000000,0.000000,-0.000000,-0.000000
3.7100,1,0,2.000000,1.000000,0.000000,0.000000,-0.000000,-0.000000
3.7100,1,1,2.000000,2.000000,0.000000,0.000000,-0.000000,-0.000000
3.7100,1,2,2.000000,3.000000,0.000000,0.000000,-0.000000,-0.000000
3.7100,1,3,2.000000,4.000000,0.000000,0.000000,-0.000000,-0.000000
3.7100,1,4,2.003091,5.000000,0.001810,0.000000,0.000203,-0.000000
3.7100,1,5,2.000000,6.000000,0.000000,0.000000,-0.000000,-0.000000
3.7100,1,6,2.000000,7.000000,0.000000,0.000000,-0.000000,-0.000000
3.7100,1,7,2.000000,8.000000,0.000000,0.000000,-0.000000,-0.000000
3.7100,2,0,3.000000,1.000000,0.000000,0.000000,-0.000000,-0.000000
3.7100,2,1,3.000000,2.000000,0.000000,0.000000,-0.000000,-0.000000
3.7100,2,2,3.000000,3.000000,0.000000,0.000000,-0.000000,-0.000000
3.7100,2,3,3.000000,4.000000,0.000000,0.000000,-0.000000,-0.000000
3.7100,2,4,3.015002,5.000000,0.003917,0.000000,-0.001273,-0.000000
3.7100,2,5,3.000000,6.000000,0.000000,0.000000,-0.000000,-0.000000
3.7100,2,6,3.000000,7.000000,0.000000,0.000000,-0.000000,-0.000000
3.7100,2,7,3.000000,8.000000,0.000000,0.000000,-0.000000,-0.000000
3.7100,3,0,4.000000,1.000000,0.000000,0.000000,-0.000000,-0.000000
3.7100,3,1,4.000000,2.000000,0.000000,0.000000,-0.000000,-0.000000
3.7100,3,2,4.000000,3.000000,0.000000,0.000000,-0.000000,-0.000000
3.7100,3,3,4.000000,4.000000,0.000000,0.000000,-0.000000,-0.000000
3.7100,3,4,4.045227,5.000000,-0.000240,0.000000,-0.001874,-0.000000
3.7100,3,5,4.000000,6.000000,0.000000,0.000000,-0.000000,-0.000000
3.7100,3,6,4.000000,7.000000,0.000000,0.000000,-0.000000,-0.000000
3.7100,3,7,4.000000,8.000000,0.000000,0.000000,-0.000000,-0.000000
3.7100,4,0,5.000000,1.000215,0.000000,0.000203,-0.000000,0.000103
3.7100,4,1,5.000000,2.001546,0.000000,0.000905,-0.000000,0.000101
3.7100,4,2,5.000000,3.007501,0.000000,0.001959,-0.000000,-0.000636
3.7100,4,3,5.000000,4.022614,0.000000,-0.000120,-0.000000,-0.000937
3.7100,4,4,5.072400,5.036200,-0.011928,-0.005964,0.005329,0.002665
3.7100,4,5,5.000000,6.022613,0.000000,-0.000120,-0.000000,-0.000937
3.7100,4,6,5.000000,7.007499,0.000000,0.001956,-0.000000,-0.000640
3.7100,4,7,5.000000,8.001524,0.000000,0.000876,-0.000000,0.000074
3.7100,5,0,6.000000,1.000000,0.000000,0.000000,-0.000000,-0.000000
3.7100,5,1,6.000000,2.000000,0.000000,0.000000,-0.000000,-0.000000
3.7100,5,2,6.000000,3.000000,0.000000,0.000000,-0.000000,-0.000000
3.7100,5,3,6.000000,4.000000,0.000000,0.000000,-0.000000,-0.000000
3.7100,5,4,6.045227,5.000000,-0.000240,0.000000,-0.001874,-0.000000
3.7100,5,5,6.000000,6.000000,0.000000,0.000000,-0.000000,-0.000000
3.7100,5,6,6.000000,7.000000,0.000000,0.000000,-0.000000,-0.000000
3.7100,5,7,6.000000,8.000000,0.000000,0.000000,-0.000000,-0.000000
3.7100,6,0,7.000000,1.000000,0.000000,0.000000,-0.000000,-0.000000
3.7100,6,1,7.000000,2.000000,0.000000,0.000000,-0.000000,-0.000000
3.7100,6,2,7.000000,3.000000,0.000000,0.000000,-0.000000,-0.000000
3.7100,6,3,7.000000,4.000000,0.000000,0.000000,-0.000000,-0.000000
3.7100,6,4,7.014998,5.000000,0.003912,0.000000,-0.001281,-0.000000
3.7100,6,5,7.000000,6.000000,0.000000,0.000000,-0.000000,-0.000000
3.7100,6,6,7.000000,7.000000,0.000000,0.000000,-0.000000,-0.000000
3.7100,6,7,7.000000,8.000000,0.000000,0.000000,-0.000000,-0.000000
3.7100,7,0,8.000000,1.000000,0.000000,0.000000,-0.000000,-0.000000
3.7100,7,1,8.000000,2.000000,0.000000,0.000000,-0.000000,-0.000000
3.7100,7,2,8.000000,3.000000,0.000000,0.000000,-0.000000,-0.000000
3.7100,7,3,8.000000,4.000000,0.000000,0.000000,-0.000000,-0.000000
3.7100,7,4,8.003048,5.000000,0.001752,0.000000,0.000149,-0.000000
3.7100,7,5,8.000000,6.000000,0.000000,0.000000,-0.000000,-0.000000
3.7100,7,6,8.000000,7.000000,0.000000,0.000000,-0.000000,-0.000000
3.7100,7,7,8.000000,8.000000,0.000000,0.000000,-0.000000,-0.000000
3.7600,0,0,1.000000,1.000000,0.000000,0.000000,-0.000000,-0.000000
3.7600,0,1,1.000000,2.000000,0.000000,0.000000,-0.000000,-0.000000
3.7600,0,2,1.000000,3.000000,0.000000,0.000000,-0.000000,-0.000000
3.7600,0,3,1.000000,4.000000,0.000000,0.000000,-0.000000,-0.000000
3.7600,0,4,1.000450,5.000000,0.000416,0.000000,0.000204,-0.000000
3.7600,0,5,1.000000,6.000000,0.000000,0.000000,-0.000000,-0.000000
3.7600,0,6,1.000000,7.000000,0.000000,0.000000,-0.000000,-0.000000
3.7600,0,7,1.000000,8.000000,0.000000,0.000000,-0.000000,-0.000000
3.7600,1,0,2.000000,1.000000,0.000000,0.000000,-0.000000,-0.000000
3.7600,1,1,2.000000,2.000000,0.000000,0.000000,-0.000000,-0.000000
3.7600,1,2,2.000000,3.000000,0.000000,0.000000,-0.000000,-0.000000
3.7600,1,3,2.000000,4.000000,0.000000,0.000000,-0.000000,-0.000000
3.7600,1,4,2.003182,5.000000,0.001820,0.000000,0.000187,-0.000000
3.7600,1,5,2.000000,6.000000,0.000000,0.000000,-0.000000,-0.000000
3.7600,1,6,2.000000,7.000000,0.000000,0.000000,-0.000000,-0.000000
3.7600,1,7,2.000000,8.000000,0.000000,0.000000,-0.000000,-0.000000
3.7600,2,0,3.000000,1.000000,0.000000,0.000000,-0.000000,-0.000000
3.7600,2,1,3.000000,2.000000,0.000000,0.000000,-0.000000,-0.000000
3.7600,2,2,3.000000,3.000000,0.000000,0.000000,-0.000000,-0.000000
3.7600,2,3,3.000000,4.000000,0.000000,0.000000,-0.000000,-0.000000
3.7600,2,4,3.015196,5.000000,0.003854,0.000000,-0.001267,-0.000000
3.7600,2,5,3.000000,6.000000,0.000000,0.000000,-0.000000,-0.000000
3.7600,2,6,3.000000,7.000000,0.000000,0.000000,-0.000000,-0.000000
3.7600,2,7,3.000000,8.000000,0.000000,0.000000,-0.000000,-0.000000
3.7600,3,0,4.000000,1.000000,0.000000,0.000000,-0.000000,-0.000000
3.7600,3,1,4.000000,2.000000,0.000000,0.000000,-0.000000,-0.000000
3.7600,3,2,4.000000,3.000000,0.000000,0.000000,-0.000000,-0.000000
3.7600,3,3,4.000000,4.000000,0.000000,0.000000,-0.000000,-0.000000
3.7600,3,4,4.045212,5.000000,-0.000331,0.000000,-0.001781,-0.000000
3.7600,3,5,4.000000,6.000000,0.000000,0.000000,-0.000000,-0.000000
3.7600,3,6,4.000000,7.000000,0.000000,0.000000,-0.000000,-0.000000
3.7600,3,7,4.000000,8.000000,0.000000,0.000000,-0.000000,-0.000000
3.7600,4,0,5.000000,1.000225,0.000000,0.000208,-0.000000,0.000102
3.7600,4,1,5.000000,2.001591,0.000000,0.000910,-0.000000,0.000094
3.7600,4,2,5.000000,3.007598,0.000000,0.001927,-0.000000,-0.000634
3.7600,4,3,5.000000,4.022606,0.000000,-0.000165,-0.000000,-0.000891
3.7600,4,4,5.071812,5.035906,-0.011666,-0.005833,0.005164,0.002582
3.7600,4,5,5.000000,6.022606,0.000000,-0.000166,-0.000000,-0.000891
3.7600,4,6,5.000000,7.007596,0.000000,0.001924,-0.000000,-0.000638
3.7600,4,7,5.000000,8.001568,0.000000,0.000879,-0.000000,0.000066
3.7600,5,0,6.000000,1.000000,0.000000,0.000000,-0.000000,-0.000000
3.7600,5,1,6.000000,2.000000,0.000000,0.000000,-0.000000,-0.000000
3.7600,5,2,6.000000,3.000000,0.000000,0.000000,-0.000000,-0.000000
3.7600,5,3,6.000000,4.000000,0.000000,0.000000,-0.000000,-0.000000
3.7600,5,4,6.045212,5.000000,-0.000331,0.000000,-0.001782,-0.000000
3.7600,5,5,6.000000,6.000000,0.000000,0.000000,-0.000000,-0.000000
3.7600,5,6,6.000000,7.000000,0.000000,0.000000,-0.000000,-0.000000
3.7600,5,7,6.000000,8.000000,0.000000,0.000000,-0.000000,-0.000000
3.7600,6,0,7.000000,1.000000,0.000000,0.000000,-0.000000,-0.000000
3.7600,6,1,7.000000,2.000000,0.000000,0.000000,-0.000000,-0.000000
3.7600,6,2,7.000000,3.000000,0.000000,0.000000,-0.000000,-0.000000
3.7600,6,3,7.000000,4.000000,0.000000,0.000000,-0.000000,-0.000000
3.7600,6,4,7.015192,5.000000,0.003848,0.000000,-0.001276,-0.000000
3.7600,6,5,7.000000,6.000000,0.000000,0.000000,-0.000000,-0.000000
3.7600,6,6,7.000000,7.000000,0.000000,0.000000,-0.000000,-0.000000
3.7600,6,7,7.000000,8.000000,0.000000,0.000000,-0.000000,-0.000000
3.7600,7,0,8.000000,1.000000,0.000000,0.000000,-0.000000,-0.000000
3.7600,7,1,8.000000,2.000000,0.000000,0.000000,-0.000000,-0.000000
3.7600,7,2,8.000000,3.000000,0.000000,0.000000,-0.000000,-0.000000
3.7600,7,3,8.000000,4.000000,0.000000,0.000000,-0.000000,-0.000000
3.7600,7,4,8.003135,5.000000,0.001759,0.000000,0.000132,-0.000000
3.7600,7,5,8.000000,6.000000,0.000000,0.000000,-0.000000,-0.000000
3.7600,7,6,8.000000,7.000000,0.000000,0.000000,-0.000000,-0.000000
3.7600,7,7,8.000000,8.000000,0.000000,0.000000,-0.000000,-0.000000
3.8100,0,0,1.000000,1.000000,0.000000,0.000000,-0.000000,-0.000000
3.8100,0,1,1.000000,2.000000,0.000000,0.000000,-0.000000,-0.000000
3.8100,0,2,1.000000,3.000000,0.000000,0.000000,-0.000000,-0.000000
3.8100,0,3,1.000000,4.000000,0.000000,0.000000,-0.000000,-0.000000
3.8100,0,4,1.000471,5.000000,0.000426,0.000000,0.000202,-0.000000
3.8100,0,5,1.000000,6.000000,0.000000,0.000000,-0.000000,-0.000000
3.8100,0,6,1.000000,7.000000,0.000000,0.000000,-0.000000,-0.000000
3.8100,0,7,1.000000,8.000000,0.000000,0.000000,-0.000000,-0.000000
3.8100,1,0,2.000000,1.000000,0.000000,0.000000,-0.000000,-0.000000
3.8100,1,1,2.000000,2.000000,0.000000,0.000000,-0.000000,-0.000000
3.8100,1,2,2.000000,3.000000,0.000000,0.000000,-0.000000,-0.000000
3.8100,1,3,2.000000,4.000000,0.000000,0.000000,-0.000000,-0.000000
3.8100,1,4,2.003273,5.000000,0.001829,0.000000,0.000172,-0.000000
3.8100,1,5,2.000000,6.000000,0.000000,0.000000,-0.000000,-0.000000
3.8100,1,6,2.000000,7.000000,0.000000,0.000000,-0.000000,-0.000000
3.8100,1,7,2.000000,8.000000,0.000000,0.000000,-0.000000,-0.000000
3.8100,2,0,3.000000,1.000000,0.000000,0.000000,-0.000000,-0.000000
3.8100,2,1,3.000000,2.000000,0.000000,0.000000,-0.000000,-0.000000
3.8100,2,2,3.000000,3.000000,0.000000,0.000000,-0.000000,-0.000000
3.8100,2,3,3.000000,4.000000,0.000000,0.000000,-0.000000,-0.000000
3.8100,2,4,3.015386,5.000000,0.003791,0.000000,-0.001261,-0.000000
3.8100,2,5,3.000000,6.000000,0.000000,0.000000,-0.000000,-0.000000
3.8100,2,6,3.000000,7.000000,0.000000,0.000000,-0.000000,-0.000000
3.8100,2,7,3.000000,8.000000,0.000000,0.000000,-0.000000,-0.000000
3.8100,3,0,4.000000,1.000000,0.000000,0.000000,-0.000000,-0.000000
3.8100,3,1,4.000000,2.000000,0.000000,0.000000,-0.000000,-0.000000
3.8100,3,2,4.000000,3.000000,0.000000,0.000000,-0.000000,-0.000000
3.8100,3,3,4.000000,4.000000,0.000000,0.000000,-0.000000,-0.000000
3.8100,3,4,4.045193,5.000000,-0.000418,0.000000,-0.001693,-0.000000
3.8100,3,5,4.000000,6.000000,0.000000,0.000000,-0.000000,-0.000000
3.8100,3,6,4.000000,7.000000,0.000000,0.000000,-0.000000,-0.000000
3.8100,3,7,4.000000,8.000000,0.000000,0.000000,-0.000000,-0.000000
3.8100,4,0,5.000000,1.000236,0.000000,0.000213,-0.000000,0.000101
3.8100,4,1,5.000000,2.001637,0.000000,0.000914,-0.000000,0.000086
3.8100,4,2,5.000000,3.007693,0.000000,0.001895,-0.000000,-0.000630
3.8100,4,3,5.000000,4.022597,0.000000,-0.000209,-0.000000,-0.000846
3.8100,4,4,5.071236,5.035618,-0.011412,-0.005706,0.005005,0.002502
3.8100,4,5,5.000000,6.022597,0.000000,-0.000209,-0.000000,-0.000847
3.8100,4,6,5.000000,7.007691,0.000000,0.001892,-0.000000,-0.000635
3.8100,4,7,5.000000,8.001612,0.000000,0.000882,-0.000000,0.000057
3.8100,5,0,6.000000,1.000000,0.000000,0.000000,-0.000000,-0.000000
3.8100,5,1,6.000000,2.000000,0.000000,0.000000,-0.000000,-0.000000
3.8100,5,2,6.000000,3.000000,0.000000,0.000000,-0.000000,-0.000000
3.8100,5,3,6.000000,4.000000,0.000000,0.000000,-0.000000,-0.000000
3.8100,5,4,6.045193,5.000000,-0.000418,0.000000,-0.001694,-0.000000
3.8100,5,5,6.000000,6.000000,0.000000,0.000000,-0.000000,-0.000000
3.8100,5,6,6.000000,7.000000,0.000000,0.000000,-0.000000,-0.000000
3.8100,5,7,6.000000,8.000000,0.000000,0.000000,-0.000000,-0.000000
3.8100,6,0,7.000000,1.000000,0.000000,0.000000,-0.000000,-0.000000
3.8100,6,1,7.000000,2.000000,0.000000,0.000000,-0.000000,-0.000000
3.8100,6,2,7.000000,3.000000,0.000000,0.000000,-0.000000,-0.000000
3.8100,6,3,7.000000,4.000000,0.000000,0.000000,-0.000000,-0.000000
3.8100,6,4,7.015382,5.000000,0.003784,0.000000,-0.001270,-0.000000
3.8100,6,5,7.000000,6.000000,0.000000,0.000000,-0.000000,-0.000000
3.8100,6,6,7.000000,7.000000,0.000000,0.000000,-0.000000,-0.000000
3.8100,6,7,7.000000,8.000000,0.000000,0.000000,-0.000000,-0.000000
3.8100,7,0,8.000000,1.000000,0.000000,0.000000,-0.000000,-0.000000
3.8100,7,1,8.000000,2.000000,0.000000,0.000000,-0.000000,-0.000000
3.8100,7,2,8.000000,3.000000,0.000000,0.000000,-0.000000,-0.000000
3.8100,7,3,8.000000,4.000000,0.000000,0.000000,-0.000000,-0.000000
3.8100,7,4,8.003223,5.000000,0.001765,0.000000,0.000115,-0.000000
3.8100,7,5,8.000000,6.000000,0.000000,0.000000,-0.000000,-0.000000
3.8100,7,6,8.000000,7.000000,0.000000,0.000000,-0.000000,-0.000000
3.8100,7,7,8.000000,8.000000,0.000000,0.000000,-0.000000,-0.000000
3.8600,0,0,1.000000,1.000000,0.000000,0.000000,-0.000000,-0.000000
3.8600,0,1,1.000000,2.000000,0.000000,0.000000,-0.000000,-0.000000
3.8600,0,2,1.000000,3.000000,0.000000,0.000000,-0.000000,-0.000000
3.8600,0,3,1.000000,4.000000,0.000000,0.000000,-0.000000,-0.000000
3.8600,0,4,1.000493,5.000000,0.000436,0.000000,0.000201,-0.000000
3.8600,0,5,1.000000,6.000000,0.000000,0.000000,-0.000000,-0.000000
3.8600,0,6,1.000000,7.000000,0.000000,0.000000,-0.000000,-0.000000
3.8600,0,7,1.000000,8.000000,0.000000,0.000000,-0.000000,-0.000000
3.8600,1,0,2.000000,1.000000,0.000000,0.000000,-0.000000,-0.000000
3.8600,1,1,2.000000,2.000000,0.000000,0.000000,-0.000000,-0.000000
3.8600,1,2,2.000000,3.000000,0.000000,0.000000,-0.000000,-0.000000
3.8600,1,3,2.000000,4.000000,0.000000,0.000000,-0.000000,-0.000000
3.8600,1,4,2.003365,5.000000,0.001837,0.000000,0.000156,-0.000000
3.8600,1,5,2.000000,6.000000,0.000000,0.000000,-0.000000,-0.000000
3.8600,1,6,2.000000,7.000000,0.000000,0.000000,-0.000000,-0.000000
3.8600,1,7,2.000000,8.000000,0.000000,0.000000,-0.000000,-0.000000
3.8600,2,0,3.000000,1.000000,0.000000,0.000000,-0.000000,-0.000000
3.8600,2,1,3.000000,2.000000,0.000000,0.000000,-0.000000,-0.000000
3.8600,2,2,3.000000,3.000000,0.000000,0.000000,-0.000000,-0.000000
3.8600,2,3,3.000000,4.000000,0.000000,0.000000,-0.000000,-0.000000
3.8600,2,4,3.015574,5.000000,0.003728,0.000000,-0.001254,-0.000000
3.8600,2,5,3.000000,6.000000,0.000000,0.000000,-0.000000,-0.000000
3.8600,2,6,3.000000,7.000000,0.000000,0.000000,-0.000000,-0.000000
3.8600,2,7,3.000000,8.000000,0.000000,0.000000,-0.000000,-0.000000
3.8600,3,0,4.000000,1.000000,0.000000,0.000000,-0.000000,-0.000000
3.8600,3,1,4.000000,2.000000,0.000000,0.000000,-0.000000,-0.000000
3.8600,3,2,4.000000,3.000000,0.000000,0.000000,-0.000000,-0.000000
3.8600,3,3,4.000000,4.000000,0.000000,0.000000,-0.000000,-0.000000
3.8600,3,4,4.045170,5.000000,-0.000500,0.000000,-0.001608,-0.000000
3.8600,3,5,4.000000,6.000000,0.000000,0.000000,-0.000000,-0.000000
3.8600,3,6,4.000000,7.000000,0.000000,0.000000,-0.000000,-0.000000
3.8600,3,7,4.000000,8.000000,0.000000,0.000000,-0.000000,-0.000000
3.8600,4,0,5.000000,1.000246,0.000000,0.000218,-0.000000,0.000100
3.8600,4,1,5.000000,2.001682,0.000000,0.000918,-0.000000,0.000078
3.8600,4,2,5.000000,3.007787,0.000000,0.001864,-0.000000,-0.000627
3.8600,4,3,5.000000,4.022585,0.000000,-0.000250,-0.000000,-0.000804
3.8600,4,4,5.070673,5.035336,-0.011166,-0.005583,0.004851,0.002426
3.8600,4,5,5.000000,6.022585,0.000000,-0.000250,-0.000000,-0.000805
3.8600,4,6,5.000000,7.007785,0.000000,0.001860,-0.000000,-0.000631
3.8600,4,7,5.000000,8.001656,0.000000,0.000885,-0.000000,0.000049
3.8600,5,0,6.000000,1.000000,0.000000,0.000000,-0.000000,-0.000000
3.8600,5,1,6.000000,2.000000,0.000000,0.000000,-0.000000,-0.000000
3.8600,5,2,6.000000,3.000000,0.000000,0.000000,-0.000000,-0.000000
3.8600,5,3,6.000000,4.000000,0.000000,0.000000,-0.000000,-0.000000
3.8600,5,4,6.045170,5.000000,-0.000501,0.000000,-0.001609,-0.000000
3.8600,5,5,6.000000,6.000000,0.000000,0.000000,-0.000000,-0.000000
3.8600,5,6,6.000000,7.000000,0.000000,0.000000,-0.000000,-0.000000
3.8600,5,7,6.000000,8.000000,0.000000,0.000000,-0.000000,-0.000000
3.8600,6,0,7.000000,1.000000,0.000000,0.000000,-0.000000,-0.000000
3.8600,6,1,7.000000,2.000000,0.000000,0.000000,-0.000000,-0.000000
3.8600,6,2,7.000000,3.000000,0.000000,0.000000,-0.000000,-0.000000
3.8600,6,3,7.000000,4.000000,0.000000,0.000000,-0.000000,-0.000000
3.8600,6,4,7.015570,5.000000,0.003721,0.000000,-0.001263,-0.000000
3.8600,6,5,7.000000,6.000000,0.000000,0.000000,-0.000000,-0.000000
3.8600,6,6,7.000000,7.000000,0.000000,0.000000,-0.000000,-0.000000
3.8600,6,7,7.000000,8.000000,0.000000,0.000000,-0.000000,-0.000000
3.8600,7,0,8.000000,1.000000,0.000000,0.000000,-0.000000,-0.000000
3.8600,7,1,8.000000,2.000000,0.000000,0.000000,-0.000000,-0.000000
3.8600,7,2,8.000000,3.000000,0.000000,0.000000,-0.000000,-0.000000
3.8600,7,3,8.000000,4.000000,0.000000,0.000000,-0.000000,-0.000000
3.8600,7,4,8.003312,5.000000,0.001770,0.000000,0.000099,-0.000000
3.8600,7,5,8.000000,6.000000,0.000000,0.000000,-0.000000,-0.000000
3.8600,7,6,8.000000,7.000000,0.000000,0.000000,-0.000000,-0.000000
3.8600,7,7,8.000000,8.000000,0.000000,0.000000,-0.000000,-0.000000
3.9100,0,0,1.000000,1.000000,0.000000,0.000000,-0.000000,-0.000000
3.9100,0,1,1.000000,2.000000,0.000000,0.000000,-0.000000,-0.000000
3.9100,0,2,1.000000,3.000000,0.000000,0.000000,-0.000000,-0.000000
3.9100,0,3,1.000000,4.000000,0.000000,0.000000,-0.000000,-0.000000
3.9100,0,4,1.000515,5.000000,0.000446,0.000000,0.000199,-0.000000
3.9100,0,5,1.000000,6.000000,0.000000,0.000000,-0.000000,-0.000000
3.9100,0,6,1.000000,7.000000,0.000000,0.000000,-0.000000,-0.000000
3.9100,0,7,1.000000,8.000000,0.000000,0.000000,-0.000000,-0.000000
3.9100,1,0,2.000000,1.000000,0.000000,0.000000,-0.000000,-0.000000
3.9100,1,1,2.000000,2.000000,0.000000,0.000000,-0.000000,-0.000000
3.9100,1,2,2.000000,3.000000,0.000000,0.000000,-0.000000,-0.000000
3.9100,1,3,2.000000,4.000000,0.000000,0.000000,-0.000000,-0.000000
3.9100,1,4,2.003457,5.000000,0.001844,0.000000,0.000142,-0.000000
3.9100,1,5,2.000000,6.000000,0.000000,0.000000,-0.000000,-0.000000
3.9100,1,6,2.000000,7.000000,0.000000,0.000000,-0.000000,-0.000000
3.9100,1,7,2.000000,8.000000,0.000000,0.000000,-0.000000,-0.000000
3.9100,2,0,3.000000,1.000000,0.000000,0.000000,-0.000000,-0.000000
3.9100,2,1,3.000000,2.000000,0.000000,0.000000,-0.000000,-0.000000
3.9100,2,2,3.000000,3.000000,0.000000,0.000000,-0.000000,-0.000000
3.9100,2,3,3.000000,4.000000,0.000000,0.000000,-0.000000,-0.000000
3.9100,2,4,3.015758,5.000000,0.003665,0.000000,-0.001246,-0.000000
3.9100,2,5,3.000000,6.000000,0.000000,0.000000,-0.000000,-0.000000
3.9100,2,6,3.000000,7.000000,0.000000,0.000000,-0.000000,-0.000000
3.9100,2,7,3.000000,8.000000,0.000000,0.000000,-0.000000,-0.000000
3.9100,3,0,4.000000,1.000000,0.000000,0.000000,-0.000000,-0.000000
3.9100,3,1,4.000000,2.000000,0.000000,0.000000,-0.000000,-0.000000
3.9100,3,2,4.000000,3.000000,0.000000,0.000000,-0.000000,-0.000000
3.9100,3,3,4.000000,4.000000,0.000000,0.000000,-0.000000,-0.000000
3.9100,3,4,4.045142,5.000000,-0.000579,0.000000,-0.001527,-0.000000
3.9100,3,5,4.000000,6.000000,0.000000,0.000000,-0.000000,-0.000000
3.9100,3,6,4.000000,7.000000,0.000000,0.000000,-0.000000,-0.000000
3.9100,3,7,4.000000,8.000000,0.000000,0.000000,-0.000000,-0.000000
3.9100,4,0,5.000000,1.000257,0.000000,0.000223,-0.000000,0.000099
3.9100,4,1,5.000000,2.001728,0.000000,0.000922,-0.000000,0.000071
3.9100,4,2,5.000000,3.007879,0.000000,0.001833,-0.000000,-0.000623
3.9100,4,3,5.000000,4.022571,0.000000,-0.000289,-0.000000,-0.000764
3.9100,4,4,5.070122,5.035061,-0.010927,-0.005463,0.004703,0.002352
3.9100,4,5,5.000000,6.022571,0.000000,-0.000290,-0.000000,-0.000764
3.9100,4,6,5.000000,7.007877,0.000000,0.001829,-0.000000,-0.000628
3.9100,4,7,5.000000,8.001700,0.000000,0.000887,-0.000000,0.000041
3.9100,5,0,6.000000,1.000000,0.000000,0.000000,-0.000000,-0.000000
3.9100,5,1,6.000000,2.000000,0.000000,0.000000,-0.000000,-0.000000
3.9100,5,2,6.000000,3.000000,0.000000,0.000000,-0.000000,-0.000000
3.9100,5,3,6.000000,4.000000,0.000000,0.000000,-0.000000,-0.000000
3.9100,5,4,6.045142,5.000000,-0.000579,0.000000,-0.001528,-0.000000
3.9100,5,5,6.000000,6.000000,0.000000,0.000000,-0.000000,-0.000000
3.9100,5,6,6.000000,7.000000,0.000000,0.000000,-0.000000,-0.000000
3.9100,5,7,6.000000,8.000000,0.000000,0.000000,-0.000000,-0.000000
3.9100,6,0,7.000000,1.000000,0.000000,0.000000,-0.000000,-0.000000
3.9100,6,1,7.000000,2.000000,0.000000,0.000000,-0.000000,-0.000000
3.9100,6,2,7.000000,3.000000,0.000000,0.000000,-0.000000,-0.000000
3.9100,6,3,7.000000,4.000000,0.000000,0.000000,-0.000000,-0.000000
3.9100,6,4,7.015754,5.000000,0.003658,0.000000,-0.001255,-0.000000
3.9100,6,5,7.000000,6.000000,0.000000,0.000000,-0.000000,-0.000000
3.9100,6,6,7.000000,7.000000,0.000000,0.000000,-0.000000,-0.000000
3.9100,6,7,7.000000,8.000000,0.000000,0.000000,-0.000000,-0.000000
3.9100,7,0,8.000000,1.000000,0.000000,0.000000,-0.000000,-0.000000
3.9100,7,1,8.000000,2.000000,0.000000,0.000000,-0.000000,-0.000000
3.9100,7,2,8.000000,3.000000,0.000000,0.000000,-0.000000,-0.000000
3.9100,7,3,8.000000,4.000000,0.000000,0.000000,-0.000000,-0.000000
3.9100,7,4,8.003400,5.000000,0.001775,0.000000,0.000083,-0.000000
3.9100,7,5,8.000000,6.000000,0.000000,0.000000,-0.000000,-0.000000
3.9100,7,6,8.000000,7.000000,0.000000,0.000000,-0.000000,-0.000000
3.9100,7,7,8.000000,8.000000,0.000000,0.000000,-0.000000,-0.000000
3.9600,0,0,1.000000,1.000000,0.000000,0.000000,-0.000000,-0.000000
3.9600,0,1,1.000000,2.000000,0.000000,0.000000,-0.000000,-0.000000
3.9600,0,2,1.000000,3.000000,0.000000,0.000000,-0.000000,-0.000000
3.9600,0,3,1.000000,4.000000,0.000000,0.000000,-0.000000,-0.000000
3.9600,0,4,1.000537,5.000000,0.000456,0.000000,0.000196,-0.000000
3.9600,0,5,1.000000,6.000000,0.000000,0.000000,-0.000000,-0.000000
3.9600,0,6,1.000000,7.000000,0.000000,0.000000,-0.000000,-0.000000
3.9600,0,7,1.000000,8.000000,0.000000,0.000000,-0.000000,-0.000000
3.9600,1,0,2.000000,1.000000,0.000000,0.000000,-0.000000,-0.000000
3.9600,1,1,2.000000,2.000000,0.000000,0.000000,-0.000000,-0.000000
3.9600,1,2,2.000000,3.000000,0.000000,0.000000,-0.000000,-0.000000
3.9600,1,3,2.000000,4.000000,0.000000,0.000000,-0.000000,-0.000000
3.9600,1,4,2.003549,5.000000,0.001851,0.000000,0.000127,-0.000000
3.9600,1,5,2.000000,6.000000,0.000000,0.000000,-0.000000,-0.000000
3.9600,1,6,2.000000,7.000000,0.000000,0.000000,-0.000000,-0.000000
3.9600,1,7,2.000000,8.000000,0.000000,0.000000,-0.000000,-0.000000
3.9600,2,0,3.000000,1.000000,0.000000,0.000000,-0.000000,-0.000000
3.9600,2,1,3.000000,2.000000,0.000000,0.000000,-0.000000,-0.000000
3.9600,2,2,3.000000,3.000000,0.000000,0.000000,-0.000000,-0.000000
3.9600,2,3,3.000000,4.000000,0.000000,0.000000,-0.000000,-0.000000
3.9600,2,4,3.015940,5.000000,0.003603,0.000000,-0.001237,-0.000000
3.9600,2,5,3.000000,6.000000,0.000000,0.000000,-0.000000,-0.000000
3.9600,2,6,3.000000,7.000000,0.000000,0.000000,-0.000000,-0.000000
3.9600,2,7,3.000000,8.000000,0.000000,0.000000,-0.000000,-0.000000
3.9600,3,0,4.000000,1.000000,0.000000,0.000000,-0.000000,-0.000000
3.9600,3,1,4.000000,2.000000,0.000000,0.000000,-0.000000,-0.000000
3.9600,3,2,4.000000,3.000000,0.000000,0.000000,-0.000000,-0.000000
3.9600,3,3,4.000000,4.000000,0.000000,0.000000,-0.000000,-0.000000
3.9600,3,4,4.045111,5.000000,-0.000653,0.000000,-0.001450,-0.000000
3.9600,3,5,4.000000,6.000000,0.000000,0.000000,-0.000000,-0.000000
3.9600,3,6,4.000000,7.000000,0.000000,0.000000,-0.000000,-0.000000
3.9600,3,7,4.000000,8.000000,0.000000,0.000000,-0.000000,-0.000000
3.9600,4,0,5.000000,1.000269,0.000000,0.000228,-0.000000,0.000098
3.9600,4,1,5.000000,2.001775,0.000000,0.000925,-0.000000,0.000064
3.9600,4,2,5.000000,3.007970,0.000000,0.001802,-0.000000,-0.000619
3.9600,4,3,5.000000,4.022556,0.000000,-0.000327,-0.000000,-0.000725
3.9600,4,4,5.069582,5.034791,-0.010695,-0.005348,0.004561,0.002280
3.9600,4,5,5.000000,6.022555,0.000000,-0.000327,-0.000000,-0.000726
3.9600,4,6,5.000000,7.007967,0.000000,0.001798,-0.000000,-0.000623
3.9600,4,7,5.000000,8.001745,0.000000,0.000889,-0.000000,0.000034
3.9600,5,0,6.000000,1.000000,0.000000,0.000000,-0.000000,-0.000000
3.9600,5,1,6.000000,2.000000,0.000000,0.000000,-0.000000,-0.000000
3.9600,5,2,6.000000,3.000000,0.000000,0.000000,-0.000000,-0.000000
3.9600,5,3,6.000000,4.000000,0.000000,0.000000,-0.000000,-0.000000
3.9600,5,4,6.045111,5.000000,-0.000654,0.000000,-0.001451,-0.000000
3.9600,5,5,6.000000,6.000000,0.000000,0.000000,-0.000000,-0.000000
3.9600,5,6,6.000000,7.000000,0.000000,0.000000,-0.000000,-0.000000
3.9600,5,7,6.000000,8.000000,0.000000,0.000000,-0.000000,-0.000000
3.9600,6,0,7.000000,1.000000,0.000000,0.000000,-0.000000,-0.000000
3.9600,6,1,7.000000,2.000000,0.000000,0.000000,-0.000000,-0.000000
3.9600,6,2,7.000000,3.000000,0.000000,0.000000,-0.000000,-0.000000
3.9600,6,3,7.000000,4.000000,0.000000,0.000000,-0.000000,-0.000000
3.9600,6,4,7.015935,5.000000,0.003595,0.000000,-0.001247,-0.000000
3.9600,6,5,7.000000,6.000000,0.000000,0.000000,-0.000000,-0.000000
3.9600,6,6,7.000000,7.000000,0.000000,0.000000,-0.000000,-0.000000
3.9600,6,7,7.000000,8.000000,0.000000,0.000000,-0.000000,-0.000000
3.9600,7,0,8.000000,1.000000,0.000000,0.000000,-0.000000,-0.000000
3.9600,7,1,8.000000,2.000000,0.000000,0.000000,-0.000000,-0.000000
3.9600,7,2,8.000000,3.000000,0.000000,0.000000,-0.000000,-0.000000
3.9600,7,3,8.000000,4.000000,0.000000,0.000000,-0.000000,-0.000000
3.9600,7,4,8.003489,5.000000,0.001778,0.000000,0.000067,-0.000000
3.9600,7,5,8.000000,6.000000,0.000000,0.000000,-0.000000,-0.000000
3.9600,7,6,8.000000,7.000000,0.000000,0.000000,-0.000000,-0.000000
3.9600,7,7,8.000000,8.000000,0.000000,0.000000,-0.000000,-0.000000
4.0100,0,0,1.000000,1.000000,0.000000,0.000000,-0.000000,-0.000000
4.0100,0,1,1.000000,2.000000,0.000000,0.000000,-0.000000,-0.000000
4.0100,0,2,1.000000,3.000000,0.000000,0.000000,-0.000000,-0.000000
4.0100,0,3,1.000000,4.000000,0.000000,0.000000,-0.000000,-0.000000
4.0100,0,4,1.000561,5.000000,0.000465,0.000000,0.000194,-0.000000
4.0100,0,5,1.000000,6.000000,0.000000,0.000000,-0.000000,-0.000000
4.0100,0,6,1.000000,7.000000,0.000000,0.000000,-0.000000,-0.000000
4.0100,0,7,1.000000,8.000000,0.000000,0.000000,-0.000000,-0.000000
4.0100,1,0,2.000000,1.000000,0.000000,0.000000,-0.000000,-0.000000
4.0100,1,1,2.000000,2.000000,0.000000,0.000000,-0.000000,-0.000000
4.0100,1,2,2.000000,3.000000,0.000000,0.000000,-0.000000,-0.000000
4.0100,1,3,2.000000,4.000000,0.000000,0.000000,-0.000000,-0.000000
4.0100,1,4,2.003642,5.000000,0.001857,0.000000,0.000113,-0.000000
4.0100,1,5,2.000000,6.000000,0.000000,0.000000,-0.000000,-0.000000
4.0100,1,6,2.000000,7.000000,0.000000,0.000000,-0.000000,-0.000000
4.0100,1,7,2.000000,8.000000,0.000000,0.000000,-0.000000,-0.000000
4.0100,2,0,3.000000,1.000000,0.000000,0.000000,-0.000000,-0.000000
4.0100,2,1,3.000000,2.000000,0.000000,0.000000,-0.000000,-0.000000
4.0100,2,2,3.000000,3.000000,0.000000,0.000000,-0.000000,-0.000000
4.0100,2,3,3.000000,4.000000,0.000000,0.000000,-0.000000,-0.000000
4.0100,2,4,3.016118,5.000000,0.003542,0.000000,-0.001228,-0.000000
4.0100,2,5,3.000000,6.000000,0.000000,0.000000,-0.000000,-0.000000
4.0100,2,6,3.000000,7.000000,0.000000,0.000000,-0.000000,-0.000000
4.0100,2,7,3.000000,8.000000,0.000000,0.000000,-0.000000,-0.000000
4.0100,3,0,4.000000,1.000000,0.000000,0.000000,-0.000000,-0.000000
4.0100,3,1,4.000000,2.000000,0.000000,0.000000,-0.000000,-0.000000
4.0100,3,2,4.000000,3.000000,0.000000,0.000000,-0.000000,-0.000000
4.0100,3,3,4.000000,4.000000,0.000000,0.000000,-0.000000,-0.000000
4.0100,3,4,4.045077,5.000000,-0.000724,0.000000,-0.001376,-0.000000
4.0100,3,5,4.000000,6.000000,0.000000,0.000000,-0.000000,-0.000000
4.0100,3,6,4.000000,7.000000,0.000000,0.000000,-0.000000,-0.000000
4.0100,3,7,4.000000,8.000000,0.000000,0.000000,-0.000000,-0.000000
4.0100,4,0,5.000000,1.000280,0.000000,0.000233,-0.000000,0.000097
4.0100,4,1,5.000000,2.001821,0.000000,0.000928,-0.000000,0.000056
4.0100,4,2,5.000000,3.008059,0.000000,0.001771,-0.000000,-0.000614
4.0100,4,3,5.000000,4.022538,0.000000,-0.000362,-0.000000,-0.000688
4.0100,4,4,5.069054,5.034527,-0.010471,-0.005235,0.004423,0.002212
4.0100,4,5,5.000000,6.022538,0.000000,-0.000362,-0.000000,-0.000689
4.0100,4,6,5.000000,7.008056,0.000000,0.001767,-0.000000,-0.000619
4.0100,4,7,5.000000,8.001789,0.000000,0.000891,-0.000000,0.000026
4.0100,5,0,6.000000,1.000000,0.000000,0.000000,-0.000000,-0.000000
4.0100,5,1,6.000000,2.000000,0.000000,0.000000,-0.000000,-0.000000
4.0100,5,2,6.000000,3.000000,0.000000,0.000000,-0.000000,-0.000000
4.0100,5,3,6.000000,4.000000,0.000000,0.000000,-0.000000,-0.000000
4.0100,5,4,6.045076,5.000000,-0.000724,0.000000,-0.001377,-0.000000
4.0100,5,5,6.000000,6.000000,0.000000,0.000000,-0.000000,-0.000000
4.0100,5,6,6.000000,7.000000,0.000000,0.000000,-0.000000,-0.000000
4.0100,5,7,6.000000,8.000000,0.000000,0.000000,-0.000000,-0.000000
4.0100,6,0,7.000000,1.000000,0.000000,0.000000,-0.000000,-0.000000
4.0100,6,1,7.000000,2.000000,0.000000,0.000000,-0.000000,-0.000000
4.0100,6,2,7.000000,3.000000,0.000000,0.000000,-0.000000,-0.000000
4.0100,6,3,7.000000,4.000000,0.000000,0.000000,-0.000000,-0.000000
4.0100,6,4,7.016113,5.000000,0.003533,0.000000,-0.001238,-0.000000
4.0100,6,5,7.000000,6.000000,0.000000,0.000000,-0.000000,-0.000000
4.0100,6,6,7.000000,7.000000,0.000000,0.000000,-0.000000,-0.000000
4.0100,6,7,7.000000,8.000000,0.000000,0.000000,-0.000000,-0.000000
4.0100,7,0,8.000000,1.000000,0.000000,0.000000,-0.000000,-0.000000
4.0100,7,1,8.000000,2.000000,0.000000,0.000000,-0.000000,-0.000000
4.0100,7,2,8.000000,3.000000,0.000000,0.000000,-0.000000,-0.000000
4.0100,7,3,8.000000,4.000000,0.000000,0.000000,-0.000000,-0.000000
4.0100,7,4,8.003578,5.000000,0.001781,0.000000,0.000052,-0.000000
4.0100,7,5,8.000000,6.000000,0.000000,0.000000,-0.000000,-0.000000
4.0100,7,6,8.000000,7.000000,0.000000,0.000000,-0.000000,-0.000000
4.0100,7,7,8.000000,8.000000,0.000000,0.000000,-0.000000,-0.000000
4.0600,0,0,1.000000,1.000000,0.000000,0.000000,-0.000000,-0.000000
4.0600,0,1,1.000000,2.000000,0.000000,0.000000,-0.000000,-0.000000
4.0600,0,2,1.000000,3.000000,0.000000,0.000000,-0.000000,-0.000000
4.0600,0,3,1.000000,4.000000,0.000000,0.000000,-0.000000,-0.000000
4.0600,0,4,1.000584,5.000000,0.000475,0.000000,0.000192,-0.000000
4.0600,0,5,1.000000,6.000000,0.000000,0.000000,-0.000000,-0.000000
4.0600,0,6,1.000000,7.000000,0.000000,0.000000,-0.000000,-0.000000
4.0600,0,7,1.000000,8.000000,0.000000,0.000000,-0.000000,-0.000000
4.0600,1,0,2.000000,1.000000,0.000000,0.000000,-0.000000,-0.000000
4.0600,1,1,2.000000,2.000000,0.000000,0.000000,-0.000000,-0.000000
4.0600,1,2,2.000000,3.000000,0.000000,0.000000,-0.000000,-0.000000
4.0600,1,3,2.000000,4.000000,0.000000,0.000000,-0.000000,-0.000000
4.0600,1,4,2.003735,5.000000,0.001862,0.000000,0.000099,-0.000000
4.0600,1,5,2.000000,6.000000,0.000000,0.000000,-0.000000,-0.000000
4.0600,1,6,2.000000,7.000000,0.000000,0.000000,-0.000000,-0.000000
4.0600,1,7,2.000000,8.000000,0.000000,0.000000,-0.000000,-0.000000
4.0600,2,0,3.000000,1.000000,0.000000,0.000000,-0.000000,-0.000000
4.0600,2,1,3.000000,2.000000,0.000000,0.000000,-0.000000,-0.000000
4.0600,2,2,3.000000,3.000000,0.000000,0.000000,-0.000000,-0.000000
4.0600,2,3,3.000000,4.000000,0.000000,0.000000,-0.000000,-0.000000
4.0600,2,4,3.016293,5.000000,0.003480,0.000000,-0.001218,-0.000000
4.0600,2,5,3.000000,6.000000,0.000000,0.000000,-0.000000,-0.000000
4.0600,2,6,3.000000,7.000000,0.000000,0.000000,-0.000000,-0.000000
4.0600,2,7,3.000000,8.000000,0.000000,0.000000,-0.000000,-0.000000
4.0600,3,0,4.000000,1.000000,0.000000,0.000000,-0.000000,-0.000000
4.0600,3,1,4.000000,2.000000,0.000000,0.000000,-0.000000,-0.000000
4.0600,3,2,4.000000,3.000000,0.000000,0.000000,-0.000000,-0.000000
4.0600,3,3,4.000000,4.000000,0.000000,0.000000,-0.000000,-0.000000
4.0600,3,4,4.045038,5.000000,-0.000791,0.000000,-0.001306,-0.000000
4.0600,3,5,4.000000,6.000000,0.000000,0.000000,-0.000000,-0.000000
4.0600,3,6,4.000000,7.000000,0.000000,0.000000,-0.000000,-0.000000
4.0600,3,7,4.000000,8.000000,0.000000,0.000000,-0.000000,-0.000000
4.0600,4,0,5.000000,1.000292,0.000000,0.000238,-0.000000,0.000096
4.0600,4,1,5.000000,2.001867,0.000000,0.000931,-0.000000,0.000050
4.0600,4,2,5.000000,3.008147,0.000000,0.001740,-0.000000,-0.000609
4.0600,4,3,5.000000,4.022519,0.000000,-0.000395,-0.000000,-0.000653
4.0600,4,4,5.068537,5.034269,-0.010253,-0.005126,0.004291,0.002145
4.0600,4,5,5.000000,6.022519,0.000000,-0.000396,-0.000000,-0.000654
4.0600,4,6,5.000000,7.008144,0.000000,0.001736,-0.000000,-0.000614
4.0600,4,7,5.000000,8.001834,0.000000,0.000892,-0.000000,0.000019
4.0600,5,0,6.000000,1.000000,0.000000,0.000000,-0.000000,-0.000000
4.0600,5,1,6.000000,2.000000,0.000000,0.000000,-0.000000,-0.000000
4.0600,5,2,6.000000,3.000000,0.000000,0.000000,-0.000000,-0.000000
4.0600,5,3,6.000000,4.000000,0.000000,0.000000,-0.000000,-0.000000
4.0600,5,4,6.045038,5.000000,-0.000792,0.000000,-0.001307,-0.000000
4.0600,5,5,6.000000,6.000000,0.000000,0.000000,-0.000000,-0.000000
4.0600,5,6,6.000000,7.000000,0.000000,0.000000,-0.000000,-0.000000
4.0600,5,7,6.000000,8.000000,0.000000,0.000000,-0.000000,-0.000000
4.0600,6,0,7.000000,1.000000,0.000000,0.000000,-0.000000,-0.000000
4.0600,6,1,7.000000,2.000000,0.000000,0.000000,-0.000000,-0.000000
4.0600,6,2,7.000000,3.000000,0.000000,0.000000,-0.000000,-0.000000
4.0600,6,3,7.000000,4.000000,0.000000,0.000000,-0.000000,-0.000000
4.0600,6,4,7.016288,5.000000,0.003471,0.000000,-0.001229,-0.000000
4.0600,6,5,7.000000,6.000000,0.000000,0.000000,-0.000000,-0.000000
4.0600,6,6,7.000000,7.000000,0.000000,0.000000,-0.000000,-0.000000
4.0600,6,7,7.000000,8.000000,0.000000,0.000000,-0.000000,-0.000000
4.0600,7,0,8.000000,1.000000,0.000000,0.000000,-0.000000,-0.000000
4.0600,7,1,8.000000,2.000000,0.000000,0.000000,-0.000000,-0.000000
4.0600,7,2,8.000000,3.000000,0.000000,0.000000,-0.000000,-0.000000
4.0600,7,3,8.000000,4.000000,0.000000,0.000000,-0.000000,-0.000000
4.0600,7,4,8.003667,5.000000,0.001784,0.000000,0.000037,-0.000000
4.0600,7,5,8.000000,6.000000,0.000000,0.000000,-0.000000,-0.000000
4.0600,7,6,8.000000,7.000000,0.000000,0.000000,-0.000000,-0.000000
4.0600,7,7,8.000000,8.000000,0.000000,0.000000,-0.000000,-0.000000
4.1100,0,0,1.000000,1.000000,0.000000,0.000000,-0.000000,-0.000000
4.1100,0,1,1.000000,2.000000,0.000000,0.000000,-0.000000,-0.000000
4.1100,0,2,1.000000,3.000000,0.000000,0.000000,-0.000000,-0.000000
4.1100,0,3,1.000000,4.000000,0.000000,0.000000,-0.000000,-0.000000
4.1100,0,4,1.000608,5.000000,0.000485,0.000000,0.000189,-0.000000
4.1100,0,5,1.000000,6.000000,0.000000,0.000000,-0.000000,-0.000000
4.1100,0,6,1.000000,7.000000,0.000000,0.000000,-0.000000,-0.000000
4.1100,0,7,1.000000,8.000000,0.000000,0.000000,-0.000000,-0.000000
4.1100,1,0,2.000000,1.000000,0.000000,0.000000,-0.000000,-0.000000
4.1100,1,1,2.000000,2.000000,0.000000,0.000000,-0.000000,-0.000000
4.1100,1,2,2.000000,3.000000,0.000000,0.000000,-0.000000,-0.000000
4.1100,1,3,2.000000,4.000000,0.000000,0.000000,-0.000000,-0.000000
4.1100,1,4,2.003828,5.000000,0.001867,0.000000,0.000086,-0.000000
4.1100,1,5,2.000000,6.000000,0.000000,0.000000,-0.000000,-0.000000
4.1100,1,6,2.000000,7.000000,0.000000,0.000000,-0.000000,-0.000000
4.1100,1,7,2.000000,8.000000,0.000000,0.000000,-0.000000,-0.000000
4.1100,2,0,3.000000,1.000000,0.000000,0.000000,-0.000000,-0.000000
4.1100,2,1,3.000000,2.000000,0.000000,0.000000,-0.000000,-0.000000
4.1100,2,2,3.000000,3.000000,0.000000,0.000000,-0.000000,-0.000000
4.1100,2,3,3.000000,4.000000,0.000000,0.000000,-0.000000,-0.000000
4.1100,2,4,3.016466,5.000000,0.003420,0.000000,-0.001207,-0.000000
4.1100,2,5,3.000000,6.000000,0.000000,0.000000,-0.000000,-0.000000
4.1100,2,6,3.000000,7.000000,0.000000,0.000000,-0.000000,-0.000000
4.1100,2,7,3.000000,8.000000,0.000000,0.000000,-0.000000,-0.000000
4.1100,3,0,4.000000,1.000000,0.000000,0.000000,-0.000000,-0.000000
4.1100,3,1,4.000000,2.000000,0.000000,0.000000,-0.000000,-0.000000
4.1100,3,2,4.000000,3.000000,0.000000,0.000000,-0.000000,-0.000000
4.1100,3,3,4.000000,4.000000,0.000000,0.000000,-0.000000,-0.000000
4.1100,3,4,4.044997,5.000000,-0.000854,0.000000,-0.001238,-0.000000
4.1100,3,5,4.000000,6.000000,0.000000,0.000000,-0.000000,-0.000000
4.1100,3,6,4.000000,7.000000,0.000000,0.000000,-0.000000,-0.000000
4.1100,3,7,4.000000,8.000000,0.000000,0.000000,-0.000000,-0.000000
4.1100,4,0,5.000000,1.000304,0.000000,0.000242,-0.000000,0.000095
4.1100,4,1,5.000000,2.001914,0.000000,0.000933,-0.000000,0.000043
4.1100,4,2,5.000000,3.008233,0.000000,0.001710,-0.000000,-0.000604
4.1100,4,3,5.000000,4.022498,0.000000,-0.000427,-0.000000,-0.000619
4.1100,4,4,5.068031,5.034016,-0.010041,-0.005021,0.004163,0.002081
4.1100,4,5,5.000000,6.022498,0.000000,-0.000428,-0.000000,-0.000620
4.1100,4,6,5.000000,7.008230,0.000000,0.001705,-0.000000,-0.000609
4.1100,4,7,5.000000,8.001878,0.000000,0.000893,-0.000000,0.000012
4.1100,5,0,6.000000,1.000000,0.000000,0.000000,-0.000000,-0.000000
4.1100,5,1,6.000000,2.000000,0.000000,0.000000,-0.000000,-0.000000
4.1100,5,2,6.000000,3.000000,0.000000,0.000000,-0.000000,-0.000000
4.1100,5,3,6.000000,4.000000,0.000000,0.000000,-0.000000,-0.000000
4.1100,5,4,6.044996,5.000000,-0.000855,0.000000,-0.001240,-0.000000
4.1100,5,5,6.000000,6.000000,0.000000,0.000000,-0.000000,-0.000000
4.1100,5,6,6.000000,7.000000,0.000000,0.000000,-0.000000,-0.000000
4.1100,5,7,6.000000,8.000000,0.000000,0.000000,-0.000000,-0.000000
4.1100,6,0,7.000000,1.000000,0.000000,0.000000,-0.000000,-0.000000
4.1100,6,1,7.000000,2.000000,0.000000,0.000000,-0.000000,-0.000000
4.1100,6,2,7.000000,3.000000,0.000000,0.000000,-0.000000,-0.000000
4.1100,6,3,7.000000,4.000000,0.000000,0.000000,-0.000000,-0.000000
4.1100,6,4,7.016459,5.000000,0.003410,0.000000,-0.001218,-0.000000
4.1100,6,5,7.000000,6.000000,0.000000,0.000000,-0.000000,-0.000000
4.1100,6,6,7.000000,7.000000,0.000000,0.000000,-0.000000,-0.000000
4.1100,6,7,7.000000,8.000000,0.000000,0.000000,-0.000000,-0.000000
4.1100,7,0,8.000000,1.000000,0.000000,0.000000,-0.000000,-0.000000
4.1100,7,1,8.000000,2.000000,0.000000,0.000000,-0.000000,-0.000000
4.1100,7,2,8.000000,3.000000,0.000000,0.000000,-0.000000,-0.000000
4.1100,7,3,8.000000,4.000000,0.000000,0.000000,-0.000000,-0.000000
4.1100,7,4,8.003757,5.000000,0.001785,0.000000,0.000023,-0.000000
4.1100,7,5,8.000000,6.000000,0.000000,0.000000,-0.000000,-0.000000
4.1100,7,6,8.000000,7.000000,0.000000,0.000000,-0.000000,-0.000000
4.1100,7,7,8.000000,8.000000,0.000000,0.000000,-0.000000,-0.000000
4.1600,0,0,1.000000,1.000000,0.000000,0.000000,-0.000000,-0.000000
4.1600,0,1,1.000000,2.000000,0.000000,0.000000,-0.000000,-0.000000
4.1600,0,2,1.000000,3.000000,0.000000,0.000000,-0.000000,-0.000000
4.1600,0,3,1.000000,4.000000,0.000000,0.000000,-0.000000,-0.000000
4.1600,0,4,1.000633,5.000000,0.000494,0.000000,0.000187,-0.000000
4.1600,0,5,1.000000,6.000000,0.000000,0.000000,-0.000000,-0.000000
4.1600,0,6,1.000000,7.000000,0.000000,0.000000,-0.000000,-0.000000
4.1600,0,7,1.000000,8.000000,0.000000,0.000000,-0.000000,-0.000000
4.1600,1,0,2.000000,1.000000,0.000000,0.000000,-0.000000,-0.000000
4.1600,1,1,2.000000,2.000000,0.000000,0.000000,-0.000000,-0.000000
4.1600,1,2,2.000000,3.000000,0.000000,0.000000,-0.000000,-0.000000
4.1600,1,3,2.000000,4.000000,0.000000,0.000000,-0.000000,-0.000000
4.1600,1,4,2.003922,5.000000,0.001871,0.000000,0.000073,-0.000000
4.1600,1,5,2.000000,6.000000,0.000000,0.000000,-0.000000,-0.000000
4.1600,1,6,2.000000,7.000000,0.000000,0.000000,-0.000000,-0.000000
4.1600,1,7,2.000000,8.000000,0.000000,0.000000,-0.000000,-0.000000
4.1600,2,0,3.000000,1.000000,0.000000,0.000000,-0.000000,-0.000000
4.1600,2,1,3.000000,2.000000,0.000000,0.000000,-0.000000,-0.000000
4.1600,2,2,3.000000,3.000000,0.000000,0.000000,-0.000000,-0.000000
4.1600,2,3,3.000000,4.000000,0.000000,0.000000,-0.000000,-0.000000
4.1600,2,4,3.016635,5.000000,0.003360,0.000000,-0.001196,-0.000000
4.1600,2,5,3.000000,6.000000,0.000000,0.000000,-0.000000,-0.000000
4.1600,2,6,3.000000,7.000000,0.000000,0.000000,-0.000000,-0.000000
4.1600,2,7,3.000000,8.000000,0.000000,0.000000,-0.000000,-0.000000
4.1600,3,0,4.000000,1.000000,0.000000,0.000000,-0.000000,-0.000000
4.1600,3,1,4.000000,2.000000,0.000000,0.000000,-0.000000,-0.000000
4.1600,3,2,4.000000,3.000000,0.000000,0.000000,-0.000000,-0.000000
4.1600,3,3,4.000000,4.000000,0.000000,0.000000,-0.000000,-0.000000
4.1600,3,4,4.044952,5.000000,-0.000915,0.000000,-0.001174,-0.000000
4.1600,3,5,4.000000,6.000000,0.000000,0.000000,-0.000000,-0.000000
4.1600,3,6,4.000000,7.000000,0.000000,0.000000,-0.000000,-0.000000
4.1600,3,7,4.000000,8.000000,0.000000,0.000000,-0.000000,-0.000000
4.1600,4,0,5.000000,1.000316,0.000000,0.000247,-0.000000,0.000093
4.1600,4,1,5.000000,2.001961,0.000000,0.000935,-0.000000,0.000036
4.1600,4,2,5.000000,3.008317,0.000000,0.001680,-0.000000,-0.000598
4.1600,4,3,5.000000,4.022476,0.000000,-0.000457,-0.000000,-0.000587
4.1600,4,4,5.067535,5.033768,-0.009836,-0.004918,0.004039,0.002020
4.1600,4,5,5.000000,6.022476,0.000000,-0.000458,-0.000000,-0.000588
4.1600,4,6,5.000000,7.008314,0.000000,0.001675,-0.000000,-0.000604
4.1600,4,7,5.000000,8.001923,0.000000,0.000893,-0.000000,0.000005
4.1600,5,0,6.000000,1.000000,0.000000,0.000000,-0.000000,-0.000000
4.1600,5,1,6.000000,2.000000,0.000000,0.000000,-0.000000,-0.000000
4.1600,5,2,6.000000,3.000000,0.000000,0.000000,-0.000000,-0.000000
4.1600,5,3,6.000000,4.000000,0.000000,0.000000,-0.000000,-0.000000
4.1600,5,4,6.044952,5.000000,-0.000916,0.000000,-0.001175,-0.000000
4.1600,5,5,6.000000,6.000000,0.000000,0.000000,-0.000000,-0.000000
4.1600,5,6,6.000000,7.000000,0.000000,0.000000,-0.000000,-0.000000
4.1600,5,7,6.000000,8.000000,0.000000,0.000000,-0.000000,-0.000000
4.1600,6,0,7.000000,1.000000,0.000000,0.000000,-0.000000,-0.000000
4.1600,6,1,7.000000,2.000000,0.000000,0.000000,-0.000000,-0.000000
4.1600,6,2,7.000000,3.000000,0.000000,0.000000,-0.000000,-0.000000
4.1600,6,3,7.000000,4.000000,0.000000,0.000000,-0.000000,-0.000000
4.1600,6,4,7.016628,5.000000,0.003350,0.000000,-0.001208,-0.000000
4.1600,6,5,7.000000,6.000000,0.000000,0.000000,-0.000000,-0.000000
4.1600,6,6,7.000000,7.000000,0.000000,0.000000,-0.000000,-0.000000
4.1600,6,7,7.000000,8.000000,0.000000,0.000000,-0.000000,-0.000000
4.1600,7,0,8.000000,1.000000,0.000000,0.000000,-0.000000,-0.000000
4.1600,7,1,8.000000,2.000000,0.000000,0.000000,-0.000000,-0.000000
4.1600,7,2,8.000000,3.000000,0.000000,0.000000,-0.000000,-0.000000
4.1600,7,3,8.000000,4.000000,0.000000,0.000000,-0.000000,-0.000000
4.1600,7,4,8.003846,5.000000,0.001786,0.000000,0.000009,-0.000000
4.1600,7,5,8.000000,6.000000,0.000000,0.000000,-0.000000,-0.000000
4.1600,7,6,8.000000,7.000000,0.000000,0.000000,-0.000000,-0.000000
4.1600,7,7,8.000000,8.000000,0.000000,0.000000,-0.000000,-0.000000
4.2100,0,0,1.000000,1.000000,0.000000,0.000000,-0.000000,-0.000000
4.2100,0,1,1.000000,2.000000,0.000000,0.000000,-0.000000,-0.000000
4.2100,0,2,1.000000,3.000000,0.000000,0.000000,-0.000000,-0.000000
4.2100,0,3,1.000000,4.000000,0.000000,0.000000,-0.000000,-0.000000
4.2100,0,4,1.000658,5.000000,0.000503,0.000000,0.000184,-0.000000
4.2100,0,5,1.000000,6.000000,0.000000,0.000000,-0.000000,-0.000000
4.2100,0,6,1.000000,7.000000,0.000000,0.000000,-0.000000,-0.000000
4.2100,0,7,1.000000,8.000000,0.000000,0.000000,-0.000000,-0.000000
4.2100,1,0,2.000000,1.000000,0.000000,0.000000,-0.000000,-0.000000
4.2100,1,1,2.000000,2.000000,0.000000,0.000000,-0.000000,-0.000000
4.2100,1,2,2.000000,3.000000,0.000000,0.000000,-0.000000,-0.000000
4.2100,1,3,2.000000,4.000000,0.000000,0.000000,-0.000000,-0.000000
4.2100,1,4,2.004015,5.000000,0.001874,0.000000,0.000060,-0.000000
4.2100,1,5,2.000000,6.000000,0.000000,0.000000,-0.000000,-0.000000
4.2100,1,6,2.000000,7.000000,0.000000,0.000000,-0.000000,-0.000000
4.2100,1,7,2.000000,8.000000,0.000000,0.000000,-0.000000,-0.000000
4.2100,2,0,3.000000,1.000000,0.000000,0.000000,-0.000000,-0.000000
4.2100,2,1,3.000000,2.000000,0.000000,0.000000,-0.000000,-0.000000
4.2100,2,2,3.000000,3.000000,0.000000,0.000000,-0.000000,-0.000000
4.2100,2,3,3.000000,4.000000,0.000000,0.000000,-0.000000,-0.000000
4.2100,2,4,3.016801,5.000000,0.003300,0.000000,-0.001185,-0.000000
4.2100,2,5,3.000000,6.000000,0.000000,0.000000,-0.000000,-0.000000
4.2100,2,6,3.000000,7.000000,0.000000,0.000000,-0.000000,-0.000000
4.2100,2,7,3.000000,8.000000,0.000000,0.000000,-0.000000,-0.000000
4.2100,3,0,4.000000,1.000000,0.000000,0.000000,-0.000000,-0.000000
4.2100,3,1,4.000000,2.000000,0.000000,0.000000,-0.000000,-0.000000
4.2100,3,2,4.000000,3.000000,0.000000,0.000000,-0.000000,-0.000000
4.2100,3,3,4.000000,4.000000,0.000000,0.000000,-0.000000,-0.000000
4.2100,3,4,4.044905,5.000000,-0.000972,0.000000,-0.001112,-0.000000
4.2100,3,5,4.000000,6.000000,0.000000,0.000000,-0.000000,-0.000000
4.2100,3,6,4.000000,7.000000,0.000000,0.000000,-0.000000,-0.000000
4.2100,3,7,4.000000,8.000000,0.000000,0.000000,-0.000000,-0.000000
4.2100,4,0,5.000000,1.000329,0.000000,0.000252,-0.000000,0.000092
4.2100,4,1,5.000000,2.002008,0.000000,0.000937,-0.000000,0.000030
4.2100,4,2,5.000000,3.008400,0.000000,0.001650,-0.000000,-0.000593
4.2100,4,3,5.000000,4.022452,0.000000,-0.000486,-0.000000,-0.000556
4.2100,4,4,5.067049,5.033525,-0.009637,-0.004819,0.003920,0.001960
4.2100,4,5,5.000000,6.022452,0.000000,-0.000486,-0.000000,-0.000557
4.2100,4,6,5.000000,7.008397,0.000000,0.001645,-0.000000,-0.000598
4.2100,4,7,5.000000,8.001968,0.000000,0.000893,-0.000000,-0.000002
4.2100,5,0,6.000000,1.000000,0.000000,0.000000,-0.000000,-0.000000
4.2100,5,1,6.000000,2.000000,0.000000,0.000000,-0.000000,-0.000000
4.2100,5,2,6.000000,3.000000,0.000000,0.000000,-0.000000,-0.000000
4.2100,5,3,6.000000,4.000000,0.000000,0.000000,-0.000000,-0.000000
4.2100,5,4,6.044904,5.000000,-0.000973,0.000000,-0.001114,-0.000000
4.2100,5,5,6.000000,6.000000,0.000000,0.000000,-0.000000,-0.000000
4.2100,5,6,6.000000,7.000000,0.000000,0.000000,-0.000000,-0.000000
4.2100,5,7,6.000000,8.000000,0.000000,0.000000,-0.000000,-0.000000
4.2100,6,0,7.000000,1.000000,0.000000,0.000000,-0.000000,-0.000000
4.2100,6,1,7.000000,2.000000,0.000000,0.000000,-0.000000,-0.000000
4.2100,6,2,7.000000,3.000000,0.000000,0.000000,-0.000000,-0.000000
4.2100,6,3,7.000000,4.000000,0.000000,0.000000,-0.000000,-0.000000
4.2100,6,4,7.016794,5.000000,0.003289,0.000000,-0.001197,-0.000000
4.2100,6,5,7.000000,6.000000,0.000000,0.000000,-0.000000,-0.000000
4.2100,6,6,7.000000,7.000000,0.000000,0.000000,-0.000000,-0.000000
4.2100,6,7,7.000000,8.000000,0.000000,0.000000,-0.000000,-0.000000
4.2100,7,0,8.000000,1.000000,0.000000,0.000000,-0.000000,-0.000000
4.2100,7,1,8.000000,2.000000,0.000000,0.000000,-0.000000,-0.000000
4.2100,7,2,8.000000,3.000000,0.000000,0.000000,-0.000000,-0.000000
4.2100,7,3,8.000000,4.000000,0.000000,0.000000,-0.000000,-0.000000
4.2100,7,4,8.003935,5.000000,0.001786,0.000000,-0.000004,-0.000000
4.2100,7,5,8.000000,6.000000,0.000000,0.000000,-0.000000,-0.000000
4.2100,7,6,8.000000,7.000000,0.000000,0.000000,-0.000000,-0.000000
4.2100,7,7,8.000000,8.000000,0.000000,0.000000,-0.000000,-0.000000
4.2600,0,0,1.000000,1.000000,0.000000,0.000000,-0.000000,-0.000000
4.2600,0,1,1.000000,2.000000,0.000000,0.000000,-0.000000,-0.000000
4.2600,0,2,1.000000,3.000000,0.000000,0.000000,-0.000000,-0.000000
4.2600,0,3,1.000000,4.000000,0.000000,0.000000,-0.000000,-0.000000
4.2600,0,4,1.000683,5.000000,0.000512,0.000000,0.000181,-0.000000
4.2600,0,5,1.000000,6.000000,0.000000,0.000000,-0.000000,-0.000000
4.2600,0,6,1.000000,7.000000,0.000000,0.000000,-0.000000,-0.000000
4.2600,0,7,1.000000,8.000000,0.000000,0.000000,-0.000000,-0.000000
4.2600,1,0,2.000000,1.000000,0.000000,0.000000,-0.000000,-0.000000
4.2600,1,1,2.000000,2.000000,0.000000,0.000000,-0.000000,-0.000000
4.2600,1,2,2.000000,3.000000,0.000000,0.000000,-0.000000,-0.000000
4.2600,1,3,2.000000,4.000000,0.000000,0.000000,-0.000000,-0.000000
4.2600,1,4,2.004109,5.000000,0.001877,0.000000,0.000048,-0.000000
4.2600,1,5,2.000000,6.000000,0.000000,0.000000,-0.000000,-0.000000
4.2600,1,6,2.000000,7.000000,0.000000,0.000000,-0.000000,-0.000000
4.2600,1,7,2.000000,8.000000,0.000000,0.000000,-0.000000,-0.000000
4.2600,2,0,3.000000,1.000000,0.000000,0.000000,-0.000000,-0.000000
4.2600,2,1,3.000000,2.000000,0.000000,0.000000,-0.000000,-0.000000
4.2600,2,2,3.000000,3.000000,0.000000,0.000000,-0.000000,-0.000000
4.2600,2,3,3.000000,4.000000,0.000000,0.000000,-0.000000,-0.000000
4.2600,2,4,3.016964,5.000000,0.003241,0.000000,-0.001173,-0.000000
4.2600,2,5,3.000000,6.000000,0.000000,0.000000,-0.000000,-0.000000
4.2600,2,6,3.000000,7.000000,0.000000,0.000000,-0.000000,-0.000000
4.2600,2,7,3.000000,8.000000,0.000000,0.000000,-0.000000,-0.000000
4.2600,3,0,4.000000,1.000000,0.000000,0.000000,-0.000000,-0.000000
4.2600,3,1,4.000000,2.000000,0.000000,0.000000,-0.000000,-0.000000
4.2600,3,2,4.000000,3.000000,0.000000,0.000000,-0.000000,-0.000000
4.2600,3,3,4.000000,4.000000,0.000000,0.000000,-0.000000,-0.000000
4.2600,3,4,4.044855,5.000000,-0.001026,0.000000,-0.001054,-0.000000
4.2600,3,5,4.000000,6.000000,0.000000,0.000000,-0.000000,-0.000000
4.2600,3,6,4.000000,7.000000,0.000000,0.000000,-0.000000,-0.000000
4.2600,3,7,4.000000,8.000000,0.000000,0.000000,-0.000000,-0.000000
4.2600,4,0,5.000000,1.000342,0.000000,0.000256,-0.000000,0.000091
4.2600,4,1,5.000000,2.002055,0.000000,0.000938,-0.000000,0.000024
4.2600,4,2,5.000000,3.008482,0.000000,0.001621,-0.000000,-0.000587
4.2600,4,3,5.000000,4.022427,0.000000,-0.000513,-0.000000,-0.000527
4.2600,4,4,5.066573,5.033287,-0.009444,-0.004722,0.003805,0.001903
4.2600,4,5,5.000000,6.022427,0.000000,-0.000513,-0.000000,-0.000528
4.2600,4,6,5.000000,7.008478,0.000000,0.001615,-0.000000,-0.000593
4.2600,4,7,5.000000,8.002012,0.000000,0.000893,-0.000000,-0.000009
4.2600,5,0,6.000000,1.000000,0.000000,0.000000,-0.000000,-0.000000
4.2600,5,1,6.000000,2.000000,0.000000,0.000000,-0.000000,-0.000000
4.2600,5,2,6.000000,3.000000,0.000000,0.000000,-0.000000,-0.000000
4.2600,5,3,6.000000,4.000000,0.000000,0.000000,-0.000000,-0.000000
4.2600,5,4,6.044854,5.000000,-0.001027,0.000000,-0.001055,-0.000000
4.2600,5,5,6.000000,6.000000,0.000000,0.000000,-0.000000,-0.000000
4.2600,5,6,6.000000,7.000000,0.000000,0.000000,-0.000000,-0.000000
4.2600,5,7,6.000000,8.000000,0.000000,0.000000,-0.000000,-0.000000
4.2600,6,0,7.000000,1.000000,0.000000,0.000000,-0.000000,-0.000000
4.2600,6,1,7.000000,2.000000,0.000000,0.000000,-0.000000,-0.000000
4.2600,6,2,7.000000,3.000000,0.000000,0.000000,-0.000000,-0.000000
4.2600,6,3,7.000000,4.000000,0.000000,0.000000,-0.000000,-0.000000
4.2600,6,4,7.016956,5.000000,0.003230,0.000000,-0.001186,-0.000000
4.2600,6,5,7.000000,6.000000,0.000000,0.000000,-0.000000,-0.000000
4.2600,6,6,7.000000,7.000000,0.000000,0.000000,-0.000000,-0.000000
4.2600,6,7,7.000000,8.000000,0.000000,0.000000,-0.000000,-0.000000
4.2600,7,0,8.000000,1.000000,0.000000,0.000000,-0.000000,-0.000000
4.2600,7,1,8.000000,2.000000,0.000000,0.000000,-0.000000,-0.000000
4.2600,7,2,8.000000,3.000000,0.000000,0.000000,-0.000000,-0.000000
4.2600,7,3,8.000000,4.000000,0.000000,0.000000,-0.000000,-0.000000
4.2600,7,4,8.004025,5.000000,0.001785,0.000000,-0.000018,-0.000000
4.2600,7,5,8.000000,6.000000,0.000000,0.000000,-0.000000,-0.000000
4.2600,7,6,8.000000,7.000000,0.000000,0.000000,-0.000000,-0.000000
4.2600,7,7,8.000000,8.000000,0.000000,0.000000,-0.000000,-0.000000
4.3100,0,0,1.000000,1.000000,0.000000,0.000000,-0.000000,-0.000000
4.3100,0,1,1.000000,2.000000,0.000000,0.000000,-0.000000,-0.000000
4.3100,0,2,1.000000,3.000000,0.000000,0.000000,-0.000000,-0.000000
4.3100,0,3,1.000000,4.000000,0.000000,0.000000,-0.000000,-0.000000
4.3100,0,4,1.000709,5.000000,0.000521,0.000000,0.000179,-0.000000
4.3100,0,5,1.000000,6.000000,0.000000,0.000000,-0.000000,-0.000000
4.3100,0,6,1.000000,7.000000,0.000000,0.000000,-0.000000,-0.000000
4.3100,0,7,1.000000,8.000000,0.000000,0.000000,-0.000000,-0.000000
4.3100,1,0,2.000000,1.000000,0.000000,0.000000,-0.000000,-0.000000
4.3100,1,1,2.000000,2.000000,0.000000,0.000000,-0.000000,-0.000000
4.3100,1,2,2.000000,3.000000,0.000000,0.000000,-0.000000,-0.000000
4.3100,1,3,2.000000,4.000000,0.000000,0.000000,-0.000000,-0.000000
4.3100,1,4,2.004203,5.000000,0.001879,0.000000,0.000035,-0.000000
4.3100,1,5,2.000000,6.000000,0.000000,0.000000,-0.000000,-0.000000
4.3100,1,6,2.000000,7.000000,0.000000,0.000000,-0.000000,-0.000000
4.3100,1,7,2.000000,8.000000,0.000000,0.000000,-0.000000,-0.000000
4.3100,2,0,3.000000,1.000000,0.000000,0.000000,-0.000000,-0.000000
4.3100,2,1,3.000000,2.000000,0.000000,0.000000,-0.000000,-0.000000
4.3100,2,2,3.000000,3.000000,0.000000,0.000000,-0.000000,-0.000000
4.3100,2,3,3.000000,4.000000,0.000000,0.000000,-0.000000,-0.000000
4.3100,2,4,3.017125,5.000000,0.003183,0.000000,-0.001161,-0.000000
4.3100,2,5,3.000000,6.000000,0.000000,0.000000,-0.000000,-0.000000
4.3100,2,6,3.000000,7.000000,0.000000,0.000000,-0.000000,-0.000000
4.3100,2,7,3.000000,8.000000,0.000000,0.000000,-0.000000,-0.000000
4.3100,3,0,4.000000,1.000000,0.000000,0.000000,-0.000000,-0.000000
4.3100,3,1,4.000000,2.000000,0.000000,0.000000,-0.000000,-0.000000
4.3100,3,2,4.000000,3.000000,0.000000,0.000000,-0.000000,-0.000000
4.3100,3,3,4.000000,4.000000,0.000000,0.000000,-0.000000,-0.000000
4.3100,3,4,4.044802,5.000000,-0.001077,0.000000,-0.000997,-0.000000
4.3100,3,5,4.000000,6.000000,0.000000,0.000000,-0.000000,-0.000000
4.3100,3,6,4.000000,7.000000,0.000000,0.000000,-0.000000,-0.000000
4.3100,3,7,4.000000,8.000000,0.000000,0.000000,-0.000000,-0.000000
4.3100,4,0,5.000000,1.000354,0.000000,0.000261,-0.000000,0.000089
4.3100,4,1,5.000000,2.002101,0.000000,0.000939,-0.000000,0.000018
4.3100,4,2,5.000000,3.008562,0.000000,0.001591,-0.000000,-0.000581
4.3100,4,3,5.000000,4.022401,0.000000,-0.000539,-0.000000,-0.000499
4.3100,4,4,5.066107,5.033053,-0.009257,-0.004628,0.003695,0.001847
4.3100,4,5,5.000000,6.022401,0.000000,-0.000539,-0.000000,-0.000499
4.3100,4,6,5.000000,7.008558,0.000000,0.001585,-0.000000,-0.000587
4.3100,4,7,5.000000,8.002057,0.000000,0.000892,-0.000000,-0.000015
4.3100,5,0,6.000000,1.000000,0.000000,0.000000,-0.000000,-0.000000
4.3100,5,1,6.000000,2.000000,0.000000,0.000000,-0.000000,-0.000000
4.3100,5,2,6.000000,3.000000,0.000000,0.000000,-0.000000,-0.000000
4.3100,5,3,6.000000,4.000000,0.000000,0.000000,-0.000000,-0.000000
4.3100,5,4,6.044801,5.000000,-0.001078,0.000000,-0.000999,-0.000000
4.3100,5,5,6.000000,6.000000,0.000000,0.000000,-0.000000,-0.000000
4.3100,5,6,6.000000,7.000000,0.000000,0.000000,-0.000000,-0.000000
4.3100,5,7,6.000000,8.000000,0.000000,0.000000,-0.000000,-0.000000
4.3100,6,0,7.000000,1.000000,0.000000,0.000000,-0.000000,-0.000000
4.3100,6,1,7.000000,2.000000,0.000000,0.000000,-0.000000,-0.000000
4.3100,6,2,7.000000,3.000000,0.000000,0.000000,-0.000000,-0.000000
4.3100,6,3,7.000000,4.000000,0.000000,0.000000,-0.000000,-0.000000
4.3100,6,4,7.017116,5.000000,0.003171,0.000000,-0.001174,-0.000000
4.3100,6,5,7.000000,6.000000,0.000000,0.000000,-0.000000,-0.000000
4.3100,6,6,7.000000,7.000000,0.000000,0.000000,-0.000000,-0.000000
4.3100,6,7,7.000000,8.000000,0.000000,0.000000,-0.000000,-0.000000
4.3100,7,0,8.000000,1.000000,0.000000,0.000000,-0.000000,-0.000000
4.3100,7,1,8.000000,2.000000,0.000000,0.000000,-0.000000,-0.000000
4.3100,7,2,8.000000,3.000000,0.000000,0.000000,-0.000000,-0.000000
4.3100,7,3,8.000000,4.000000,0.000000,0.000000,-0.000000,-0.000000
4.3100,7,4,8.004114,5.000000,0.001784,0.000000,-0.000030,-0.000000
4.3100,7,5,8.000000,6.000000,0.000000,0.000000,-0.000000,-0.000000
4.3100,7,6,8.000000,7.000000,0.000000,0.000000,-0.000000,-0.000000
4.3100,7,7,8.000000,8.000000,0.000000,0.000000,-0.000000,-0.000000
4.3600,0,0,1.000000,1.000000,0.000000,0.000000,-0.000000,-0.000000
4.3600,0,1,1.000000,2.000000,0.000000,0.000000,-0.000000,-0.000000
4.3600,0,2,1.000000,3.000000,0.000000,0.000000,-0.000000,-0.000000
4.3600,0,3,1.000000,4.000000,0.000000,0.000000,-0.000000,-0.000000
4.3600,0,4,1.000735,5.000000,0.000530,0.000000,0.000176,-0.000000
4.3600,0,5,1.000000,6.000000,0.000000,0.000000,-0.000000,-0.000000
4.3600,0,6,1.000000,7.000000,0.000000,0.000000,-0.000000,-0.000000
4.3600,0,7,1.000000,8.000000,0.000000,0.000000,-0.000000,-0.000000
4.3600,1,0,2.000000,1.000000,0.000000,0.000000,-0.000000,-0.000000
4.3600,1,1,2.000000,2.000000,0.000000,0.000000,-0.000000,-0.000000
4.3600,1,2,2.000000,3.000000,0.000000,0.000000,-0.000000,-0.000000
4.3600,1,3,2.000000,4.000000,0.000000,0.000000,-0.000000,-0.000000
4.3600,1,4,2.004297,5.000000,0.001880,0.000000,0.000024,-0.000000
4.3600,1,5,2.000000,6.000000,0.000000,0.000000,-0.000000,-0.000000
4.3600,1,6,2.000000,7.000000,0.000000,0.000000,-0.000000,-0.000000
4.3600,1,7,2.000000,8.000000,0.000000,0.000000,-0.000000,-0.000000
4.3600,2,0,3.000000,1.000000,0.000000,0.000000,-0.000000,-0.000000
4.3600,2,1,3.000000,2.000000,0.000000,0.000000,-0.000000,-0.000000
4.3600,2,2,3.000000,3.000000,0.000000,0.000000,-0.000000,-0.000000
4.3600,2,3,3.000000,4.000000,0.000000,0.000000,-0.000000,-0.000000
4.3600,2,4,3.017282,5.000000,0.003125,0.000000,-0.001149,-0.000000
4.3600,2,5,3.000000,6.000000,0.000000,0.000000,-0.000000,-0.000000
4.3600,2,6,3.000000,7.000000,0.000000,0.000000,-0.000000,-0.000000
4.3600,2,7,3.000000,8.000000,0.000000,0.000000,-0.000000,-0.000000
4.3600,3,0,4.000000,1.000000,0.000000,0.000000,-0.000000,-0.000000
4.3600,3,1,4.000000,2.000000,0.000000,0.000000,-0.000000,-0.000000
4.3600,3,2,4.000000,3.000000,0.000000,0.000000,-0.000000,-0.000000
4.3600,3,3,4.000000,4.000000,0.000000,0.000000,-0.000000,-0.000000
4.3600,3,4,4.044746,5.000000,-0.001126,0.000000,-0.000944,-0.000000
4.3600,3,5,4.000000,6.000000,0.000000,0.000000,-0.000000,-0.000000
4.3600,3,6,4.000000,7.000000,0.000000,0.000000,-0.000000,-0.000000
4.3600,3,7,4.000000,8.000000,0.000000,0.000000,-0.000000,-0.000000
4.3600,4,0,5.000000,1.000368,0.000000,0.000265,-0.000000,0.000088
4.3600,4,1,5.000000,2.002148,0.000000,0.000940,-0.000000,0.000012
4.3600,4,2,5.000000,3.008641,0.000000,0.001563,-0.000000,-0.000574
4.3600,4,3,5.000000,4.022373,0.000000,-0.000563,-0.000000,-0.000472
4.3600,4,4,5.065650,5.032825,-0.009075,-0.004537,0.003588,0.001794
4.3600,4,5,5.000000,6.022373,0.000000,-0.000563,-0.000000,-0.000473
4.3600,4,6,5.000000,7.008636,0.000000,0.001556,-0.000000,-0.000581
4.3600,4,7,5.000000,8.002101,0.000000,0.000891,-0.000000,-0.000021
4.3600,5,0,6.000000,1.000000,0.000000,0.000000,-0.000000,-0.000000
4.3600,5,1,6.000000,2.000000,0.000000,0.000000,-0.000000,-0.000000
4.3600,5,2,6.000000,3.000000,0.000000,0.000000,-0.000000,-0.000000
4.3600,5,3,6.000000,4.000000,0.000000,0.000000,-0.000000,-0.000000
4.3600,5,4,6.044746,5.000000,-0.001127,0.000000,-0.000945,-0.000000
4.3600,5,5,6.000000,6.000000,0.000000,0.000000,-0.000000,-0.000000
4.3600,5,6,6.000000,7.000000,0.000000,0.000000,-0.000000,-0.000000
4.3600,5,7,6.000000,8.000000,0.000000,0.000000,-0.000000,-0.000000
4.3600,6,0,7.000000,1.000000,0.000000,0.000000,-0.000000,-0.000000
4.3600,6,1,7.000000,2.000000,0.000000,0.000000,-0.000000,-0.000000
4.3600,6,2,7.000000,3.000000,0.000000,0.000000,-0.000000,-0.000000
4.3600,6,3,7.000000,4.000000,0.000000,0.000000,-0.000000,-0.000000
4.3600,6,4,7.017273,5.000000,0.003112,0.000000,-0.001162,-0.000000
4.3600,6,5,7.000000,6.000000,0.000000,0.000000,-0.000000,-0.000000
4.3600,6,6,7.000000,7.000000,0.000000,0.000000,-0.000000,-0.000000
4.3600,6,7,7.000000,8.000000,0.000000,0.000000,-0.000000,-0.000000
4.3600,7,0,8.000000,1.000000,0.000000,0.000000,-0.000000,-0.000000
4.3600,7,1,8.000000,2.000000,0.000000,0.000000,-0.000000,-0.000000
4.3600,7,2,8.000000,3.000000,0.000000,0.000000,-0.000000,-0.000000
4.3600,7,3,8.000000,4.000000,0.000000,0.000000,-0.000000,-0.000000
4.3600,7,4,8.004203,5.000000,0.001782,0.000000,-0.000043,-0.000000
4.3600,7,5,8.000000,6.000000,0.000000,0.000000,-0.000000,-0.000000
4.3600,7,6,8.000000,7.000000,0.000000,0.000000,-0.000000,-0.000000
4.3600,7,7,8.000000,8.000000,0.000000,0.000000,-0.000000,-0.000000
4.4100,0,0,1.000000,1.000000,0.000000,0.000000,-0.000000,-0.000000
4.4100,0,1,1.000000,2.000000,0.000000,0.000000,-0.000000,-0.000000
4.4100,0,2,1.000000,3.000000,0.000000,0.000000,-0.000000,-0.000000
4.4100,0,3,1.000000,4.000000,0.000000,0.000000,-0.000000,-0.000000
4.4100,0,4,1.000762,5.000000,0.000539,0.000000,0.000173,-0.000000
4.4100,0,5,1.000000,6.000000,0.000000,0.000000,-0.000000,-0.000000
4.4100,0,6,1.000000,7.000000,0.000000,0.000000,-0.000000,-0.000000
4.4100,0,7,1.000000,8.000000,0.000000,0.000000,-0.000000,-0.000000
4.4100,1,0,2.000000,1.000000,0.000000,0.000000,-0.000000,-0.000000
4.4100,1,1,2.000000,2.000000,0.000000,0.000000,-0.000000,-0.000000
4.4100,1,2,2.000000,3.000000,0.000000,0.000000,-0.000000,-0.000000
4.4100,1,3,2.000000,4.000000,0.000000,0.000000,-0.000000,-0.000000
4.4100,1,4,2.004391,5.000000,0.001881,0.000000,0.000012,-0.000000
4.4100,1,5,2.000000,6.000000,0.000000,0.000000,-0.000000,-0.000000
4.4100,1,6,2.000000,7.000000,0.000000,0.000000,-0.000000,-0.000000
4.4100,1,7,2.000000,8.000000,0.000000,0.000000,-0.000000,-0.000000
4.4100,2,0,3.000000,1.000000,0.000000,0.000000,-0.000000,-0.000000
4.4100,2,1,3.000000,2.000000,0.000000,0.000000,-0.000000,-0.000000
4.4100,2,2,3.000000,3.000000,0.000000,0.000000,-0.000000,-0.000000
4.4100,2,3,3.000000,4.000000,0.000000,0.000000,-0.000000,-0.000000
4.4100,2,4,3.017436,5.000000,0.003068,0.000000,-0.001136,-0.000000
4.4100,2,5,3.000000,6.000000,0.000000,0.000000,-0.000000,-0.000000
4.4100,2,6,3.000000,7.000000,0.000000,0.000000,-0.000000,-0.000000
4.4100,2,7,3.000000,8.000000,0.000000,0.000000,-0.000000,-0.000000
4.4100,3,0,4.000000,1.000000,0.000000,0.000000,-0.000000,-0.000000
4.4100,3,1,4.000000,2.000000,0.000000,0.000000,-0.000000,-0.000000
4.4100,3,2,4.000000,3.000000,0.000000,0.000000,-0.000000,-0.000000
4.4100,3,3,4.000000,4.000000,0.000000,0.000000,-0.000000,-0.000000
4.4100,3,4,4.044689,5.000000,-0.001172,0.000000,-0.000892,-0.000000
4.4100,3,5,4.000000,6.000000,0.000000,0.000000,-0.000000,-0.000000
4.4100,3,6,4.000000,7.000000,0.000000,0.000000,-0.000000,-0.000000
4.4100,3,7,4.000000,8.000000,0.000000,0.000000,-0.000000,-0.000000
4.4100,4,0,5.000000,1.000381,0.000000,0.000269,-0.000000,0.000086
4.4100,4,1,5.000000,2.002196,0.000000,0.000941,-0.000000,0.000006
4.4100,4,2,5.000000,3.008718,0.000000,0.001534,-0.000000,-0.000568
4.4100,4,3,5.000000,4.022344,0.000000,-0.000586,-0.000000,-0.000446
4.4100,4,4,5.065201,5.032601,-0.008898,-0.004449,0.003484,0.001742
4.4100,4,5,5.000000,6.022344,0.000000,-0.000586,-0.000000,-0.000447
4.4100,4,6,5.000000,7.008713,0.000000,0.001527,-0.000000,-0.000575
4.4100,4,7,5.000000,8.002146,0.000000,0.000890,-0.000000,-0.000027
4.4100,5,0,6.000000,1.000000,0.000000,0.000000,-0.000000,-0.000000
4.4100,5,1,6.000000,2.000000,0.000000,0.000000,-0.000000,-0.000000
4.4100,5,2,6.000000,3.000000,0.000000,0.000000,-0.000000,-0.000000
4.4100,5,3,6.000000,4.000000,0.000000,0.000000,-0.000000,-0.000000
4.4100,5,4,6.044688,5.000000,-0.001173,0.000000,-0.000894,-0.000000
4.4100,5,5,6.000000,6.000000,0.000000,0.000000,-0.000000,-0.000000
4.4100,5,6,6.000000,7.000000,0.000000,0.000000,-0.000000,-0.000000
4.4100,5,7,6.000000,8.000000,0.000000,0.000000,-0.000000,-0.000000
4.4100,6,0,7.000000,1.000000,0.000000,0.000000,-0.000000,-0.000000
4.4100,6,1,7.000000,2.000000,0.000000,0.000000,-0.000000,-0.000000
4.4100,6,2,7.000000,3.000000,0.000000,0.000000,-0.000000,-0.000000
4.4100,6,3,7.000000,4.000000,0.000000,0.000000,-0.000000,-0.000000
4.4100,6,4,7.017427,5.000000,0.003055,0.000000,-0.001149,-0.000000
4.4100,6,5,7.000000,6.000000,0.000000,0.000000,-0.000000,-0.000000
4.4100,6,6,7.000000,7.000000,0.000000,0.000000,-0.000000,-0.000000
4.4100,6,7,7.000000,8.000000,0.000000,0.000000,-0.000000,-0.000000
4.4100,7,0,8.000000,1.000000,0.000000,0.000000,-0.000000,-0.000000
4.4100,7,1,8.000000,2.000000,0.000000,0.000000,-0.000000,-0.000000
4.4100,7,2,8.000000,3.000000,0.000000,0.000000,-0.000000,-0.000000
4.4100,7,3,8.000000,4.000000,0.000000,0.000000,-0.000000,-0.000000
4.4100,7,4,8.004292,5.000000,0.001780,0.000000,-0.000055,-0.000000
4.4100,7,5,8.000000,6.000000,0.000000,0.000000,-0.000000,-0.000000
4.4100,7,6,8.000000,7.000000,0.000000,0.000000,-0.000000,-0.000000
4.4100,7,7,8.000000,8.000000,0.000000,0.000000,-0.000000,-0.000000
4.4600,0,0,1.000000,1.000000,0.000000,0.000000,-0.000000,-0.000000
4.4600,0,1,1.000000,2.000000,0.000000,0.000000,-0.000000,-0.000000
4.4600,0,2,1.000000,3.000000,0.000000,0.000000,-0.000000,-0.000000
4.4600,0,3,1.000000,4.000000,0.000000,0.000000,-0.000000,-0.000000
4.4600,0,4,1.000789,5.000000,0.000548,0.000000,0.000169,-0.000000
4.4600,0,5,1.000000,6.000000,0.000000,0.000000,-0.000000,-0.000000
4.4600,0,6,1.000000,7.000000,0.000000,0.000000,-0.000000,-0.000000
4.4600,0,7,1.000000,8.000000,0.000000,0.000000,-0.000000,-0.000000
4.4600,1,0,2.000000,1.000000,0.000000,0.000000,-0.000000,-0.000000
4.4600,1,1,2.000000,2.000000,0.000000,0.000000,-0.000000,-0.000000
4.4600,1,2,2.000000,3.000000,0.000000,0.000000,-0.000000,-0.000000
4.4600,1,3,2.000000,4.000000,0.000000,0.000000,-0.000000,-0.000000
4.4600,1,4,2.004485,5.000000,0.001882,0.000000,0.000001,-0.000000
4.4600,1,5,2.000000,6.000000,0.000000,0.000000,-0.000000,-0.000000
4.4600,1,6,2.000000,7.000000,0.000000,0.000000,-0.000000,-0.000000
4.4600,1,7,2.000000,8.000000,0.000000,0.000000,-0.000000,-0.000000
4.4600,2,0,3.000000,1.000000,0.000000,0.000000,-0.000000,-0.000000
4.4600,2,1,3.000000,2.000000,0.000000,0.000000,-0.000000,-0.000000
4.4600,2,2,3.000000,3.000000,0.000000,0.000000,-0.000000,-0.000000
4.4600,2,3,3.000000,4.000000,0.000000,0.000000,-0.000000,-0.000000
4.4600,2,4,3.017588,5.000000,0.003012,0.000000,-0.001123,-0.000000
4.4600,2,5,3.000000,6.000000,0.000000,0.000000,-0.000000,-0.000000
4.4600,2,6,3.000000,7.000000,0.000000,0.000000,-0.000000,-0.000000
4.4600,2,7,3.000000,8.000000,0.000000,0.000000,-0.000000,-0.000000
4.4600,3,0,4.000000,1.000000,0.000000,0.000000,-0.000000,-0.000000
4.4600,3,1,4.000000,2.000000,0.000000,0.000000,-0.000000,-0.000000
4.4600,3,2,4.000000,3.000000,0.000000,0.000000,-0.000000,-0.000000
4.4600,3,3,4.000000,4.000000,0.000000,0.000000,-0.000000,-0.000000
4.4600,3,4,4.044629,5.000000,-0.001215,0.000000,-0.000843,-0.000000
4.4600,3,5,4.000000,6.000000,0.000000,0.000000,-0.000000,-0.000000
4.4600,3,6,4.000000,7.000000,0.000000,0.000000,-0.000000,-0.000000
4.4600,3,7,4.000000,8.000000,0.000000,0.000000,-0.000000,-0.000000
4.4600,4,0,5.000000,1.000395,0.000000,0.000274,-0.000000,0.000085
4.4600,4,1,5.000000,2.002243,0.000000,0.000941,-0.000000,0.000001
4.4600,4,2,5.000000,3.008794,0.000000,0.001506,-0.000000,-0.000561
4.4600,4,3,5.000000,4.022314,0.000000,-0.000607,-0.000000,-0.000422
4.4600,4,4,5.064761,5.032381,-0.008726,-0.004363,0.003385,0.001692
4.4600,4,5,5.000000,6.022314,0.000000,-0.000608,-0.000000,-0.000422
4.4600,4,6,5.000000,7.008789,0.000000,0.001499,-0.000000,-0.000568
4.4600,4,7,5.000000,8.002190,0.000000,0.000888,-0.000000,-0.000033
4.4600,5,0,6.000000,1.000000,0.000000,0.000000,-0.000000,-0.000000
4.4600,5,1,6.000000,2.000000,0.000000,0.000000,-0.000000,-0.000000
4.4600,5,2,6.000000,3.000000,0.000000,0.000000,-0.000000,-0.000000
4.4600,5,3,6.000000,4.000000,0.000000,0.000000,-0.000000,-0.000000
4.4600,5,4,6.044628,5.000000,-0.001216,0.000000,-0.000845,-0.000000
4.4600,5,5,6.000000,6.000000,0.000000,0.000000,-0.000000,-0.000000
4.4600,5,6,6.000000,7.000000,0.000000,0.000000,-0.000000,-0.000000
4.4600,5,7,6.000000,8.000000,0.000000,0.000000,-0.000000,-0.000000
4.4600,6,0,7.000000,1.000000,0.000000,0.000000,-0.000000,-0.000000
4.4600,6,1,7.000000,2.000000,0.000000,0.000000,-0.000000,-0.000000
4.4600,6,2,7.000000,3.000000,0.000000,0.000000,-0.000000,-0.000000
4.4600,6,3,7.000000,4.000000,0.000000,0.000000,-0.000000,-0.000000
4.4600,6,4,7.017578,5.000000,0.002998,0.000000,-0.001137,-0.000000
4.4600,6,5,7.000000,6.000000,0.000000,0.000000,-0.000000,-0.000000
4.4600,6,6,7.000000,7.000000,0.000000,0.000000,-0.000000,-0.000000
4.4600,6,7,7.000000,8.000000,0.000000,0.000000,-0.000000,-0.000000
4.4600,7,0,8.000000,1.000000,0.000000,0.000000,-0.000000,-0.000000
4.4600,7,1,8.000000,2.000000,0.000000,0.000000,-0.000000,-0.000000
4.4600,7,2,8.000000,3.000000,0.000000,0.000000,-0.000000,-0.000000
4.4600,7,3,8.000000,4.000000,0.000000,0.000000,-0.000000,-0.000000
4.4600,7,4,8.004381,5.000000,0.001777,0.000000,-0.000067,-0.000000
4.4600,7,5,8.000000,6.000000,0.000000,0.000000,-0.000000,-0.000000
4.4600,7,6,8.000000,7.000000,0.000000,0.000000,-0.000000,-0.000000
4.4600,7,7,8.000000,8.000000,0.000000,0.000000,-0.000000,-0.000000
4.5100,0,0,1.000000,1.000000,0.000000,0.000000,-0.000000,-0.000000
4.5100,0,1,1.000000,2.000000,0.000000,0.000000,-0.000000,-0.000000
4.5100,0,2,1.000000,3.000000,0.000000,0.000000,-0.000000,-0.000000
4.5100,0,3,1.000000,4.000000,0.000000,0.000000,-0.000000,-0.000000
4.5100,0,4,1.000817,5.000000,0.000556,0.000000,0.000166,-0.000000
4.5100,0,5,1.000000,6.000000,0.000000,0.000000,-0.000000,-0.000000
4.5100,0,6,1.000000,7.000000,0.000000,0.000000,-0.000000,-0.000000
4.5100,0,7,1.000000,8.000000,0.000000,0.000000,-0.000000,-0.000000
4.5100,1,0,2.000000,1.000000,0.000000,0.000000,-0.000000,-0.000000
4.5100,1,1,2.000000,2.000000,0.000000,0.000000,-0.000000,-0.000000
4.5100,1,2,2.000000,3.000000,0.000000,0.000000,-0.000000,-0.000000
4.5100,1,3,2.000000,4.000000,0.000000,0.000000,-0.000000,-0.000000
4.5100,1,4,2.004579,5.000000,0.001881,0.000000,-0.000009,-0.000000
4.5100,1,5,2.000000,6.000000,0.000000,0.000000,-0.000000,-0.000000
4.5100,1,6,2.000000,7.000000,0.000000,0.000000,-0.000000,-0.000000
4.5100,1,7,2.000000,8.000000,0.000000,0.000000,-0.000000,-0.000000
4.5100,2,0,3.000000,1.000000,0.000000,0.000000,-0.000000,-0.000000
4.5100,2,1,3.000000,2.000000,0.000000,0.000000,-0.000000,-0.000000
4.5100,2,2,3.000000,3.000000,0.000000,0.000000,-0.000000,-0.000000
4.5100,2,3,3.000000,4.000000,0.000000,0.000000,-0.000000,-0.000000
4.5100,2,4,3.017737,5.000000,0.002956,0.000000,-0.001109,-0.000000
4.5100,2,5,3.000000,6.000000,0.000000,0.000000,-0.000000,-0.000000
4.5100,2,6,3.000000,7.000000,0.000000,0.000000,-0.000000,-0.000000
4.5100,2,7,3.000000,8.000000,0.000000,0.000000,-0.000000,-0.000000
4.5100,3,0,4.000000,1.000000,0.000000,0.000000,-0.000000,-0.000000
4.5100,3,1,4.000000,2.000000,0.000000,0.000000,-0.000000,-0.000000
4.5100,3,2,4.000000,3.000000,0.000000,0.000000,-0.000000,-0.000000
4.5100,3,3,4.000000,4.000000,0.000000,0.000000,-0.000000,-0.000000
4.5100,3,4,4.044567,5.000000,-0.001256,0.000000,-0.000796,-0.000000
4.5100,3,5,4.000000,6.000000,0.000000,0.000000,-0.000000,-0.000000
4.5100,3,6,4.000000,7.000000,0.000000,0.000000,-0.000000,-0.000000
4.5100,3,7,4.000000,8.000000,0.000000,0.000000,-0.000000,-0.000000
4.5100,4,0,5.000000,1.000408,0.000000,0.000278,-0.000000,0.000083
4.5100,4,1,5.000000,2.002290,0.000000,0.000941,-0.000000,-0.000005
4.5100,4,2,5.000000,3.008869,0.000000,0.001478,-0.000000,-0.000555
4.5100,4,3,5.000000,4.022283,0.000000,-0.000628,-0.000000,-0.000398
4.5100,4,4,5.064330,5.032165,-0.008559,-0.004280,0.003289,0.001644
4.5100,4,5,5.000000,6.022283,0.000000,-0.000629,-0.000000,-0.000399
4.5100,4,6,5.000000,7.008863,0.000000,0.001471,-0.000000,-0.000562
4.5100,4,7,5.000000,8.002235,0.000000,0.000887,-0.000000,-0.000039
4.5100,5,0,6.000000,1.000000,0.000000,0.000000,-0.000000,-0.000000
4.5100,5,1,6.000000,2.000000,0.000000,0.000000,-0.000000,-0.000000
4.5100,5,2,6.000000,3.000000,0.000000,0.000000,-0.000000,-0.000000
4.5100,5,3,6.000000,4.000000,0.000000,0.000000,-0.000000,-0.000000
4.5100,5,4,6.044566,5.000000,-0.001257,0.000000,-0.000798,-0.000000
4.5100,5,5,6.000000,6.000000,0.000000,0.000000,-0.000000,-0.000000
4.5100,5,6,6.000000,7.000000,0.000000,0.000000,-0.000000,-0.000000
4.5100,5,7,6.000000,8.000000,0.000000,0.000000,-0.000000,-0.000000
4.5100,6,0,7.000000,1.000000,0.000000,0.000000,-0.000000,-0.000000
4.5100,6,1,7.000000,2.000000,0.000000,0.000000,-0.000000,-0.000000
4.5100,6,2,7.000000,3.000000,0.000000,0.000000,-0.000000,-0.000000
4.5100,6,3,7.000000,4.000000,0.000000,0.000000,-0.000000,-0.000000
4.5100,6,4,7.017726,5.000000,0.002941,0.000000,-0.001124,-0.000000
4.5100,6,5,7.000000,6.000000,0.000000,0.000000,-0.000000,-0.000000
4.5100,6,6,7.000000,7.000000,0.000000,0.000000,-0.000000,-0.000000
4.5100,6,7,7.000000,8.000000,0.000000,0.000000,-0.000000,-0.000000
4.5100,7,0,8.000000,1.000000,0.000000,0.000000,-0.000000,-0.000000
4.5100,7,1,8.000000,2.000000,0.000000,0.000000,-0.000000,-0.000000
4.5100,7,2,8.000000,3.000000,0.000000,0.000000,-0.000000,-0.000000
4.5100,7,3,8.000000,4.000000,0.000000,0.000000,-0.000000,-0.000000
4.5100,7,4,8.004470,5.000000,0.001773,0.000000,-0.000078,-0.000000
4.5100,7,5,8.000000,6.000000,0.000000,0.000000,-0.000000,-0.000000
4.5100,7,6,8.000000,7.000000,0.000000,0.000000,-0.000000,-0.000000
4.5100,7,7,8.000000,8.000000,0.000000,0.000000,-0.000000,-0.000000
4.5600,0,0,1.000000,1.000000,0.000000,0.000000,-0.000000,-0.000000
4.5600,0,1,1.000000,2.000000,0.000000,0.000000,-0.000000,-0.000000
4.5600,0,2,1.000000,3.000000,0.000000,0.000000,-0.000000,-0.000000
4.5600,0,3,1.000000,4.000000,0.000000,0.000000,-0.000000,-0.000000
4.5600,0,4,1.000845,5.000000,0.000564,0.000000,0.000163,-0.000000
4.5600,0,5,1.000000,6.000000,0.000000,0.000000,-0.000000,-0.000000
4.5600,0,6,1.000000,7.000000,0.000000,0.000000,-0.000000,-0.000000
4.5600,0,7,1.000000,8.000000,0.000000,0.000000,-0.000000,-0.000000
4.5600,1,0,2.000000,1.000000,0.000000,0.000000,-0.000000,-0.000000
4.5600,1,1,2.000000,2.000000,0.000000,0.000000,-0.000000,-0.000000
4.5600,1,2,2.000000,3.000000,0.000000,0.000000,-0.000000,-0.000000
4.5600,1,3,2.000000,4.000000,0.000000,0.000000,-0.000000,-0.000000
4.5600,1,4,2.004673,5.000000,0.001881,0.000000,-0.000020,-0.000000
4.5600,1,5,2.000000,6.000000,0.000000,0.000000,-0.000000,-0.000000
4.5600,1,6,2.000000,7.000000,0.000000,0.000000,-0.000000,-0.000000
4.5600,1,7,2.000000,8.000000,0.000000,0.000000,-0.000000,-0.000000
4.5600,2,0,3.000000,1.000000,0.000000,0.000000,-0.000000,-0.000000
4.5600,2,1,3.000000,2.000000,0.000000,0.000000,-0.000000,-0.000000
4.5600,2,2,3.000000,3.000000,0.000000,0.000000,-0.000000,-0.000000
4.5600,2,3,3.000000,4.000000,0.000000,0.000000,-0.000000,-0.000000
4.5600,2,4,3.017883,5.000000,0.002901,0.000000,-0.001096,-0.000000
4.5600,2,5,3.000000,6.000000,0.000000,0.000000,-0.000000,-0.000000
4.5600,2,6,3.000000,7.000000,0.000000,0.000000,-0.000000,-0.000000
4.5600,2,7,3.000000,8.000000,0.000000,0.000000,-0.000000,-0.000000
4.5600,3,0,4.000000,1.000000,0.000000,0.000000,-0.000000,-0.000000
4.5600,3,1,4.000000,2.000000,0.000000,0.000000,-0.000000,-0.000000
4.5600,3,2,4.000000,3.000000,0.000000,0.000000,-0.000000,-0.000000
4.5600,3,3,4.000000,4.000000,0.000000,0.000000,-0.000000,-0.000000
4.5600,3,4,4.044503,5.000000,-0.001295,0.000000,-0.000751,-0.000000
4.5600,3,5,4.000000,6.000000,0.000000,0.000000,-0.000000,-0.000000
4.5600,3,6,4.000000,7.000000,0.000000,0.000000,-0.000000,-0.000000
4.5600,3,7,4.000000,8.000000,0.000000,0.000000,-0.000000,-0.000000
4.5600,4,0,5.000000,1.000422,0.000000,0.000282,-0.000000,0.000082
4.5600,4,1,5.000000,2.002337,0.000000,0.000940,-0.000000,-0.000010
4.5600,4,2,5.000000,3.008942,0.000000,0.001450,-0.000000,-0.000548
4.5600,4,3,5.000000,4.022251,0.000000,-0.000647,-0.000000,-0.000376
4.5600,4,4,5.063907,5.031954,-0.008397,-0.004199,0.003196,0.001598
4.5600,4,5,5.000000,6.022251,0.000000,-0.000648,-0.000000,-0.000377
4.5600,4,6,5.000000,7.008936,0.000000,0.001443,-0.000000,-0.000555
4.5600,4,7,5.000000,8.002279,0.000000,0.000885,-0.000000,-0.000044
4.5600,5,0,6.000000,1.000000,0.000000,0.000000,-0.000000,-0.000000
4.5600,5,1,6.000000,2.000000,0.000000,0.000000,-0.000000,-0.000000
4.5600,5,2,6.000000,3.000000,0.000000,0.000000,-0.000000,-0.000000
4.5600,5,3,6.000000,4.000000,0.000000,0.000000,-0.000000,-0.000000
4.5600,5,4,6.044502,5.000000,-0.001296,0.000000,-0.000754,-0.000000
4.5600,5,5,6.000000,6.000000,0.000000,0.000000,-0.000000,-0.000000
4.5600,5,6,6.000000,7.000000,0.000000,0.000000,-0.000000,-0.000000
4.5600,5,7,6.000000,8.000000,0.000000,0.000000,-0.000000,-0.000000
4.5600,6,0,7.000000,1.000000,0.000000,0.000000,-0.000000,-0.000000
4.5600,6,1,7.000000,2.000000,0.000000,0.000000,-0.000000,-0.000000
4.5600,6,2,7.000000,3.000000,0.000000,0.000000,-0.000000,-0.000000
4.5600,6,3,7.000000,4.000000,0.000000,0.000000,-0.000000,-0.000000
4.5600,6,4,7.017871,5.000000,0.002885,0.000000,-0.001111,-0.000000
4.5600,6,5,7.000000,6.000000,0.000000,0.000000,-0.000000,-0.000000
4.5600,6,6,7.000000,7.000000,0.000000,0.000000,-0.000000,-0.000000
4.5600,6,7,7.000000,8.000000,0.000000,0.000000,-0.000000,-0.000000
4.5600,7,0,8.000000,1.000000,0.000000,0.000000,-0.000000,-0.000000
4.5600,7,1,8.000000,2.000000,0.000000,0.000000,-0.000000,-0.000000
4.5600,7,2,8.000000,3.000000,0.000000,0.000000,-0.000000,-0.000000
4.5600,7,3,8.000000,4.000000,0.000000,0.000000,-0.000000,-0.000000
4.5600,7,4,8.004558,5.000000,0.001769,0.000000,-0.000089,-0.000000
4.5600,7,5,8.000000,6.000000,0.000000,0.000000,-0.000000,-0.000000
4.5600,7,6,8.000000,7.000000,0.000000,0.000000,-0.000000,-0.000000
4.5600,7,7,8.000000,8.000000,0.000000,0.000000,-0.000000,-0.000000
4.6100,0,0,1.000000,1.000000,0.000000,0.000000,-0.000000,-0.000000
4.6100,0,1,1.000000,2.000000,0.000000,0.000000,-0.000000,-0.000000
4.6100,0,2,1.000000,3.000000,0.000000,0.000000,-0.000000,-0.000000
4.6100,0,3,1.000000,4.000000,0.000000,0.000000,-0.000000,-0.000000
4.6100,0,4,1.000873,5.000000,0.000572,0.000000,0.000160,-0.000000
4.6100,0,5,1.000000,6.000000,0.000000,0.000000,-0.000000,-0.000000
4.6100,0,6,1.000000,7.000000,0.000000,0.000000,-0.000000,-0.000000
4.6100,0,7,1.000000,8.000000,0.000000,0.000000,-0.000000,-0.000000
4.6100,1,0,2.000000,1.000000,0.000000,0.000000,-0.000000,-0.000000
4.6100,1,1,2.000000,2.000000,0.000000,0.000000,-0.000000,-0.000000
4.6100,1,2,2.000000,3.000000,0.000000,0.000000,-0.000000,-0.000000
4.6100,1,3,2.000000,4.000000,0.000000,0.000000,-0.000000,-0.000000
4.6100,1,4,2.004767,5.000000,0.001879,0.000000,-0.000030,-0.000000
4.6100,1,5,2.000000,6.000000,0.000000,0.000000,-0.000000,-0.000000
4.6100,1,6,2.000000,7.000000,0.000000,0.000000,-0.000000,-0.000000
4.6100,1,7,2.000000,8.000000,0.000000,0.000000,-0.000000,-0.000000
4.6100,2,0,3.000000,1.000000,0.000000,0.000000,-0.000000,-0.000000
4.6100,2,1,3.000000,2.000000,0.000000,0.000000,-0.000000,-0.000000
4.6100,2,2,3.000000,3.000000,0.000000,0.000000,-0.000000,-0.000000
4.6100,2,3,3.000000,4.000000,0.000000,0.000000,-0.000000,-0.000000
4.6100,2,4,3.018027,5.000000,0.002846,0.000000,-0.001082,-0.000000
4.6100,2,5,3.000000,6.000000,0.000000,0.000000,-0.000000,-0.000000
4.6100,2,6,3.000000,7.000000,0.000000,0.000000,-0.000000,-0.000000
4.6100,2,7,3.000000,8.000000,0.000000,0.000000,-0.000000,-0.000000
4.6100,3,0,4.000000,1.000000,0.000000,0.000000,-0.000000,-0.000000
4.6100,3,1,4.000000,2.000000,0.000000,0.000000,-0.000000,-0.000000
4.6100,3,2,4.000000,3.000000,0.000000,0.000000,-0.000000,-0.000000
4.6100,3,3,4.000000,4.000000,0.000000,0.000000,-0.000000,-0.000000
4.6100,3,4,4.044437,5.000000,-0.001331,0.000000,-0.000709,-0.000000
4.6100,3,5,4.000000,6.000000,0.000000,0.000000,-0.000000,-0.000000
4.6100,3,6,4.000000,7.000000,0.000000,0.000000,-0.000000,-0.000000
4.6100,3,7,4.000000,8.000000,0.000000,0.000000,-0.000000,-0.000000
4.6100,4,0,5.000000,1.000437,0.000000,0.000286,-0.000000,0.000080
4.6100,4,1,5.000000,2.002384,0.000000,0.000940,-0.000000,-0.000015
4.6100,4,2,5.000000,3.009013,0.000000,0.001423,-0.000000,-0.000541
4.6100,4,3,5.000000,4.022219,0.000000,-0.000666,-0.000000,-0.000354
4.6100,4,4,5.063492,5.031746,-0.008240,-0.004120,0.003106,0.001553
4.6100,4,5,5.000000,6.022218,0.000000,-0.000666,-0.000000,-0.000355
4.6100,4,6,5.000000,7.009007,0.000000,0.001415,-0.000000,-0.000549
4.6100,4,7,5.000000,8.002323,0.000000,0.000882,-0.000000,-0.000050
4.6100,5,0,6.000000,1.000000,0.000000,0.000000,-0.000000,-0.000000
4.6100,5,1,6.000000,2.000000,0.000000,0.000000,-0.000000,-0.000000
4.6100,5,2,6.000000,3.000000,0.000000,0.000000,-0.000000,-0.000000
4.6100,5,3,6.000000,4.000000,0.000000,0.000000,-0.000000,-0.000000
4.6100,5,4,6.044436,5.000000,-0.001333,0.000000,-0.000711,-0.000000
4.6100,5,5,6.000000,6.000000,0.000000,0.000000,-0.000000,-0.000000
4.6100,5,6,6.000000,7.000000,0.000000,0.000000,-0.000000,-0.000000
4.6100,5,7,6.000000,8.000000,0.000000,0.000000,-0.000000,-0.000000
4.6100,6,0,7.000000,1.000000,0.000000,0.000000,-0.000000,-0.000000
4.6100,6,1,7.000000,2.000000,0.000000,0.000000,-0.000000,-0.000000
4.6100,6,2,7.000000,3.000000,0.000000,0.000000,-0.000000,-0.000000
4.6100,6,3,7.000000,4.000000,0.000000,0.000000,-0.000000,-0.000000
4.6100,6,4,7.018014,5.000000,0.002830,0.000000,-0.001098,-0.000000
4.6100,6,5,7.000000,6.000000,0.000000,0.000000,-0.000000,-0.000000
4.6100,6,6,7.000000,7.000000,0.000000,0.000000,-0.000000,-0.000000
4.6100,6,7,7.000000,8.000000,0.000000,0.000000,-0.000000,-0.000000
4.6100,7,0,8.000000,1.000000,0.000000,0.000000,-0.000000,-0.000000
4.6100,7,1,8.000000,2.000000,0.000000,0.000000,-0.000000,-0.000000
4.6100,7,2,8.000000,3.000000,0.000000,0.000000,-0.000000,-0.000000
4.6100,7,3,8.000000,4.000000,0.000000,0.000000,-0.000000,-0.000000
4.6100,7,4,8.004647,5.000000,0.001764,0.000000,-0.000099,-0.000000
4.6100,7,5,8.000000,6.000000,0.000000,0.000000,-0.000000,-0.000000
4.6100,7,6,8.000000,7.000000,0.000000,0.000000,-0.000000,-0.000000
4.6100,7,7,8.000000,8.000000,0.000000,0.000000,-0.000000,-0.000000
4.6600,0,0,1.000000,1.000000,0.000000,0.000000,-0.000000,-0.000000
4.6600,0,1,1.000000,2.000000,0.000000,0.000000,-0.000000,-0.000000
4.6600,0,2,1.000000,3.000000,0.000000,0.000000,-0.000000,-0.000000
4.6600,0,3,1.000000,4.000000,0.000000,0.000000,-0.000000,-0.000000
4.6600,0,4,1.000902,5.000000,0.000580,0.000000,0.000157,-0.000000
4.6600,0,5,1.000000,6.000000,0.000000,0.000000,-0.000000,-0.000000
4.6600,0,6,1.000000,7.000000,0.000000,0.000000,-0.000000,-0.000000
4.6600,0,7,1.000000,8.000000,0.000000,0.000000,-0.000000,-0.000000
4.6600,1,0,2.000000,1.000000,0.000000,0.000000,-0.000000,-0.000000
4.6600,1,1,2.000000,2.000000,0.000000,0.000000,-0.000000,-0.000000
4.6600,1,2,2.000000,3.000000,0.000000,0.000000,-0.000000,-0.000000
4.6600,1,3,2.000000,4.000000,0.000000,0.000000,-0.000000,-0.000000
4.6600,1,4,2.004861,5.000000,0.001878,0.000000,-0.000039,-0.000000
4.6600,1,5,2.000000,6.000000,0.000000,0.000000,-0.000000,-0.000000
4.6600,1,6,2.000000,7.000000,0.000000,0.000000,-0.000000,-0.000000
4.6600,1,7,2.000000,8.000000,0.000000,0.000000,-0.000000,-0.000000
4.6600,2,0,3.000000,1.000000,0.000000,0.000000,-0.000000,-0.000000
4.6600,2,1,3.000000,2.000000,0.000000,0.000000,-0.000000,-0.000000
4.6600,2,2,3.000000,3.000000,0.000000,0.000000,-0.000000,-0.000000
4.6600,2,3,3.000000,4.000000,0.000000,0.000000,-0.000000,-0.000000
4.6600,2,4,3.018167,5.000000,0.002792,0.000000,-0.001069,-0.000000
4.6600,2,5,3.000000,6.000000,0.000000,0.000000,-0.000000,-0.000000
4.6600,2,6,3.000000,7.000000,0.000000,0.000000,-0.000000,-0.000000
4.6600,2,7,3.000000,8.000000,0.000000,0.000000,-0.000000,-0.000000
4.6600,3,0,4.000000,1.000000,0.000000,0.000000,-0.000000,-0.000000
4.6600,3,1,4.000000,2.000000,0.000000,0.000000,-0.000000,-0.000000
4.6600,3,2,4.000000,3.000000,0.000000,0.000000,-0.000000,-0.000000
4.6600,3,3,4.000000,4.000000,0.000000,0.000000,-0.000000,-0.000000
4.6600,3,4,4.044370,5.000000,-0.001365,0.000000,-0.000668,-0.000000
4.6600,3,5,4.000000,6.000000,0.000000,0.000000,-0.000000,-0.000000
4.6600,3,6,4.000000,7.000000,0.000000,0.000000,-0.000000,-0.000000
4.6600,3,7,4.000000,8.000000,0.000000,0.000000,-0.000000,-0.000000
4.6600,4,0,5.000000,1.000451,0.000000,0.000290,-0.000000,0.000078
4.6600,4,1,5.000000,2.002431,0.000000,0.000939,-0.000000,-0.000020
4.6600,4,2,5.000000,3.009084,0.000000,0.001396,-0.000000,-0.000534
4.6600,4,3,5.000000,4.022185,0.000000,-0.000683,-0.000000,-0.000334
4.6600,4,4,5.063085,5.031542,-0.008087,-0.004043,0.003019,0.001510
4.6600,4,5,5.000000,6.022184,0.000000,-0.000684,-0.000000,-0.000335
4.6600,4,6,5.000000,7.009077,0.000000,0.001388,-0.000000,-0.000542
4.6600,4,7,5.000000,8.002367,0.000000,0.000880,-0.000000,-0.000055
4.6600,5,0,6.000000,1.000000,0.000000,0.000000,-0.000000,-0.000000
4.6600,5,1,6.000000,2.000000,0.000000,0.000000,-0.000000,-0.000000
4.6600,5,2,6.000000,3.000000,0.000000,0.000000,-0.000000,-0.000000
4.6600,5,3,6.000000,4.000000,0.000000,0.000000,-0.000000,-0.000000
4.6600,5,4,6.044368,5.000000,-0.001367,0.000000,-0.000670,-0.000000
4.6600,5,5,6.000000,6.000000,0.000000,0.000000,-0.000000,-0.000000
4.6600,5,6,6.000000,7.000000,0.000000,0.000000,-0.000000,-0.000000
4.6600,5,7,6.000000,8.000000,0.000000,0.000000,-0.000000,-0.000000
4.6600,6,0,7.000000,1.000000,0.000000,0.000000,-0.000000,-0.000000
4.6600,6,1,7.000000,2.000000,0.000000,0.000000,-0.000000,-0.000000
4.6600,6,2,7.000000,3.000000,0.000000,0.000000,-0.000000,-0.000000
4.6600,6,3,7.000000,4.000000,0.000000,0.000000,-0.000000,-0.000000
4.6600,6,4,7.018154,5.000000,0.002775,0.000000,-0.001084,-0.000000
4.6600,6,5,7.000000,6.000000,0.000000,0.000000,-0.000000,-0.000000
4.6600,6,6,7.000000,7.000000,0.000000,0.000000,-0.000000,-0.000000
4.6600,6,7,7.000000,8.000000,0.000000,0.000000,-0.000000,-0.000000
4.6600,7,0,8.000000,1.000000,0.000000,0.000000,-0.000000,-0.000000
4.6600,7,1,8.000000,2.000000,0.000000,0.000000,-0.000000,-0.000000
4.6600,7,2,8.000000,3.000000,0.000000,0.000000,-0.000000,-0.000000
4.6600,7,3,8.000000,4.000000,0.000000,0.000000,-0.000000,-0.000000
4.6600,7,4,8.004735,5.000000,0.001759,0.000000,-0.000110,-0.000000
4.6600,7,5,8.000000,6.000000,0.000000,0.000000,-0.000000,-0.000000
4.6600,7,6,8.000000,7.000000,0.000000,0.000000,-0.000000,-0.000000
4.6600,7,7,8.000000,8.000000,0.000000,0.000000,-0.000000,-0.000000
4.7100,0,0,1.000000,1.000000,0.000000,0.000000,-0.000000,-0.000000
4.7100,0,1,1.000000,2.000000,0.000000,0.000000,-0.000000,-0.000000
4.7100,0,2,1.000000,3.000000,0.000000,0.000000,-0.000000,-0.000000
4.7100,0,3,1.000000,4.000000,0.000000,0.000000,-0.000000,-0.000000
4.7100,0,4,1.000931,5.000000,0.000588,0.000000,0.000153,-0.000000
4.7100,0,5,1.000000,6.000000,0.000000,0.000000,-0.000000,-0.000000
4.7100,0,6,1.000000,7.000000,0.000000,0.000000,-0.000000,-0.000000
4.7100,0,7,1.000000,8.000000,0.000000,0.000000,-0.000000,-0.000000
4.7100,1,0,2.000000,1.000000,0.000000,0.000000,-0.000000,-0.000000
4.7100,1,1,2.000000,2.000000,0.000000,0.000000,-0.000000,-0.000000
4.7100,1,2,2.000000,3.000000,0.000000,0.000000,-0.000000,-0.000000
4.7100,1,3,2.000000,4.000000,0.000000,0.000000,-0.000000,-0.000000
4.7100,1,4,2.004955,5.000000,0.001876,0.000000,-0.000049,-0.000000
4.7100,1,5,2.000000,6.000000,0.000000,0.000000,-0.000000,-0.000000
4.7100,1,6,2.000000,7.000000,0.000000,0.000000,-0.000000,-0.000000
4.7100,1,7,2.000000,8.000000,0.000000,0.000000,-0.000000,-0.000000
4.7100,2,0,3.000000,1.000000,0.000000,0.000000,-0.000000,-0.000000
4.7100,2,1,3.000000,2.000000,0.000000,0.000000,-0.000000,-0.000000
4.7100,2,2,3.000000,3.000000,0.000000,0.000000,-0.000000,-0.000000
4.7100,2,3,3.000000,4.000000,0.000000,0.000000,-0.000000,-0.000000
4.7100,2,4,3.018305,5.000000,0.002739,0.000000,-0.001055,-0.000000
4.7100,2,5,3.000000,6.000000,0.000000,0.000000,-0.000000,-0.000000
4.7100,2,6,3.000000,7.000000,0.000000,0.000000,-0.000000,-0.000000
4.7100,2,7,3.000000,8.000000,0.000000,0.000000,-0.000000,-0.000000
4.7100,3,0,4.000000,1.000000,0.000000,0.000000,-0.000000,-0.000000
4.7100,3,1,4.000000,2.000000,0.000000,0.000000,-0.000000,-0.000000
4.7100,3,2,4.000000,3.000000,0.000000,0.000000,-0.000000,-0.000000
4.7100,3,3,4.000000,4.000000,0.000000,0.000000,-0.000000,-0.000000
4.7100,3,4,4.044300,5.000000,-0.001398,0.000000,-0.000629,-0.000000
4.7100,3,5,4.000000,6.000000,0.000000,0.000000,-0.000000,-0.000000
4.7100,3,6,4.000000,7.000000,0.000000,0.000000,-0.000000,-0.000000
4.7100,3,7,4.000000,8.000000,0.000000,0.000000,-0.000000,-0.000000
4.7100,4,0,5.000000,1.000466,0.000000,0.000294,-0.000000,0.000077
4.7100,4,1,5.000000,2.002477,0.000000,0.000938,-0.000000,-0.000024
4.7100,4,2,5.000000,3.009153,0.000000,0.001370,-0.000000,-0.000527
4.7100,4,3,5.000000,4.022150,0.000000,-0.000699,-0.000000,-0.000314
4.7100,4,4,5.062685,5.031342,-0.007938,-0.003969,0.002935,0.001468
4.7100,4,5,5.000000,6.022150,0.000000,-0.000700,-0.000000,-0.000316
4.7100,4,6,5.000000,7.009145,0.000000,0.001361,-0.000000,-0.000535
4.7100,4,7,5.000000,8.002411,0.000000,0.000877,-0.000000,-0.000060
4.7100,5,0,6.000000,1.000000,0.000000,0.000000,-0.000000,-0.000000
4.7100,5,1,6.000000,2.000000,0.000000,0.000000,-0.000000,-0.000000
4.7100,5,2,6.000000,3.000000,0.000000,0.000000,-0.000000,-0.000000
4.7100,5,3,6.000000,4.000000,0.000000,0.000000,-0.000000,-0.000000
4.7100,5,4,6.044299,5.000000,-0.001400,0.000000,-0.000631,-0.000000
4.7100,5,5,6.000000,6.000000,0.000000,0.000000,-0.000000,-0.000000
4.7100,5,6,6.000000,7.000000,0.000000,0.000000,-0.000000,-0.000000
4.7100,5,7,6.000000,8.000000,0.000000,0.000000,-0.000000,-0.000000
4.7100,6,0,7.000000,1.000000,0.000000,0.000000,-0.000000,-0.000000
4.7100,6,1,7.000000,2.000000,0.000000,0.000000,-0.000000,-0.000000
4.7100,6,2,7.000000,3.000000,0.000000,0.000000,-0.000000,-0.000000
4.7100,6,3,7.000000,4.000000,0.000000,0.000000,-0.000000,-0.000000
4.7100,6,4,7.018291,5.000000,0.002722,0.000000,-0.001071,-0.000000
4.7100,6,5,7.000000,6.000000,0.000000,0.000000,-0.000000,-0.000000
4.7100,6,6,7.000000,7.000000,0.000000,0.000000,-0.000000,-0.000000
4.7100,6,7,7.000000,8.000000,0.000000,0.000000,-0.000000,-0.000000
4.7100,7,0,8.000000,1.000000,0.000000,0.000000,-0.000000,-0.000000
4.7100,7,1,8.000000,2.000000,0.000000,0.000000,-0.000000,-0.000000
4.7100,7,2,8.000000,3.000000,0.000000,0.000000,-0.000000,-0.000000
4.7100,7,3,8.000000,4.000000,0.000000,0.000000,-0.000000,-0.000000
4.7100,7,4,8.004822,5.000000,0.001753,0.000000,-0.000119,-0.000000
4.7100,7,5,8.000000,6.000000,0.000000,0.000000,-0.000000,-0.000000
4.7100,7,6,8.000000,7.000000,0.000000,0.000000,-0.000000,-0.000000
4.7100,7,7,8.000000,8.000000,0.000000,0.000000,-0.000000,-0.000000
4.7600,0,0,1.000000,1.000000,0.000000,0.000000,-0.000000,-0.000000
4.7600,0,1,1.000000,2.000000,0.000000,0.000000,-0.000000,-0.000000
4.7600,0,2,1.000000,3.000000,0.000000,0.000000,-0.000000,-0.000000
4.7600,0,3,1.000000,4.000000,0.000000,0.000000,-0.000000,-0.000000
4.7600,0,4,1.000961,5.000000,0.000595,0.000000,0.000150,-0.000000
4.7600,0,5,1.000000,6.000000,0.000000,0.000000,-0.000000,-0.000000
4.7600,0,6,1.000000,7.000000,0.000000,0.000000,-0.000000,-0.000000
4.7600,0,7,1.000000,8.000000,0.000000,0.000000,-0.000000,-0.000000
4.7600,1,0,2.000000,1.000000,0.000000,0.000000,-0.000000,-0.000000
4.7600,1,1,2.000000,2.000000,0.000000,0.000000,-0.000000,-0.000000
4.7600,1,2,2.000000,3.000000,0.000000,0.000000,-0.000000,-0.000000
4.7600,1,3,2.000000,4.000000,0.000000,0.000000,-0.000000,-0.000000
4.7600,1,4,2.005049,5.000000,0.001873,0.000000,-0.000058,-0.000000
4.7600,1,5,2.000000,6.000000,0.000000,0.000000,-0.000000,-0.000000
4.7600,1,6,2.000000,7.000000,0.000000,0.000000,-0.000000,-0.000000
4.7600,1,7,2.000000,8.000000,0.000000,0.000000,-0.000000,-0.000000
4.7600,2,0,3.000000,1.000000,0.000000,0.000000,-0.000000,-0.000000
4.7600,2,1,3.000000,2.000000,0.000000,0.000000,-0.000000,-0.000000
4.7600,2,2,3.000000,3.000000,0.000000,0.000000,-0.000000,-0.000000
4.7600,2,3,3.000000,4.000000,0.000000,0.000000,-0.000000,-0.000000
4.7600,2,4,3.018441,5.000000,0.002687,0.000000,-0.001041,-0.000000
4.7600,2,5,3.000000,6.000000,0.000000,0.000000,-0.000000,-0.000000
4.7600,2,6,3.000000,7.000000,0.000000,0.000000,-0.000000,-0.000000
4.7600,2,7,3.000000,8.000000,0.000000,0.000000,-0.000000,-0.000000
4.7600,3,0,4.000000,1.000000,0.000000,0.000000,-0.000000,-0.000000
4.7600,3,1,4.000000,2.000000,0.000000,0.000000,-0.000000,-0.000000
4.7600,3,2,4.000000,3.000000,0.000000,0.000000,-0.000000,-0.000000
4.7600,3,3,4.000000,4.000000,0.000000,0.000000,-0.000000,-0.000000
4.7600,3,4,4.044229,5.000000,-0.001428,0.000000,-0.000591,-0.000000
4.7600,3,5,4.000000,6.000000,0.000000,0.000000,-0.000000,-0.000000
4.7600,3,6,4.000000,7.000000,0.000000,0.000000,-0.000000,-0.000000
4.7600,3,7,4.000000,8.000000,0.000000,0.000000,-0.000000,-0.000000
4.7600,4,0,5.000000,1.000481,0.000000,0.000298,-0.000000,0.000075
4.7600,4,1,5.000000,2.002524,0.000000,0.000936,-0.000000,-0.000029
4.7600,4,2,5.000000,3.009220,0.000000,0.001343,-0.000000,-0.000520
4.7600,4,3,5.000000,4.022115,0.000000,-0.000714,-0.000000,-0.000296
4.7600,4,4,5.062292,5.031146,-0.007793,-0.003897,0.002855,0.001427
4.7600,4,5,5.000000,6.022114,0.000000,-0.000715,-0.000000,-0.000297
4.7600,4,6,5.000000,7.009213,0.000000,0.001334,-0.000000,-0.000529
4.7600,4,7,5.000000,8.002455,0.000000,0.000874,-0.000000,-0.000064
4.7600,5,0,6.000000,1.000000,0.000000,0.000000,-0.000000,-0.000000
4.7600,5,1,6.000000,2.000000,0.000000,0.000000,-0.000000,-0.000000
4.7600,5,2,6.000000,3.000000,0.000000,0.000000,-0.000000,-0.000000
4.7600,5,3,6.000000,4.000000,0.000000,0.000000,-0.000000,-0.000000
4.7600,5,4,6.044228,5.000000,-0.001430,0.000000,-0.000594,-0.000000
4.7600,5,5,6.000000,6.000000,0.000000,0.000000,-0.000000,-0.000000
4.7600,5,6,6.000000,7.000000,0.000000,0.000000,-0.000000,-0.000000
4.7600,5,7,6.000000,8.000000,0.000000,0.000000,-0.000000,-0.000000
4.7600,6,0,7.000000,1.000000,0.000000,0.000000,-0.000000,-0.000000
4.7600,6,1,7.000000,2.000000,0.000000,0.000000,-0.000000,-0.000000
4.7600,6,2,7.000000,3.000000,0.000000,0.000000,-0.000000,-0.000000
4.7600,6,3,7.000000,4.000000,0.000000,0.000000,-0.000000,-0.000000
4.7600,6,4,7.018425,5.000000,0.002668,0.000000,-0.001057,-0.000000
4.7600,6,5,7.000000,6.000000,0.000000,0.000000,-0.000000,-0.000000
4.7600,6,6,7.000000,7.000000,0.000000,0.000000,-0.000000,-0.000000
4.7600,6,7,7.000000,8.000000,0.000000,0.000000,-0.000000,-0.000000
4.7600,7,0,8.000000,1.000000,0.000000,0.000000,-0.000000,-0.000000
4.7600,7,1,8.000000,2.000000,0.000000,0.000000,-0.000000,-0.000000
4.7600,7,2,8.000000,3.000000,0.000000,0.000000,-0.000000,-0.000000
4.7600,7,3,8.000000,4.000000,0.000000,0.000000,-0.000000,-0.000000
4.7600,7,4,8.004910,5.000000,0.001747,0.000000,-0.000129,-0.000000
4.7600,7,5,8.000000,6.000000,0.000000,0.000000,-0.000000,-0.000000
4.7600,7,6,8.000000,7.000000,0.000000,0.000000,-0.000000,-0.000000
4.7600,7,7,8.000000,8.000000,0.000000,0.000000,-0.000000,-0.000000
4.8100,0,0,1.000000,1.000000,0.000000,0.000000,-0.000000,-0.000000
4.8100,0,1,1.000000,2.000000,0.000000,0.000000,-0.000000,-0.000000
4.8100,0,2,1.000000,3.000000,0.000000,0.000000,-0.000000,-0.000000
4.8100,0,3,1.000000,4.000000,0.000000,0.000000,-0.000000,-0.000000
4.8100,0,4,1.000991,5.000000,0.000603,0.000000,0.000146,-0.000000
4.8100,0,5,1.000000,6.000000,0.000000,0.000000,-0.000000,-0.000000
4.8100,0,6,1.000000,7.000000,0.000000,0.000000,-0.000000,-0.000000
4.8100,0,7,1.000000,8.000000,0.000000,0.000000,-0.000000,-0.000000
4.8100,1,0,2.000000,1.000000,0.000000,0.000000,-0.000000,-0.000000
4.8100,1,1,2.000000,2.000000,0.000000,0.000000,-0.000000,-0.000000
4.8100,1,2,2.000000,3.000000,0.000000,0.000000,-0.000000,-0.000000
4.8100,1,3,2.000000,4.000000,0.000000,0.000000,-0.000000,-0.000000
4.8100,1,4,2.005142,5.000000,0.001870,0.000000,-0.000067,-0.000000
4.8100,1,5,2.000000,6.000000,0.000000,0.000000,-0.000000,-0.000000
4.8100,1,6,2.000000,7.000000,0.000000,0.000000,-0.000000,-0.000000
4.8100,1,7,2.000000,8.000000,0.000000,0.000000,-0.000000,-0.000000
4.8100,2,0,3.000000,1.000000,0.000000,0.000000,-0.000000,-0.000000
4.8100,2,1,3.000000,2.000000,0.000000,0.000000,-0.000000,-0.000000
4.8100,2,2,3.000000,3.000000,0.000000,0.000000,-0.000000,-0.000000
4.8100,2,3,3.000000,4.000000,0.000000,0.000000,-0.000000,-0.000000
4.8100,2,4,3.018574,5.000000,0.002635,0.000000,-0.001027,-0.000000
4.8100,2,5,3.000000,6.000000,0.000000,0.000000,-0.000000,-0.000000
4.8100,2,6,3.000000,7.000000,0.000000,0.000000,-0.000000,-0.000000
4.8100,2,7,3.000000,8.000000,0.000000,0.000000,-0.000000,-0.000000
4.8100,3,0,4.000000,1.000000,0.000000,0.000000,-0.000000,-0.000000
4.8100,3,1,4.000000,2.000000,0.000000,0.000000,-0.000000,-0.000000
4.8100,3,2,4.000000,3.000000,0.000000,0.000000,-0.000000,-0.000000
4.8100,3,3,4.000000,4.000000,0.000000,0.000000,-0.000000,-0.000000
4.8100,3,4,4.044157,5.000000,-0.001457,0.000000,-0.000556,-0.000000
4.8100,3,5,4.000000,6.000000,0.000000,0.000000,-0.000000,-0.000000
4.8100,3,6,4.000000,7.000000,0.000000,0.000000,-0.000000,-0.000000
4.8100,3,7,4.000000,8.000000,0.000000,0.000000,-0.000000,-0.000000
4.8100,4,0,5.000000,1.000496,0.000000,0.000301,-0.000000,0.000073
4.8100,4,1,5.000000,2.002571,0.000000,0.000935,-0.000000,-0.000033
4.8100,4,2,5.000000,3.009287,0.000000,0.001318,-0.000000,-0.000513
4.8100,4,3,5.000000,4.022079,0.000000,-0.000729,-0.000000,-0.000278
4.8100,4,4,5.061907,5.030953,-0.007652,-0.003826,0.002776,0.001388
4.8100,4,5,5.000000,6.022078,0.000000,-0.000730,-0.000000,-0.000279
4.8100,4,6,5.000000,7.009279,0.000000,0.001308,-0.000000,-0.000522
4.8100,4,7,5.000000,8.002499,0.000000,0.000870,-0.000000,-0.000069
4.8100,5,0,6.000000,1.000000,0.000000,0.000000,-0.000000,-0.000000
4.8100,5,1,6.000000,2.000000,0.000000,0.000000,-0.000000,-0.000000
4.8100,5,2,6.000000,3.000000,0.000000,0.000000,-0.000000,-0.000000
4.8100,5,3,6.000000,4.000000,0.000000,0.000000,-0.000000,-0.000000
4.8100,5,4,6.044156,5.000000,-0.001459,0.000000,-0.000558,-0.000000
4.8100,5,5,6.000000,6.000000,0.000000,0.000000,-0.000000,-0.000000
4.8100,5,6,6.000000,7.000000,0.000000,0.000000,-0.000000,-0.000000
4.8100,5,7,6.000000,8.000000,0.000000,0.000000,-0.000000,-0.000000
4.8100,6,0,7.000000,1.000000,0.000000,0.000000,-0.000000,-0.000000
4.8100,6,1,7.000000,2.000000,0.000000,0.000000,-0.000000,-0.000000
4.8100,6,2,7.000000,3.000000,0.000000,0.000000,-0.000000,-0.000000
4.8100,6,3,7.000000,4.000000,0.000000,0.000000,-0.000000,-0.000000
4.8100,6,4,7.018557,5.000000,0.002616,0.000000,-0.001043,-0.000000
4.8100,6,5,7.000000,6.000000,0.000000,0.000000,-0.000000,-0.000000
4.8100,6,6,7.000000,7.000000,0.000000,0.000000,-0.000000,-0.000000
4.8100,6,7,7.000000,8.000000,0.000000,0.000000,-0.000000,-0.000000
4.8100,7,0,8.000000,1.000000,0.000000,0.000000,-0.000000,-0.000000
4.8100,7,1,8.000000,2.000000,0.000000,0.000000,-0.000000,-0.000000
4.8100,7,2,8.000000,3.000000,0.000000,0.000000,-0.000000,-0.000000
4.8100,7,3,8.000000,4.000000,0.000000,0.000000,-0.000000,-0.000000
4.8100,7,4,8.004997,5.000000,0.001741,0.000000,-0.000138,-0.000000
4.8100,7,5,8.000000,6.000000,0.000000,0.000000,-0.000000,-0.000000
4.8100,7,6,8.000000,7.000000,0.000000,0.000000,-0.000000,-0.000000
4.8100,7,7,8.000000,8.000000,0.000000,0.000000,-0.000000,-0.000000
4.8600,0,0,1.000000,1.000000,0.000000,0.000000,-0.000000,-0.000000
4.8600,0,1,1.000000,2.000000,0.000000,0.000000,-0.000000,-0.000000
4.8600,0,2,1.000000,3.000000,0.000000,0.000000,-0.000000,-0.000000
4.8600,0,3,1.000000,4.000000,0.000000,0.000000,-0.000000,-0.000000
4.8600,0,4,1.001021,5.000000,0.000610,0.000000,0.000143,-0.000000
4.8600,0,5,1.000000,6.000000,0.000000,0.000000,-0.000000,-0.000000
4.8600,0,6,1.000000,7.000000,0.000000,0.000000,-0.000000,-0.000000
4.8600,0,7,1.000000,8.000000,0.000000,0.000000,-0.000000,-0.000000
4.8600,1,0,2.000000,1.000000,0.000000,0.000000,-0.000000,-0.000000
4.8600,1,1,2.000000,2.000000,0.000000,0.000000,-0.000000,-0.000000
4.8600,1,2,2.000000,3.000000,0.000000,0.000000,-0.000000,-0.000000
4.8600,1,3,2.000000,4.000000,0.000000,0.000000,-0.000000,-0.000000
4.8600,1,4,2.005236,5.000000,0.001866,0.000000,-0.000075,-0.000000
4.8600,1,5,2.000000,6.000000,0.000000,0.000000,-0.000000,-0.000000
4.8600,1,6,2.000000,7.000000,0.000000,0.000000,-0.000000,-0.000000
4.8600,1,7,2.000000,8.000000,0.000000,0.000000,-0.000000,-0.000000
4.8600,2,0,3.000000,1.000000,0.000000,0.000000,-0.000000,-0.000000
4.8600,2,1,3.000000,2.000000,0.000000,0.000000,-0.000000,-0.000000
4.8600,2,2,3.000000,3.000000,0.000000,0.000000,-0.000000,-0.000000
4.8600,2,3,3.000000,4.000000,0.000000,0.000000,-0.000000,-0.000000
4.8600,2,4,3.018704,5.000000,0.002584,0.000000,-0.001012,-0.000000
4.8600,2,5,3.000000,6.000000,0.000000,0.000000,-0.000000,-0.000000
4.8600,2,6,3.000000,7.000000,0.000000,0.000000,-0.000000,-0.000000
4.8600,2,7,3.000000,8.000000,0.000000,0.000000,-0.000000,-0.000000
4.8600,3,0,4.000000,1.000000,0.000000,0.000000,-0.000000,-0.000000
4.8600,3,1,4.000000,2.000000,0.000000,0.000000,-0.000000,-0.000000
4.8600,3,2,4.000000,3.000000,0.000000,0.000000,-0.000000,-0.000000
4.8600,3,3,4.000000,4.000000,0.000000,0.000000,-0.000000,-0.000000
4.8600,3,4,4.044083,5.000000,-0.001484,0.000000,-0.000522,-0.000000
4.8600,3,5,4.000000,6.000000,0.000000,0.000000,-0.000000,-0.000000
4.8600,3,6,4.000000,7.000000,0.000000,0.000000,-0.000000,-0.000000
4.8600,3,7,4.000000,8.000000,0.000000,0.000000,-0.000000,-0.000000
4.8600,4,0,5.000000,1.000511,0.000000,0.000305,-0.000000,0.000071
4.8600,4,1,5.000000,2.002618,0.000000,0.000933,-0.000000,-0.000038
4.8600,4,2,5.000000,3.009352,0.000000,0.001292,-0.000000,-0.000506
4.8600,4,3,5.000000,4.022042,0.000000,-0.000742,-0.000000,-0.000261
4.8600,4,4,5.061528,5.030764,-0.007515,-0.003758,0.002701,0.001350
4.8600,4,5,5.000000,6.022041,0.000000,-0.000743,-0.000000,-0.000262
4.8600,4,6,5.000000,7.009343,0.000000,0.001282,-0.000000,-0.000515
4.8600,4,7,5.000000,8.002542,0.000000,0.000867,-0.000000,-0.000073
4.8600,5,0,6.000000,1.000000,0.000000,0.000000,-0.000000,-0.000000
4.8600,5,1,6.000000,2.000000,0.000000,0.000000,-0.000000,-0.000000
4.8600,5,2,6.000000,3.000000,0.000000,0.000000,-0.000000,-0.000000
4.8600,5,3,6.000000,4.000000,0.000000,0.000000,-0.000000,-0.000000
4.8600,5,4,6.044082,5.000000,-0.001486,0.000000,-0.000524,-0.000000
4.8600,5,5,6.000000,6.000000,0.000000,0.000000,-0.000000,-0.000000
4.8600,5,6,6.000000,7.000000,0.000000,0.000000,-0.000000,-0.000000
4.8600,5,7,6.000000,8.000000,0.000000,0.000000,-0.000000,-0.000000
4.8600,6,0,7.000000,1.000000,0.000000,0.000000,-0.000000,-0.000000
4.8600,6,1,7.000000,2.000000,0.000000,0.000000,-0.000000,-0.000000
4.8600,6,2,7.000000,3.000000,0.000000,0.000000,-0.000000,-0.000000
4.8600,6,3,7.000000,4.000000,0.000000,0.000000,-0.000000,-0.000000
4.8600,6,4,7.018686,5.000000,0.002564,0.000000,-0.001030,-0.000000
4.8600,6,5,7.000000,6.000000,0.000000,0.000000,-0.000000,-0.000000
4.8600,6,6,7.000000,7.000000,0.000000,0.000000,-0.000000,-0.000000
4.8600,6,7,7.000000,8.000000,0.000000,0.000000,-0.000000,-0.000000
4.8600,7,0,8.000000,1.000000,0.000000,0.000000,-0.000000,-0.000000
4.8600,7,1,8.000000,2.000000,0.000000,0.000000,-0.000000,-0.000000
4.8600,7,2,8.000000,3.000000,0.000000,0.000000,-0.000000,-0.000000
4.8600,7,3,8.000000,4.000000,0.000000,0.000000,-0.000000,-0.000000
4.8600,7,4,8.005084,5.000000,0.001733,0.000000,-0.000147,-0.000000
4.8600,7,5,8.000000,6.000000,0.000000,0.000000,-0.000000,-0.000000
4.8600,7,6,8.000000,7.000000,0.000000,0.000000,-0.000000,-0.000000
4.8600,7,7,8.000000,8.000000,0.000000,0.000000,-0.000000,-0.000000
4.9100,0,0,1.000000,1.000000,0.000000,0.000000,-0.000000,-0.000000
4.9100,0,1,1.000000,2.000000,0.000000,0.000000,-0.000000,-0.000000
4.9100,0,2,1.000000,3.000000,0.000000,0.000000,-0.000000,-0.000000
4.9100,0,3,1.000000,4.000000,0.000000,0.000000,-0.000000,-0.000000
4.9100,0,4,1.001052,5.000000,0.000617,0.000000,0.000139,-0.000000
4.9100,0,5,1.000000,6.000000,0.000000,0.000000,-0.000000,-0.000000
4.9100,0,6,1.000000,7.000000,0.000000,0.000000,-0.000000,-0.000000
4.9100,0,7,1.000000,8.000000,0.000000,0.000000,-0.000000,-0.000000
4.9100,1,0,2.000000,1.000000,0.000000,0.000000,-0.000000,-0.000000
4.9100,1,1,2.000000,2.000000,0.000000,0.000000,-0.000000,-0.000000
4.9100,1,2,2.000000,3.000000,0.000000,0.000000,-0.000000,-0.000000
4.9100,1,3,2.000000,4.000000,0.000000,0.000000,-0.000000,-0.000000
4.9100,1,4,2.005329,5.000000,0.001862,0.000000,-0.000083,-0.000000
4.9100,1,5,2.000000,6.000000,0.000000,0.000000,-0.000000,-0.000000
4.9100,1,6,2.000000,7.000000,0.000000,0.000000,-0.000000,-0.000000
4.9100,1,7,2.000000,8.000000,0.000000,0.000000,-0.000000,-0.000000
4.9100,2,0,3.000000,1.000000,0.000000,0.000000,-0.000000,-0.000000
4.9100,2,1,3.000000,2.000000,0.000000,0.000000,-0.000000,-0.000000
4.9100,2,2,3.000000,3.000000,0.000000,0.000000,-0.000000,-0.000000
4.9100,2,3,3.000000,4.000000,0.000000,0.000000,-0.000000,-0.000000
4.9100,2,4,3.018831,5.000000,0.002534,0.000000,-0.000998,-0.000000
4.9100,2,5,3.000000,6.000000,0.000000,0.000000,-0.000000,-0.000000
4.9100,2,6,3.000000,7.000000,0.000000,0.000000,-0.000000,-0.000000
4.9100,2,7,3.000000,8.000000,0.000000,0.000000,-0.000000,-0.000000
4.9100,3,0,4.000000,1.000000,0.000000,0.000000,-0.000000,-0.000000
4.9100,3,1,4.000000,2.000000,0.000000,0.000000,-0.000000,-0.000000
4.9100,3,2,4.000000,3.000000,0.000000,0.000000,-0.000000,-0.000000
4.9100,3,3,4.000000,4.000000,0.000000,0.000000,-0.000000,-0.000000
4.9100,3,4,4.044009,5.000000,-0.001509,0.000000,-0.000489,-0.000000
4.9100,3,5,4.000000,6.000000,0.000000,0.000000,-0.000000,-0.000000
4.9100,3,6,4.000000,7.000000,0.000000,0.000000,-0.000000,-0.000000
4.9100,3,7,4.000000,8.000000,0.000000,0.000000,-0.000000,-0.000000
4.9100,4,0,5.000000,1.000526,0.000000,0.000309,-0.000000,0.000070
4.9100,4,1,5.000000,2.002664,0.000000,0.000931,-0.000000,-0.000042
4.9100,4,2,5.000000,3.009416,0.000000,0.001267,-0.000000,-0.000499
4.9100,4,3,5.000000,4.022004,0.000000,-0.000755,-0.000000,-0.000245
4.9100,4,4,5.061156,5.030578,-0.007382,-0.003691,0.002628,0.001314
4.9100,4,5,5.000000,6.022003,0.000000,-0.000756,-0.000000,-0.000246
4.9100,4,6,5.000000,7.009407,0.000000,0.001256,-0.000000,-0.000508
4.9100,4,7,5.000000,8.002585,0.000000,0.000863,-0.000000,-0.000078
4.9100,5,0,6.000000,1.000000,0.000000,0.000000,-0.000000,-0.000000
4.9100,5,1,6.000000,2.000000,0.000000,0.000000,-0.000000,-0.000000
4.9100,5,2,6.000000,3.000000,0.000000,0.000000,-0.000000,-0.000000
4.9100,5,3,6.000000,4.000000,0.000000,0.000000,-0.000000,-0.000000
4.9100,5,4,6.044007,5.000000,-0.001512,0.000000,-0.000492,-0.000000
4.9100,5,5,6.000000,6.000000,0.000000,0.000000,-0.000000,-0.000000
4.9100,5,6,6.000000,7.000000,0.000000,0.000000,-0.000000,-0.000000
4.9100,5,7,6.000000,8.000000,0.000000,0.000000,-0.000000,-0.000000
4.9100,6,0,7.000000,1.000000,0.000000,0.000000,-0.000000,-0.000000
4.9100,6,1,7.000000,2.000000,0.000000,0.000000,-0.000000,-0.000000
4.9100,6,2,7.000000,3.000000,0.000000,0.000000,-0.000000,-0.000000
4.9100,6,3,7.000000,4.000000,0.000000,0.000000,-0.000000,-0.000000
4.9100,6,4,7.018813,5.000000,0.002513,0.000000,-0.001016,-0.000000
4.9100,6,5,7.000000,6.000000,0.000000,0.000000,-0.000000,-0.000000
4.9100,6,6,7.000000,7.000000,0.000000,0.000000,-0.000000,-0.000000
4.9100,6,7,7.000000,8.000000,0.000000,0.000000,-0.000000,-0.000000
4.9100,7,0,8.000000,1.000000,0.000000,0.000000,-0.000000,-0.000000
4.9100,7,1,8.000000,2.000000,0.000000,0.000000,-0.000000,-0.000000
4.9100,7,2,8.000000,3.000000,0.000000,0.000000,-0.000000,-0.000000
4.9100,7,3,8.000000,4.000000,0.000000,0.000000,-0.000000,-0.000000
4.9100,7,4,8.005170,5.000000,0.001726,0.000000,-0.000155,-0.000000
4.9100,7,5,8.000000,6.000000,0.000000,0.000000,-0.000000,-0.000000
4.9100,7,6,8.000000,7.000000,0.000000,0.000000,-0.000000,-0.000000
4.9100,7,7,8.000000,8.000000,0.000000,0.000000,-0.000000,-0.000000
4.9600,0,0,1.000000,1.000000,0.000000,0.000000,-0.000000,-0.000000
4.9600,0,1,1.000000,2.000000,0.000000,0.000000,-0.000000,-0.000000
4.9600,0,2,1.000000,3.000000,0.000000,0.000000,-0.000000,-0.000000
4.9600,0,3,1.000000,4.000000,0.000000,0.000000,-0.000000,-0.000000
4.9600,0,4,1.001083,5.000000,0.000624,0.000000,0.000136,-0.000000
4.9600,0,5,1.000000,6.000000,0.000000,0.000000,-0.000000,-0.000000
4.9600,0,6,1.000000,7.000000,0.000000,0.000000,-0.000000,-0.000000
4.9600,0,7,1.000000,8.000000,0.000000,0.000000,-0.000000,-0.000000
4.9600,1,0,2.000000,1.000000,0.000000,0.000000,-0.000000,-0.000000
4.9600,1,1,2.000000,2.000000,0.000000,0.000000,-0.000000,-0.000000
4.9600,1,2,2.000000,3.000000,0.000000,0.000000,-0.000000,-0.000000
4.9600,1,3,2.000000,4.000000,0.000000,0.000000,-0.000000,-0.000000
4.9600,1,4,2.005422,5.000000,0.001858,0.000000,-0.000091,-0.000000
4.9600,1,5,2.000000,6.000000,0.000000,0.000000,-0.000000,-0.000000
4.9600,1,6,2.000000,7.000000,0.000000,0.000000,-0.000000,-0.000000
4.9600,1,7,2.000000,8.000000,0.000000,0.000000,-0.000000,-0.000000
4.9600,2,0,3.000000,1.000000,0.000000,0.000000,-0.000000,-0.000000
4.9600,2,1,3.000000,2.000000,0.000000,0.000000,-0.000000,-0.000000
4.9600,2,2,3.000000,3.000000,0.000000,0.000000,-0.000000,-0.000000
4.9600,2,3,3.000000,4.000000,0.000000,0.000000,-0.000000,-0.000000
4.9600,2,4,3.018957,5.000000,0.002484,0.000000,-0.000984,-0.000000
4.9600,2,5,3.000000,6.000000,0.000000,0.000000,-0.000000,-0.000000
4.9600,2,6,3.000000,7.000000,0.000000,0.000000,-0.000000,-0.000000
4.9600,2,7,3.000000,8.000000,0.000000,0.000000,-0.000000,-0.000000
4.9600,3,0,4.000000,1.000000,0.000000,0.000000,-0.000000,-0.000000
4.9600,3,1,4.000000,2.000000,0.000000,0.000000,-0.000000,-0.000000
4.9600,3,2,4.000000,3.000000,0.000000,0.000000,-0.000000,-0.000000
4.9600,3,3,4.000000,4.000000,0.000000,0.000000,-0.000000,-0.000000
4.9600,3,4,4.043932,5.000000,-0.001533,0.000000,-0.000458,-0.000000
4.9600,3,5,4.000000,6.000000,0.000000,0.000000,-0.000000,-0.000000
4.9600,3,6,4.000000,7.000000,0.000000,0.000000,-0.000000,-0.000000
4.9600,3,7,4.000000,8.000000,0.000000,0.000000,-0.000000,-0.000000
4.9600,4,0,5.000000,1.000542,0.000000,0.000312,-0.000000,0.000068
4.9600,4,1,5.000000,2.002711,0.000000,0.000929,-0.000000,-0.000046
4.9600,4,2,5.000000,3.009478,0.000000,0.001242,-0.000000,-0.000492
4.9600,4,3,5.000000,4.021966,0.000000,-0.000766,-0.000000,-0.000229
4.9600,4,4,5.060791,5.030396,-0.007253,-0.003626,0.002557,0.001279
4.9600,4,5,5.000000,6.021965,0.000000,-0.000768,-0.000000,-0.000231
4.9600,4,6,5.000000,7.009469,0.000000,0.001231,-0.000000,-0.000501
4.9600,4,7,5.000000,8.002628,0.000000,0.000859,-0.000000,-0.000082
4.9600,5,0,6.000000,1.000000,0.000000,0.000000,-0.000000,-0.000000
4.9600,5,1,6.000000,2.000000,0.000000,0.000000,-0.000000,-0.000000
4.9600,5,2,6.000000,3.000000,0.000000,0.000000,-0.000000,-0.000000
4.9600,5,3,6.000000,4.000000,0.000000,0.000000,-0.000000,-0.000000
4.9600,5,4,6.043931,5.000000,-0.001536,0.000000,-0.000461,-0.000000
4.9600,5,5,6.000000,6.000000,0.000000,0.000000,-0.000000,-0.000000
4.9600,5,6,6.000000,7.000000,0.000000,0.000000,-0.000000,-0.000000
4.9600,5,7,6.000000,8.000000,0.000000,0.000000,-0.000000,-0.000000
4.9600,6,0,7.000000,1.000000,0.000000,0.000000,-0.000000,-0.000000
4.9600,6,1,7.000000,2.000000,0.000000,0.000000,-0.000000,-0.000000
4.9600,6,2,7.000000,3.000000,0.000000,0.000000,-0.000000,-0.000000
4.9600,6,3,7.000000,4.000000,0.000000,0.000000,-0.000000,-0.000000
4.9600,6,4,7.018937,5.000000,0.002462,0.000000,-0.001002,-0.000000
4.9600,6,5,7.000000,6.000000,0.000000,0.000000,-0.000000,-0.000000
4.9600,6,6,7.000000,7.000000,0.000000,0.000000,-0.000000,-0.000000
4.9600,6,7,7.000000,8.000000,0.000000,0.000000,-0.000000,-0.000000
4.9600,7,0,8.000000,1.000000,0.000000,0.000000,-0.000000,-0.000000
4.9600,7,1,8.000000,2.000000,0.000000,0.000000,-0.000000,-0.000000
4.9600,7,2,8.000000,3.000000,0.000000,0.000000,-0.000000,-0.000000
4.9600,7,3,8.000000,4.000000,0.000000,0.000000,-0.000000,-0.000000
4.9600,7,4,8.005256,5.000000,0.001718,0.000000,-0.000164,-0.000000
4.9600,7,5,8.000000,6.000000,0.000000,0.000000,-0.000000,-0.000000
4.9600,7,6,8.000000,7.000000,0.000000,0.000000,-0.000000,-0.000000
4.9600,7,7,8.000000,8.000000,0.000000,0.000000,-0.000000,-0.000000
